
> my-app@0.1.0 dev
> next dev --port 3000

▲ Next.js 16.2.1 (Turbopack)
- Local:         http://localhost:3000
- Network:       http://100.112.110.90:3000
- Environments: .env.local
✓ Ready in 624ms
⚠ Warning: Next.js inferred your workspace root, but it may not be correct.
 We detected multiple lockfiles and selected the directory of C:\Users\kruil\package-lock.json as the root directory.
 To silence this warning, set `turbopack.root` in your Next.js config, or consider removing one of the lockfiles if it's not needed.
   See https://nextjs.org/docs/app/api-reference/config/next-config-js/turbopack#root-directory for more information.
 Detected additional lockfiles: 
   * C:\Users\kruil\Documents\Projects\NutriMind\my-app\package-lock.json



-----
[1m[31mFATAL[39m[0m: An unexpected Turbopack error occurred. A panic log has been written to C:\Users\kruil\AppData\Local\Temp\next-panic-4e94e03a4e29fec607b330b550e814c5.log.

To help make Turbopack better, report this error by clicking here: https://bugs.nextjs.org/search?category=turbopack-error-report&title=Turbopack%20Error%3A%20Failed%20to%20write%20app%20endpoint%20%2Fpage&body=Turbopack%20version%3A%20%603e37bb42%60%0ANext.js%20version%3A%20%600.0.0%60%0A%0AError%20message%3A%0A%60%60%60%0AFailed%20to%20write%20app%20endpoint%20%2Fpage%0A%0ACaused%20by%3A%0A-%20%5Bproject%5D%2FDocuments%2FProjects%2FNutriMind%2Fmy-app%2Fapp%2Fglobals.css%20%5Bapp-client%5D%20%28css%29%0A-%20reading%20file%20%22C%3A%5C%5CUsers%5C%5Ckruil%5C%5CDocuments%5C%5CProjects%5C%5CNutriMind%5C%5Cmy-app%5C%5Cnul%22%0A-%20Incorrect%20function.%20%28os%20error%201%29%0A%0ADebug%20info%3A%0A-%20Execution%20of%20get_written_endpoint_with_issues_operation%20failed%0A-%20Execution%20of%20endpoint_write_to_disk%20failed%0A-%20Execution%20of%20%3CAppEndpoint%20as%20Endpoint%3E%3A%3Aoutput%20failed%0A-%20Failed%20to%20write%20app%20endpoint%20%2Fpage%0A-%20Execution%20of%20%2Aall_asset_paths%20failed%0A-%20Execution%20of%20%2AAppEndpointOutput%3A%3Aoutput_assets%20failed%0A-%20Execution%20of%20AppEndpoint%3A%3Aoutput%20failed%0A-%20Execution%20of%20AppProject%3A%3Aapp_module_graphs%20failed%0A-%20Execution%20of%20%2A%3CAppEndpoint%20as%20Endpoint%3E%3A%3Aadditional_entries%20failed%0A-%20Execution%20of%20ModuleGraph%3A%3Afrom_graphs%20failed%0A-%20Execution%20of%20ModuleGraph%3A%3Acreate%20failed%0A-%20Execution%20of%20SingleModuleGraph%3A%3Anew_with_entries_visited_intern%20failed%0A-%20%5Bproject%5D%2FDocuments%2FProjects%2FNutriMind%2Fmy-app%2Fapp%2Fglobals.css%20%5Bapp-client%5D%20%28css%29%0A-%20Execution%20of%20primary_chunkable_referenced_modules%20failed%0A-%20Execution%20of%20%3CCssModule%20as%20Module%3E%3A%3Areferences%20failed%0A-%20Execution%20of%20parse_css%20failed%0A-%20Execution%20of%20%3CPostCssTransformedAsset%20as%20Asset%3E%3A%3Acontent%20failed%0A-%20Execution%20of%20PostCssTransformedAsset%3A%3Aprocess%20failed%0A-%20Execution%20of%20evaluate_webpack_loader%20failed%0A-%20Execution%20of%20%3CDiskFileSystem%20as%20FileSystem%3E%3A%3Aread%20failed%0A-%20reading%20file%20%22C%3A%5C%5CUsers%5C%5Ckruil%5C%5CDocuments%5C%5CProjects%5C%5CNutriMind%5C%5Cmy-app%5C%5Cnul%22%0A-%20Incorrect%20function.%20%28os%20error%201%29%0A%60%60%60&labels=Turbopack,Turbopack%20Panic%20Backtrace
-----

 GET / 500 in 2.6s (next.js: 2.4s, application-code: 169ms)

-----
[1m[31mFATAL[39m[0m: An unexpected Turbopack error occurred. A panic log has been written to C:\Users\kruil\AppData\Local\Temp\next-panic-4e94e03a4e29fec607b330b550e814c5.log.

To help make Turbopack better, report this error by clicking here: https://bugs.nextjs.org/search?category=turbopack-error-report&title=Turbopack%20Error%3A%20Failed%20to%20write%20app%20endpoint%20%2Fpage&body=Turbopack%20version%3A%20%603e37bb42%60%0ANext.js%20version%3A%20%600.0.0%60%0A%0AError%20message%3A%0A%60%60%60%0AFailed%20to%20write%20app%20endpoint%20%2Fpage%0A%0ACaused%20by%3A%0A-%20%5Bproject%5D%2FDocuments%2FProjects%2FNutriMind%2Fmy-app%2Fapp%2Fglobals.css%20%5Bapp-client%5D%20%28css%29%0A-%20reading%20file%20%22C%3A%5C%5CUsers%5C%5Ckruil%5C%5CDocuments%5C%5CProjects%5C%5CNutriMind%5C%5Cmy-app%5C%5Cnul%22%0A-%20Incorrect%20function.%20%28os%20error%201%29%0A%0ADebug%20info%3A%0A-%20Execution%20of%20get_written_endpoint_with_issues_operation%20failed%0A-%20Execution%20of%20endpoint_write_to_disk%20failed%0A-%20Execution%20of%20%3CAppEndpoint%20as%20Endpoint%3E%3A%3Aoutput%20failed%0A-%20Failed%20to%20write%20app%20endpoint%20%2Fpage%0A-%20Execution%20of%20%2Aall_asset_paths%20failed%0A-%20Execution%20of%20%2AAppEndpointOutput%3A%3Aoutput_assets%20failed%0A-%20Execution%20of%20AppEndpoint%3A%3Aoutput%20failed%0A-%20Execution%20of%20AppProject%3A%3Aapp_module_graphs%20failed%0A-%20Execution%20of%20%2A%3CAppEndpoint%20as%20Endpoint%3E%3A%3Aadditional_entries%20failed%0A-%20Execution%20of%20ModuleGraph%3A%3Afrom_graphs%20failed%0A-%20Execution%20of%20ModuleGraph%3A%3Acreate%20failed%0A-%20Execution%20of%20SingleModuleGraph%3A%3Anew_with_entries_visited_intern%20failed%0A-%20%5Bproject%5D%2FDocuments%2FProjects%2FNutriMind%2Fmy-app%2Fapp%2Fglobals.css%20%5Bapp-client%5D%20%28css%29%0A-%20Execution%20of%20primary_chunkable_referenced_modules%20failed%0A-%20Execution%20of%20%3CCssModule%20as%20Module%3E%3A%3Areferences%20failed%0A-%20Execution%20of%20parse_css%20failed%0A-%20Execution%20of%20%3CPostCssTransformedAsset%20as%20Asset%3E%3A%3Acontent%20failed%0A-%20Execution%20of%20PostCssTransformedAsset%3A%3Aprocess%20failed%0A-%20Execution%20of%20evaluate_webpack_loader%20failed%0A-%20Execution%20of%20%3CDiskFileSystem%20as%20FileSystem%3E%3A%3Aread%20failed%0A-%20reading%20file%20%22C%3A%5C%5CUsers%5C%5Ckruil%5C%5CDocuments%5C%5CProjects%5C%5CNutriMind%5C%5Cmy-app%5C%5Cnul%22%0A-%20Incorrect%20function.%20%28os%20error%201%29%0A%60%60%60&labels=Turbopack,Turbopack%20Panic%20Backtrace
-----

 GET / 500 in 18ms (next.js: 9ms, application-code: 9ms)
 GET / 500 in 12ms (next.js: 5ms, application-code: 7ms)
 GET / 500 in 12ms (next.js: 6ms, application-code: 6ms)
 GET / 500 in 16ms (next.js: 8ms, application-code: 7ms)

-----
[1m[31mFATAL[39m[0m: An unexpected Turbopack error occurred. A panic log has been written to C:\Users\kruil\AppData\Local\Temp\next-panic-4e94e03a4e29fec607b330b550e814c5.log.

To help make Turbopack better, report this error by clicking here: https://bugs.nextjs.org/search?category=turbopack-error-report&title=Turbopack%20Error%3A%20Failed%20to%20write%20app%20endpoint%20%2Fpage&body=Turbopack%20version%3A%20%603e37bb42%60%0ANext.js%20version%3A%20%600.0.0%60%0A%0AError%20message%3A%0A%60%60%60%0AFailed%20to%20write%20app%20endpoint%20%2Fpage%0A%0ACaused%20by%3A%0A-%20%5Bproject%5D%2FDocuments%2FProjects%2FNutriMind%2Fmy-app%2Fapp%2Fglobals.css%20%5Bapp-client%5D%20%28css%29%0A-%20reading%20file%20%22C%3A%5C%5CUsers%5C%5Ckruil%5C%5CDocuments%5C%5CProjects%5C%5CNutriMind%5C%5Cmy-app%5C%5Cnul%22%0A-%20Incorrect%20function.%20%28os%20error%201%29%0A%0ADebug%20info%3A%0A-%20Execution%20of%20get_written_endpoint_with_issues_operation%20failed%0A-%20Execution%20of%20endpoint_write_to_disk%20failed%0A-%20Execution%20of%20%3CAppEndpoint%20as%20Endpoint%3E%3A%3Aoutput%20failed%0A-%20Failed%20to%20write%20app%20endpoint%20%2Fpage%0A-%20Execution%20of%20%2Aall_asset_paths%20failed%0A-%20Execution%20of%20%2AAppEndpointOutput%3A%3Aoutput_assets%20failed%0A-%20Execution%20of%20AppEndpoint%3A%3Aoutput%20failed%0A-%20Execution%20of%20AppProject%3A%3Aapp_module_graphs%20failed%0A-%20Execution%20of%20%2A%3CAppEndpoint%20as%20Endpoint%3E%3A%3Aadditional_entries%20failed%0A-%20Execution%20of%20ModuleGraph%3A%3Afrom_graphs%20failed%0A-%20Execution%20of%20ModuleGraph%3A%3Acreate%20failed%0A-%20Execution%20of%20SingleModuleGraph%3A%3Anew_with_entries_visited_intern%20failed%0A-%20%5Bproject%5D%2FDocuments%2FProjects%2FNutriMind%2Fmy-app%2Fapp%2Fglobals.css%20%5Bapp-client%5D%20%28css%29%0A-%20Execution%20of%20primary_chunkable_referenced_modules%20failed%0A-%20Execution%20of%20%3CCssModule%20as%20Module%3E%3A%3Areferences%20failed%0A-%20Execution%20of%20parse_css%20failed%0A-%20Execution%20of%20%3CPostCssTransformedAsset%20as%20Asset%3E%3A%3Acontent%20failed%0A-%20Execution%20of%20PostCssTransformedAsset%3A%3Aprocess%20failed%0A-%20Execution%20of%20evaluate_webpack_loader%20failed%0A-%20Execution%20of%20%3CDiskFileSystem%20as%20FileSystem%3E%3A%3Aread%20failed%0A-%20reading%20file%20%22C%3A%5C%5CUsers%5C%5Ckruil%5C%5CDocuments%5C%5CProjects%5C%5CNutriMind%5C%5Cmy-app%5C%5Cnul%22%0A-%20Incorrect%20function.%20%28os%20error%201%29%0A%60%60%60&labels=Turbopack,Turbopack%20Panic%20Backtrace
-----

 GET / 500 in 20ms (next.js: 10ms, application-code: 9ms)
 GET / 200 in 1851ms (next.js: 1486ms, application-code: 365ms)
 GET / 200 in 44ms (next.js: 4ms, application-code: 40ms)
Error logging meal: Error: Clerk: clerkMiddleware() was not run, your middleware or proxy file might be misplaced. Move your middleware or proxy file to ./middleware.ts. Currently located at ./app/middleware.ts
    at async POST (app\api\meals\route.ts:8:24)
   6 | export async function POST(req: NextRequest) {
   7 |   try {
>  8 |     const { userId } = await auth();
     |                        ^
   9 |     if (!userId) {
  10 |       return NextResponse.json({ error: "Unauthorized" }, { status: 401 });
  11 |     }
 POST /api/meals 500 in 765ms (next.js: 588ms, application-code: 177ms)
 GET / 200 in 101ms (next.js: 5ms, application-code: 97ms)
[browser] Image with src "http://localhost:3000/vercel.svg" has either width or height modified, but not the other. If you use CSS to change the size of your image, also include the styles 'width: "auto"' or 'height: "auto"' to maintain the aspect ratio.
[browser] Clerk: Clerk has been loaded with development keys. Development instances have strict usage limits and should not be used when deploying your application to production. Learn more: https://clerk.com/docs/deployments/overview (https://present-lizard-1.clerk.accounts.dev/npm/@clerk/clerk-js@6/dist/clerk.browser.js:12:3226)
 GET / 200 in 90ms (next.js: 10ms, application-code: 80ms)
 GET / 200 in 108ms (next.js: 46ms, application-code: 61ms)
Error logging meal: Error: Clerk: clerkMiddleware() was not run, your middleware or proxy file might be misplaced. Move your middleware or proxy file to ./middleware.ts. Currently located at ./app/middleware.ts
    at async POST (app\api\meals\route.ts:8:24)
   6 | export async function POST(req: NextRequest) {
   7 |   try {
>  8 |     const { userId } = await auth();
     |                        ^
   9 |     if (!userId) {
  10 |       return NextResponse.json({ error: "Unauthorized" }, { status: 401 });
  11 |     }
 POST /api/meals 500 in 144ms (next.js: 5ms, application-code: 139ms)
 GET / 200 in 52ms (next.js: 5ms, application-code: 47ms)
[browser] Image with src "http://localhost:3000/vercel.svg" has either width or height modified, but not the other. If you use CSS to change the size of your image, also include the styles 'width: "auto"' or 'height: "auto"' to maintain the aspect ratio.
[browser] Clerk: Clerk has been loaded with development keys. Development instances have strict usage limits and should not be used when deploying your application to production. Learn more: https://clerk.com/docs/deployments/overview (https://present-lizard-1.clerk.accounts.dev/npm/@clerk/clerk-js@6/dist/clerk.browser.js:12:3226)
 GET / 200 in 53ms (next.js: 5ms, application-code: 48ms)
 GET / 200 in 168ms (next.js: 104ms, application-code: 63ms)
Error logging meal: Error: Clerk: clerkMiddleware() was not run, your middleware or proxy file might be misplaced. Move your middleware or proxy file to ./middleware.ts. Currently located at ./app/middleware.ts
    at async POST (app\api\meals\route.ts:8:24)
   6 | export async function POST(req: NextRequest) {
   7 |   try {
>  8 |     const { userId } = await auth();
     |                        ^
   9 |     if (!userId) {
  10 |       return NextResponse.json({ error: "Unauthorized" }, { status: 401 });
  11 |     }
 POST /api/meals 500 in 104ms (next.js: 2ms, application-code: 102ms)
Error logging water: Error: Clerk: clerkMiddleware() was not run, your middleware or proxy file might be misplaced. Move your middleware or proxy file to ./middleware.ts. Currently located at ./app/middleware.ts
    at async POST (app\api\water\route.ts:9:24)
   7 | export async function POST(req: NextRequest) {
   8 |   try {
>  9 |     const { userId } = await auth();
     |                        ^
  10 |     if (!userId) {
  11 |       return NextResponse.json({ error: "Unauthorized" }, { status: 401 });
  12 |     }
 POST /api/water 500 in 312ms (next.js: 206ms, application-code: 106ms)
 GET / 200 in 75ms (next.js: 5ms, application-code: 70ms)
[browser] Image with src "http://localhost:3000/vercel.svg" has either width or height modified, but not the other. If you use CSS to change the size of your image, also include the styles 'width: "auto"' or 'height: "auto"' to maintain the aspect ratio.
[browser] Clerk: Clerk has been loaded with development keys. Development instances have strict usage limits and should not be used when deploying your application to production. Learn more: https://clerk.com/docs/deployments/overview (https://present-lizard-1.clerk.accounts.dev/npm/@clerk/clerk-js@6/dist/clerk.browser.js:12:3226)
 GET / 200 in 93ms (next.js: 8ms, application-code: 85ms)
 GET / 200 in 66ms (next.js: 4ms, application-code: 62ms)
Error logging meal: Error: Clerk: clerkMiddleware() was not run, your middleware or proxy file might be misplaced. Move your middleware or proxy file to ./middleware.ts. Currently located at ./app/middleware.ts
    at async POST (app\api\meals\route.ts:8:24)
   6 | export async function POST(req: NextRequest) {
   7 |   try {
>  8 |     const { userId } = await auth();
     |                        ^
   9 |     if (!userId) {
  10 |       return NextResponse.json({ error: "Unauthorized" }, { status: 401 });
  11 |     }
 POST /api/meals 500 in 132ms (next.js: 3ms, application-code: 129ms)
Error logging water: Error: Clerk: clerkMiddleware() was not run, your middleware or proxy file might be misplaced. Move your middleware or proxy file to ./middleware.ts. Currently located at ./app/middleware.ts
    at async POST (app\api\water\route.ts:9:24)
   7 | export async function POST(req: NextRequest) {
   8 |   try {
>  9 |     const { userId } = await auth();
     |                        ^
  10 |     if (!userId) {
  11 |       return NextResponse.json({ error: "Unauthorized" }, { status: 401 });
  12 |     }
 POST /api/water 500 in 109ms (next.js: 3ms, application-code: 107ms)
 GET / 200 in 98ms (next.js: 7ms, application-code: 91ms)
[browser] Image with src "http://localhost:3000/vercel.svg" has either width or height modified, but not the other. If you use CSS to change the size of your image, also include the styles 'width: "auto"' or 'height: "auto"' to maintain the aspect ratio.
[browser] Clerk: Clerk has been loaded with development keys. Development instances have strict usage limits and should not be used when deploying your application to production. Learn more: https://clerk.com/docs/deployments/overview (https://present-lizard-1.clerk.accounts.dev/npm/@clerk/clerk-js@6/dist/clerk.browser.js:12:3226)
 GET / 200 in 60ms (next.js: 3ms, application-code: 57ms)
 GET / 200 in 81ms (next.js: 33ms, application-code: 48ms)
 GET / 200 in 49ms (next.js: 4ms, application-code: 45ms)
[browser] Image with src "http://localhost:3000/vercel.svg" has either width or height modified, but not the other. If you use CSS to change the size of your image, also include the styles 'width: "auto"' or 'height: "auto"' to maintain the aspect ratio.
[browser] Clerk: Clerk has been loaded with development keys. Development instances have strict usage limits and should not be used when deploying your application to production. Learn more: https://clerk.com/docs/deployments/overview (https://present-lizard-1.clerk.accounts.dev/npm/@clerk/clerk-js@6/dist/clerk.browser.js:12:3226)
✓ Compiled in 82ms
 GET / 200 in 357ms (next.js: 130ms, application-code: 228ms)
 GET / 200 in 44ms (next.js: 3ms, application-code: 41ms)
 GET /sign-up 200 in 503ms (next.js: 446ms, application-code: 57ms)
[browser] Clerk: Clerk has been loaded with development keys. Development instances have strict usage limits and should not be used when deploying your application to production. Learn more: https://clerk.com/docs/deployments/overview (https://present-lizard-1.clerk.accounts.dev/npm/@clerk/clerk-js@6/dist/clerk.browser.js:12:3226)
 GET /sign-up/SignUp_clerk_catchall_check_1774739446390 404 in 567ms (next.js: 505ms, application-code: 61ms)
[browser] ⨯ unhandledRejection: Error: 
Clerk: The <SignUp/> component is not configured correctly. The most likely reasons for this error are:

1. The "/sign-up" route is not a catch-all route.
It is recommended to convert this route to a catch-all route, eg: "/sign-up/[[...rest]]/page.tsx". Alternatively, you can update the <SignUp/> component to use hash-based routing by setting the "routing" prop to "hash".

2. The <SignUp/> component is mounted in a catch-all route, but all routes under "/sign-up" are protected by the middleware.
To resolve this, ensure that the middleware does not protect the catch-all route or any of its children. If you are using the "createRouteMatcher" helper, consider adding "(.*)" to the end of the route pattern, eg: "/sign-up(.*)". For more information, see: https://clerk.com/docs/reference/nextjs/clerk-middleware#create-route-matcher

 GET / 200 in 54ms (next.js: 4ms, application-code: 50ms)
 GET / 200 in 84ms (next.js: 42ms, application-code: 41ms)
 GET /sign-up 200 in 56ms (next.js: 3ms, application-code: 53ms)
[browser] Clerk: Clerk has been loaded with development keys. Development instances have strict usage limits and should not be used when deploying your application to production. Learn more: https://clerk.com/docs/deployments/overview (https://present-lizard-1.clerk.accounts.dev/npm/@clerk/clerk-js@6/dist/clerk.browser.js:12:3226)
 GET /sign-up/SignUp_clerk_catchall_check_1774739567456 404 in 48ms (next.js: 5ms, application-code: 43ms)
[browser] ⨯ unhandledRejection: Error: 
Clerk: The <SignUp/> component is not configured correctly. The most likely reasons for this error are:

1. The "/sign-up" route is not a catch-all route.
It is recommended to convert this route to a catch-all route, eg: "/sign-up/[[...rest]]/page.tsx". Alternatively, you can update the <SignUp/> component to use hash-based routing by setting the "routing" prop to "hash".

2. The <SignUp/> component is mounted in a catch-all route, but all routes under "/sign-up" are protected by the middleware.
To resolve this, ensure that the middleware does not protect the catch-all route or any of its children. If you are using the "createRouteMatcher" helper, consider adding "(.*)" to the end of the route pattern, eg: "/sign-up(.*)". For more information, see: https://clerk.com/docs/reference/nextjs/clerk-middleware#create-route-matcher

 GET / 200 in 52ms (next.js: 5ms, application-code: 46ms)
 GET / 200 in 56ms (next.js: 3ms, application-code: 53ms)
 GET /sign-up 200 in 52ms (next.js: 4ms, application-code: 49ms)
[browser] Clerk: Clerk has been loaded with development keys. Development instances have strict usage limits and should not be used when deploying your application to production. Learn more: https://clerk.com/docs/deployments/overview (https://present-lizard-1.clerk.accounts.dev/npm/@clerk/clerk-js@6/dist/clerk.browser.js:12:3226)
 GET /sign-up/SignUp_clerk_catchall_check_1774739680534 404 in 45ms (next.js: 4ms, application-code: 41ms)
[browser] ⨯ unhandledRejection: Error: 
Clerk: The <SignUp/> component is not configured correctly. The most likely reasons for this error are:

1. The "/sign-up" route is not a catch-all route.
It is recommended to convert this route to a catch-all route, eg: "/sign-up/[[...rest]]/page.tsx". Alternatively, you can update the <SignUp/> component to use hash-based routing by setting the "routing" prop to "hash".

2. The <SignUp/> component is mounted in a catch-all route, but all routes under "/sign-up" are protected by the middleware.
To resolve this, ensure that the middleware does not protect the catch-all route or any of its children. If you are using the "createRouteMatcher" helper, consider adding "(.*)" to the end of the route pattern, eg: "/sign-up(.*)". For more information, see: https://clerk.com/docs/reference/nextjs/clerk-middleware#create-route-matcher

 GET / 200 in 336ms (next.js: 105ms, application-code: 231ms)
 GET / 200 in 43ms (next.js: 3ms, application-code: 41ms)
prisma:error 
Invalid `__TURBOPACK__imported__module__$5b$project$5d2f$Documents$2f$Projects$2f$NutriMind$2f$my$2d$app$2f$src$2f$lib$2f$prisma$2e$ts__$5b$app$2d$route$5d$__$28$ecmascript$29$__["prisma"].user.upsert()` invocation in
C:\Users\kruil\Documents\Projects\NutriMind\my-app\.next\dev\server\chunks\[root-of-the-server]__0r~ngf~._.js:107:213

  104 try {
  105     const { email = "test@example.com", externalId = "test-user-123" } = await req.json();
  106     // Create or update test user
→ 107     const user = await __TURBOPACK__imported__module__$5b$project$5d2f$Documents$2f$Projects$2f$NutriMind$2f$my$2d$app$2f$src$2f$lib$2f$prisma$2e$ts__$5b$app$2d$route$5d$__$28$ecmascript$29$__["prisma"].user.upsert({
            where: {
              email: "test-1774739966668@example.com"
            },
            update: {},
            create: {
              email: "test-1774739966668@example.com",
              externalId: "test-user-1774739966668",
              ~~~~~~~~~~
          ?   id?: String,
          ?   name?: String | Null,
          ?   createdAt?: DateTime,
          ?   updatedAt?: DateTime,
          ?   profile?: UserProfileCreateNestedOneWithoutUserInput,
          ?   metabolicProfile?: MetabolicProfileCreateNestedOneWithoutUserInput,
          ?   calorieBank?: CalorieBankCreateNestedOneWithoutUserInput,
          ?   dailyLogs?: DailyLogCreateNestedManyWithoutUserInput,
          ?   weightEntries?: WeightEntryCreateNestedManyWithoutUserInput
            }
          })

Unknown argument `externalId`. Available options are marked with ?.
Test auth error: Error [PrismaClientValidationError]: 
Invalid `__TURBOPACK__imported__module__$5b$project$5d2f$Documents$2f$Projects$2f$NutriMind$2f$my$2d$app$2f$src$2f$lib$2f$prisma$2e$ts__$5b$app$2d$route$5d$__$28$ecmascript$29$__["prisma"].user.upsert()` invocation in
C:\Users\kruil\Documents\Projects\NutriMind\my-app\.next\dev\server\chunks\[root-of-the-server]__0r~ngf~._.js:107:213

  104 try {
  105     const { email = "test@example.com", externalId = "test-user-123" } = await req.json();
  106     // Create or update test user
→ 107     const user = await __TURBOPACK__imported__module__$5b$project$5d2f$Documents$2f$Projects$2f$NutriMind$2f$my$2d$app$2f$src$2f$lib$2f$prisma$2e$ts__$5b$app$2d$route$5d$__$28$ecmascript$29$__["prisma"].user.upsert({
            where: {
              email: "test-1774739966668@example.com"
            },
            update: {},
            create: {
              email: "test-1774739966668@example.com",
              externalId: "test-user-1774739966668",
              ~~~~~~~~~~
          ?   id?: String,
          ?   name?: String | Null,
          ?   createdAt?: DateTime,
          ?   updatedAt?: DateTime,
          ?   profile?: UserProfileCreateNestedOneWithoutUserInput,
          ?   metabolicProfile?: MetabolicProfileCreateNestedOneWithoutUserInput,
          ?   calorieBank?: CalorieBankCreateNestedOneWithoutUserInput,
          ?   dailyLogs?: DailyLogCreateNestedManyWithoutUserInput,
          ?   weightEntries?: WeightEntryCreateNestedManyWithoutUserInput
            }
          })

Unknown argument `externalId`. Available options are marked with ?.
    at <unknown> (app\api\test-auth\route.ts:19:36)
    at async POST (app\api\test-auth\route.ts:19:18)
  17 |
  18 |     // Create or update test user
> 19 |     const user = await prisma.user.upsert({
     |                                    ^
  20 |       where: { email },
  21 |       update: {},
  22 |       create: { {
  clientVersion: '7.6.0'
}
 POST /api/test-auth 500 in 411ms (next.js: 162ms, application-code: 250ms)
prisma:error 
Invalid `__TURBOPACK__imported__module__$5b$project$5d2f$Documents$2f$Projects$2f$NutriMind$2f$my$2d$app$2f$src$2f$lib$2f$prisma$2e$ts__$5b$app$2d$route$5d$__$28$ecmascript$29$__["prisma"].user.upsert()` invocation in
C:\Users\kruil\Documents\Projects\NutriMind\my-app\.next\dev\server\chunks\[root-of-the-server]__0r~ngf~._.js:107:213

  104 try {
  105     const { email = "test@example.com", externalId = "test-user-123" } = await req.json();
  106     // Create or update test user
→ 107     const user = await __TURBOPACK__imported__module__$5b$project$5d2f$Documents$2f$Projects$2f$NutriMind$2f$my$2d$app$2f$src$2f$lib$2f$prisma$2e$ts__$5b$app$2d$route$5d$__$28$ecmascript$29$__["prisma"].user.upsert({
            where: {
              email: "test@example.com"
            },
            update: {},
            create: {
              email: "test@example.com",
              externalId: "test-123",
              ~~~~~~~~~~
          ?   id?: String,
          ?   name?: String | Null,
          ?   createdAt?: DateTime,
          ?   updatedAt?: DateTime,
          ?   profile?: UserProfileCreateNestedOneWithoutUserInput,
          ?   metabolicProfile?: MetabolicProfileCreateNestedOneWithoutUserInput,
          ?   calorieBank?: CalorieBankCreateNestedOneWithoutUserInput,
          ?   dailyLogs?: DailyLogCreateNestedManyWithoutUserInput,
          ?   weightEntries?: WeightEntryCreateNestedManyWithoutUserInput
            }
          })

Unknown argument `externalId`. Available options are marked with ?.
Test auth error: Error [PrismaClientValidationError]: 
Invalid `__TURBOPACK__imported__module__$5b$project$5d2f$Documents$2f$Projects$2f$NutriMind$2f$my$2d$app$2f$src$2f$lib$2f$prisma$2e$ts__$5b$app$2d$route$5d$__$28$ecmascript$29$__["prisma"].user.upsert()` invocation in
C:\Users\kruil\Documents\Projects\NutriMind\my-app\.next\dev\server\chunks\[root-of-the-server]__0r~ngf~._.js:107:213

  104 try {
  105     const { email = "test@example.com", externalId = "test-user-123" } = await req.json();
  106     // Create or update test user
→ 107     const user = await __TURBOPACK__imported__module__$5b$project$5d2f$Documents$2f$Projects$2f$NutriMind$2f$my$2d$app$2f$src$2f$lib$2f$prisma$2e$ts__$5b$app$2d$route$5d$__$28$ecmascript$29$__["prisma"].user.upsert({
            where: {
              email: "test@example.com"
            },
            update: {},
            create: {
              email: "test@example.com",
              externalId: "test-123",
              ~~~~~~~~~~
          ?   id?: String,
          ?   name?: String | Null,
          ?   createdAt?: DateTime,
          ?   updatedAt?: DateTime,
          ?   profile?: UserProfileCreateNestedOneWithoutUserInput,
          ?   metabolicProfile?: MetabolicProfileCreateNestedOneWithoutUserInput,
          ?   calorieBank?: CalorieBankCreateNestedOneWithoutUserInput,
          ?   dailyLogs?: DailyLogCreateNestedManyWithoutUserInput,
          ?   weightEntries?: WeightEntryCreateNestedManyWithoutUserInput
            }
          })

Unknown argument `externalId`. Available options are marked with ?.
    at <unknown> (app\api\test-auth\route.ts:19:36)
    at async POST (app\api\test-auth\route.ts:19:18)
  17 |
  18 |     // Create or update test user
> 19 |     const user = await prisma.user.upsert({
     |                                    ^
  20 |       where: { email },
  21 |       update: {},
  22 |       create: { {
  clientVersion: '7.6.0'
}
 POST /api/test-auth 500 in 210ms (next.js: 3ms, application-code: 208ms)
 GET /api/test-auth 405 in 6ms (next.js: 1903µs, application-code: 4ms)
prisma:query SELECT `main`.`users`.`id` FROM `main`.`users` WHERE (`main`.`users`.`email` = ? AND 1=1) LIMIT ? OFFSET ?
prisma:query INSERT INTO `main`.`users` (`id`, `email`, `createdAt`, `updatedAt`) VALUES (?,?,?,?) RETURNING `id` AS `id`
prisma:query SELECT `main`.`users`.`id`, `main`.`users`.`email`, `main`.`users`.`name`, `main`.`users`.`createdAt`, `main`.`users`.`updatedAt` FROM `main`.`users` WHERE `main`.`users`.`id` = ? LIMIT ? OFFSET ?
prisma:query -- Implicit "COMMIT" query via underlying driver
prisma:query SELECT `main`.`user_profiles`.`id` FROM `main`.`user_profiles` WHERE (`main`.`user_profiles`.`userId` = ? AND 1=1) LIMIT ? OFFSET ?
prisma:query INSERT INTO `main`.`user_profiles` (`id`, `userId`, `heightCm`, `gender`, `goalWeightKg`, `activityLevel`, `timezone`, `createdAt`, `updatedAt`) VALUES (?,?,?,?,?,?,?,?,?) RETURNING `id` AS `id`
prisma:query SELECT `main`.`user_profiles`.`id`, `main`.`user_profiles`.`userId`, `main`.`user_profiles`.`heightCm`, `main`.`user_profiles`.`birthDate`, `main`.`user_profiles`.`gender`, `main`.`user_profiles`.`goalWeightKg`, `main`.`user_profiles`.`targetDate`, `main`.`user_profiles`.`activityLevel`, `main`.`user_profiles`.`timezone`, `main`.`user_profiles`.`createdAt`, `main`.`user_profiles`.`updatedAt` FROM `main`.`user_profiles` WHERE `main`.`user_profiles`.`id` = ? LIMIT ? OFFSET ?
prisma:query -- Implicit "COMMIT" query via underlying driver
prisma:query SELECT `main`.`metabolic_profiles`.`id` FROM `main`.`metabolic_profiles` WHERE (`main`.`metabolic_profiles`.`userId` = ? AND 1=1) LIMIT ? OFFSET ?
prisma:query INSERT INTO `main`.`metabolic_profiles` (`id`, `userId`, `trueMetabolicRate`, `bmrEstimate`, `adaptiveFactor`, `weightChangeFactor`, `predictionAccuracy`, `predictionsMade`, `predictionsCorrect`, `lastCalculatedAt`, `calculationMethod`, `createdAt`, `updatedAt`) VALUES (?,?,?,?,?,?,?,?,?,?,?,?,?) RETURNING `id` AS `id`
prisma:query SELECT `main`.`metabolic_profiles`.`id`, `main`.`metabolic_profiles`.`userId`, `main`.`metabolic_profiles`.`trueMetabolicRate`, `main`.`metabolic_profiles`.`bmrEstimate`, `main`.`metabolic_profiles`.`adaptiveFactor`, `main`.`metabolic_profiles`.`weightChangeFactor`, `main`.`metabolic_profiles`.`predictionAccuracy`, `main`.`metabolic_profiles`.`predictionsMade`, `main`.`metabolic_profiles`.`predictionsCorrect`, `main`.`metabolic_profiles`.`lastCalculatedAt`, `main`.`metabolic_profiles`.`calculationMethod`, `main`.`metabolic_profiles`.`createdAt`, `main`.`metabolic_profiles`.`updatedAt` FROM `main`.`metabolic_profiles` WHERE `main`.`metabolic_profiles`.`id` = ? LIMIT ? OFFSET ?
prisma:query -- Implicit "COMMIT" query via underlying driver
prisma:query SELECT `main`.`calorie_banks`.`id` FROM `main`.`calorie_banks` WHERE (`main`.`calorie_banks`.`userId` = ? AND 1=1) LIMIT ? OFFSET ?
prisma:query INSERT INTO `main`.`calorie_banks` (`id`, `userId`, `currentBalance`, `totalBanked`, `totalSpent`, `dailyTarget`, `weeklyAverage`, `allowNegative`, `expireAfterDays`, `createdAt`, `updatedAt`) VALUES (?,?,?,?,?,?,?,?,?,?,?) RETURNING `id` AS `id`
prisma:query SELECT `main`.`calorie_banks`.`id`, `main`.`calorie_banks`.`userId`, `main`.`calorie_banks`.`currentBalance`, `main`.`calorie_banks`.`totalBanked`, `main`.`calorie_banks`.`totalSpent`, `main`.`calorie_banks`.`dailyTarget`, `main`.`calorie_banks`.`weeklyAverage`, `main`.`calorie_banks`.`recommendedSpend`, `main`.`calorie_banks`.`spendByDate`, `main`.`calorie_banks`.`allowNegative`, `main`.`calorie_banks`.`expireAfterDays`, `main`.`calorie_banks`.`createdAt`, `main`.`calorie_banks`.`updatedAt` FROM `main`.`calorie_banks` WHERE `main`.`calorie_banks`.`id` = ? LIMIT ? OFFSET ?
prisma:query -- Implicit "COMMIT" query via underlying driver
 POST /api/test-auth 200 in 121ms (next.js: 30ms, application-code: 91ms)
 GET / 200 in 50ms (next.js: 3ms, application-code: 47ms)
 GET / 200 in 102ms (next.js: 65ms, application-code: 37ms)
prisma:query SELECT `main`.`users`.`id` FROM `main`.`users` WHERE (`main`.`users`.`email` = ? AND 1=1) LIMIT ? OFFSET ?
prisma:query INSERT INTO `main`.`users` (`id`, `email`, `createdAt`, `updatedAt`) VALUES (?,?,?,?) RETURNING `id` AS `id`
prisma:query SELECT `main`.`users`.`id`, `main`.`users`.`email`, `main`.`users`.`name`, `main`.`users`.`createdAt`, `main`.`users`.`updatedAt` FROM `main`.`users` WHERE `main`.`users`.`id` = ? LIMIT ? OFFSET ?
prisma:query -- Implicit "COMMIT" query via underlying driver
prisma:query SELECT `main`.`user_profiles`.`id` FROM `main`.`user_profiles` WHERE (`main`.`user_profiles`.`userId` = ? AND 1=1) LIMIT ? OFFSET ?
prisma:query INSERT INTO `main`.`user_profiles` (`id`, `userId`, `heightCm`, `gender`, `goalWeightKg`, `activityLevel`, `timezone`, `createdAt`, `updatedAt`) VALUES (?,?,?,?,?,?,?,?,?) RETURNING `id` AS `id`
prisma:query SELECT `main`.`user_profiles`.`id`, `main`.`user_profiles`.`userId`, `main`.`user_profiles`.`heightCm`, `main`.`user_profiles`.`birthDate`, `main`.`user_profiles`.`gender`, `main`.`user_profiles`.`goalWeightKg`, `main`.`user_profiles`.`targetDate`, `main`.`user_profiles`.`activityLevel`, `main`.`user_profiles`.`timezone`, `main`.`user_profiles`.`createdAt`, `main`.`user_profiles`.`updatedAt` FROM `main`.`user_profiles` WHERE `main`.`user_profiles`.`id` = ? LIMIT ? OFFSET ?
prisma:query -- Implicit "COMMIT" query via underlying driver
prisma:query SELECT `main`.`metabolic_profiles`.`id` FROM `main`.`metabolic_profiles` WHERE (`main`.`metabolic_profiles`.`userId` = ? AND 1=1) LIMIT ? OFFSET ?
prisma:query INSERT INTO `main`.`metabolic_profiles` (`id`, `userId`, `trueMetabolicRate`, `bmrEstimate`, `adaptiveFactor`, `weightChangeFactor`, `predictionAccuracy`, `predictionsMade`, `predictionsCorrect`, `lastCalculatedAt`, `calculationMethod`, `createdAt`, `updatedAt`) VALUES (?,?,?,?,?,?,?,?,?,?,?,?,?) RETURNING `id` AS `id`
prisma:query SELECT `main`.`metabolic_profiles`.`id`, `main`.`metabolic_profiles`.`userId`, `main`.`metabolic_profiles`.`trueMetabolicRate`, `main`.`metabolic_profiles`.`bmrEstimate`, `main`.`metabolic_profiles`.`adaptiveFactor`, `main`.`metabolic_profiles`.`weightChangeFactor`, `main`.`metabolic_profiles`.`predictionAccuracy`, `main`.`metabolic_profiles`.`predictionsMade`, `main`.`metabolic_profiles`.`predictionsCorrect`, `main`.`metabolic_profiles`.`lastCalculatedAt`, `main`.`metabolic_profiles`.`calculationMethod`, `main`.`metabolic_profiles`.`createdAt`, `main`.`metabolic_profiles`.`updatedAt` FROM `main`.`metabolic_profiles` WHERE `main`.`metabolic_profiles`.`id` = ? LIMIT ? OFFSET ?
prisma:query -- Implicit "COMMIT" query via underlying driver
prisma:query SELECT `main`.`calorie_banks`.`id` FROM `main`.`calorie_banks` WHERE (`main`.`calorie_banks`.`userId` = ? AND 1=1) LIMIT ? OFFSET ?
prisma:query INSERT INTO `main`.`calorie_banks` (`id`, `userId`, `currentBalance`, `totalBanked`, `totalSpent`, `dailyTarget`, `weeklyAverage`, `allowNegative`, `expireAfterDays`, `createdAt`, `updatedAt`) VALUES (?,?,?,?,?,?,?,?,?,?,?) RETURNING `id` AS `id`
prisma:query SELECT `main`.`calorie_banks`.`id`, `main`.`calorie_banks`.`userId`, `main`.`calorie_banks`.`currentBalance`, `main`.`calorie_banks`.`totalBanked`, `main`.`calorie_banks`.`totalSpent`, `main`.`calorie_banks`.`dailyTarget`, `main`.`calorie_banks`.`weeklyAverage`, `main`.`calorie_banks`.`recommendedSpend`, `main`.`calorie_banks`.`spendByDate`, `main`.`calorie_banks`.`allowNegative`, `main`.`calorie_banks`.`expireAfterDays`, `main`.`calorie_banks`.`createdAt`, `main`.`calorie_banks`.`updatedAt` FROM `main`.`calorie_banks` WHERE `main`.`calorie_banks`.`id` = ? LIMIT ? OFFSET ?
prisma:query -- Implicit "COMMIT" query via underlying driver
 POST /api/test-auth 200 in 45ms (next.js: 3ms, application-code: 42ms)
 GET /onboarding 200 in 760ms (next.js: 676ms, application-code: 84ms)
[browser] Clerk: Clerk has been loaded with development keys. Development instances have strict usage limits and should not be used when deploying your application to production. Learn more: https://clerk.com/docs/deployments/overview (https://present-lizard-1.clerk.accounts.dev/npm/@clerk/clerk-js@6/dist/clerk.browser.js:12:3226)
 GET / 200 in 46ms (next.js: 3ms, application-code: 43ms)
 GET / 200 in 116ms (next.js: 74ms, application-code: 41ms)
prisma:query SELECT `main`.`users`.`id` FROM `main`.`users` WHERE (`main`.`users`.`email` = ? AND 1=1) LIMIT ? OFFSET ?
prisma:query INSERT INTO `main`.`users` (`id`, `email`, `createdAt`, `updatedAt`) VALUES (?,?,?,?) RETURNING `id` AS `id`
prisma:query SELECT `main`.`users`.`id`, `main`.`users`.`email`, `main`.`users`.`name`, `main`.`users`.`createdAt`, `main`.`users`.`updatedAt` FROM `main`.`users` WHERE `main`.`users`.`id` = ? LIMIT ? OFFSET ?
prisma:query -- Implicit "COMMIT" query via underlying driver
prisma:query SELECT `main`.`user_profiles`.`id` FROM `main`.`user_profiles` WHERE (`main`.`user_profiles`.`userId` = ? AND 1=1) LIMIT ? OFFSET ?
prisma:query INSERT INTO `main`.`user_profiles` (`id`, `userId`, `heightCm`, `gender`, `goalWeightKg`, `activityLevel`, `timezone`, `createdAt`, `updatedAt`) VALUES (?,?,?,?,?,?,?,?,?) RETURNING `id` AS `id`
prisma:query SELECT `main`.`user_profiles`.`id`, `main`.`user_profiles`.`userId`, `main`.`user_profiles`.`heightCm`, `main`.`user_profiles`.`birthDate`, `main`.`user_profiles`.`gender`, `main`.`user_profiles`.`goalWeightKg`, `main`.`user_profiles`.`targetDate`, `main`.`user_profiles`.`activityLevel`, `main`.`user_profiles`.`timezone`, `main`.`user_profiles`.`createdAt`, `main`.`user_profiles`.`updatedAt` FROM `main`.`user_profiles` WHERE `main`.`user_profiles`.`id` = ? LIMIT ? OFFSET ?
prisma:query -- Implicit "COMMIT" query via underlying driver
prisma:query SELECT `main`.`metabolic_profiles`.`id` FROM `main`.`metabolic_profiles` WHERE (`main`.`metabolic_profiles`.`userId` = ? AND 1=1) LIMIT ? OFFSET ?
prisma:query INSERT INTO `main`.`metabolic_profiles` (`id`, `userId`, `trueMetabolicRate`, `bmrEstimate`, `adaptiveFactor`, `weightChangeFactor`, `predictionAccuracy`, `predictionsMade`, `predictionsCorrect`, `lastCalculatedAt`, `calculationMethod`, `createdAt`, `updatedAt`) VALUES (?,?,?,?,?,?,?,?,?,?,?,?,?) RETURNING `id` AS `id`
prisma:query SELECT `main`.`metabolic_profiles`.`id`, `main`.`metabolic_profiles`.`userId`, `main`.`metabolic_profiles`.`trueMetabolicRate`, `main`.`metabolic_profiles`.`bmrEstimate`, `main`.`metabolic_profiles`.`adaptiveFactor`, `main`.`metabolic_profiles`.`weightChangeFactor`, `main`.`metabolic_profiles`.`predictionAccuracy`, `main`.`metabolic_profiles`.`predictionsMade`, `main`.`metabolic_profiles`.`predictionsCorrect`, `main`.`metabolic_profiles`.`lastCalculatedAt`, `main`.`metabolic_profiles`.`calculationMethod`, `main`.`metabolic_profiles`.`createdAt`, `main`.`metabolic_profiles`.`updatedAt` FROM `main`.`metabolic_profiles` WHERE `main`.`metabolic_profiles`.`id` = ? LIMIT ? OFFSET ?
prisma:query -- Implicit "COMMIT" query via underlying driver
prisma:query SELECT `main`.`calorie_banks`.`id` FROM `main`.`calorie_banks` WHERE (`main`.`calorie_banks`.`userId` = ? AND 1=1) LIMIT ? OFFSET ?
prisma:query INSERT INTO `main`.`calorie_banks` (`id`, `userId`, `currentBalance`, `totalBanked`, `totalSpent`, `dailyTarget`, `weeklyAverage`, `allowNegative`, `expireAfterDays`, `createdAt`, `updatedAt`) VALUES (?,?,?,?,?,?,?,?,?,?,?) RETURNING `id` AS `id`
prisma:query SELECT `main`.`calorie_banks`.`id`, `main`.`calorie_banks`.`userId`, `main`.`calorie_banks`.`currentBalance`, `main`.`calorie_banks`.`totalBanked`, `main`.`calorie_banks`.`totalSpent`, `main`.`calorie_banks`.`dailyTarget`, `main`.`calorie_banks`.`weeklyAverage`, `main`.`calorie_banks`.`recommendedSpend`, `main`.`calorie_banks`.`spendByDate`, `main`.`calorie_banks`.`allowNegative`, `main`.`calorie_banks`.`expireAfterDays`, `main`.`calorie_banks`.`createdAt`, `main`.`calorie_banks`.`updatedAt` FROM `main`.`calorie_banks` WHERE `main`.`calorie_banks`.`id` = ? LIMIT ? OFFSET ?
prisma:query -- Implicit "COMMIT" query via underlying driver
 POST /api/test-auth 200 in 45ms (next.js: 2ms, application-code: 43ms)
 GET /onboarding 200 in 48ms (next.js: 3ms, application-code: 45ms)
[browser] Clerk: Clerk has been loaded with development keys. Development instances have strict usage limits and should not be used when deploying your application to production. Learn more: https://clerk.com/docs/deployments/overview (https://present-lizard-1.clerk.accounts.dev/npm/@clerk/clerk-js@6/dist/clerk.browser.js:12:3226)
 GET / 200 in 60ms (next.js: 9ms, application-code: 51ms)
 GET / 200 in 113ms (next.js: 70ms, application-code: 43ms)
prisma:query SELECT `main`.`users`.`id` FROM `main`.`users` WHERE (`main`.`users`.`email` = ? AND 1=1) LIMIT ? OFFSET ?
prisma:query INSERT INTO `main`.`users` (`id`, `email`, `createdAt`, `updatedAt`) VALUES (?,?,?,?) RETURNING `id` AS `id`
prisma:query SELECT `main`.`users`.`id`, `main`.`users`.`email`, `main`.`users`.`name`, `main`.`users`.`createdAt`, `main`.`users`.`updatedAt` FROM `main`.`users` WHERE `main`.`users`.`id` = ? LIMIT ? OFFSET ?
prisma:query -- Implicit "COMMIT" query via underlying driver
prisma:query SELECT `main`.`user_profiles`.`id` FROM `main`.`user_profiles` WHERE (`main`.`user_profiles`.`userId` = ? AND 1=1) LIMIT ? OFFSET ?
prisma:query INSERT INTO `main`.`user_profiles` (`id`, `userId`, `heightCm`, `gender`, `goalWeightKg`, `activityLevel`, `timezone`, `createdAt`, `updatedAt`) VALUES (?,?,?,?,?,?,?,?,?) RETURNING `id` AS `id`
prisma:query SELECT `main`.`user_profiles`.`id`, `main`.`user_profiles`.`userId`, `main`.`user_profiles`.`heightCm`, `main`.`user_profiles`.`birthDate`, `main`.`user_profiles`.`gender`, `main`.`user_profiles`.`goalWeightKg`, `main`.`user_profiles`.`targetDate`, `main`.`user_profiles`.`activityLevel`, `main`.`user_profiles`.`timezone`, `main`.`user_profiles`.`createdAt`, `main`.`user_profiles`.`updatedAt` FROM `main`.`user_profiles` WHERE `main`.`user_profiles`.`id` = ? LIMIT ? OFFSET ?
prisma:query -- Implicit "COMMIT" query via underlying driver
prisma:query SELECT `main`.`metabolic_profiles`.`id` FROM `main`.`metabolic_profiles` WHERE (`main`.`metabolic_profiles`.`userId` = ? AND 1=1) LIMIT ? OFFSET ?
prisma:query INSERT INTO `main`.`metabolic_profiles` (`id`, `userId`, `trueMetabolicRate`, `bmrEstimate`, `adaptiveFactor`, `weightChangeFactor`, `predictionAccuracy`, `predictionsMade`, `predictionsCorrect`, `lastCalculatedAt`, `calculationMethod`, `createdAt`, `updatedAt`) VALUES (?,?,?,?,?,?,?,?,?,?,?,?,?) RETURNING `id` AS `id`
prisma:query SELECT `main`.`metabolic_profiles`.`id`, `main`.`metabolic_profiles`.`userId`, `main`.`metabolic_profiles`.`trueMetabolicRate`, `main`.`metabolic_profiles`.`bmrEstimate`, `main`.`metabolic_profiles`.`adaptiveFactor`, `main`.`metabolic_profiles`.`weightChangeFactor`, `main`.`metabolic_profiles`.`predictionAccuracy`, `main`.`metabolic_profiles`.`predictionsMade`, `main`.`metabolic_profiles`.`predictionsCorrect`, `main`.`metabolic_profiles`.`lastCalculatedAt`, `main`.`metabolic_profiles`.`calculationMethod`, `main`.`metabolic_profiles`.`createdAt`, `main`.`metabolic_profiles`.`updatedAt` FROM `main`.`metabolic_profiles` WHERE `main`.`metabolic_profiles`.`id` = ? LIMIT ? OFFSET ?
prisma:query -- Implicit "COMMIT" query via underlying driver
prisma:query SELECT `main`.`calorie_banks`.`id` FROM `main`.`calorie_banks` WHERE (`main`.`calorie_banks`.`userId` = ? AND 1=1) LIMIT ? OFFSET ?
prisma:query INSERT INTO `main`.`calorie_banks` (`id`, `userId`, `currentBalance`, `totalBanked`, `totalSpent`, `dailyTarget`, `weeklyAverage`, `allowNegative`, `expireAfterDays`, `createdAt`, `updatedAt`) VALUES (?,?,?,?,?,?,?,?,?,?,?) RETURNING `id` AS `id`
prisma:query SELECT `main`.`calorie_banks`.`id`, `main`.`calorie_banks`.`userId`, `main`.`calorie_banks`.`currentBalance`, `main`.`calorie_banks`.`totalBanked`, `main`.`calorie_banks`.`totalSpent`, `main`.`calorie_banks`.`dailyTarget`, `main`.`calorie_banks`.`weeklyAverage`, `main`.`calorie_banks`.`recommendedSpend`, `main`.`calorie_banks`.`spendByDate`, `main`.`calorie_banks`.`allowNegative`, `main`.`calorie_banks`.`expireAfterDays`, `main`.`calorie_banks`.`createdAt`, `main`.`calorie_banks`.`updatedAt` FROM `main`.`calorie_banks` WHERE `main`.`calorie_banks`.`id` = ? LIMIT ? OFFSET ?
prisma:query -- Implicit "COMMIT" query via underlying driver
 POST /api/test-auth 200 in 47ms (next.js: 2ms, application-code: 45ms)
 GET /onboarding 200 in 58ms (next.js: 3ms, application-code: 55ms)
[browser] Clerk: Clerk has been loaded with development keys. Development instances have strict usage limits and should not be used when deploying your application to production. Learn more: https://clerk.com/docs/deployments/overview (https://present-lizard-1.clerk.accounts.dev/npm/@clerk/clerk-js@6/dist/clerk.browser.js:12:3226)
⨯ Error: Clerk: clerkMiddleware() was not run, your middleware or proxy file might be misplaced. Move your middleware or proxy file to ./middleware.ts. Currently located at ./app/middleware.ts
    at async POST (app\api\user\initialize\route.ts:6:22)
  4 |
  5 | export async function POST(req: Request) {
> 6 |   const { userId } = await auth();
    |                      ^
  7 |   
  8 |   if (!userId) {
  9 |     return NextResponse.json({ error: "Unauthorized" }, { status: 401 });
 POST /api/user/initialize 500 in 319ms (next.js: 204ms, application-code: 115ms)
[browser] Failed to initialize user 
    at handleSubmit (app/onboarding/page.tsx:91:17)
  89 |         router.push("/dashboard");
  90 |       } else {
> 91 |         console.error("Failed to initialize user");
     |                 ^
  92 |       }
  93 |     } finally {
  94 |       setLoading(false); (app/onboarding/page.tsx:91:17)
 GET / 200 in 56ms (next.js: 3ms, application-code: 53ms)
 GET / 200 in 122ms (next.js: 82ms, application-code: 40ms)
prisma:query SELECT `main`.`users`.`id` FROM `main`.`users` WHERE (`main`.`users`.`email` = ? AND 1=1) LIMIT ? OFFSET ?
prisma:query INSERT INTO `main`.`users` (`id`, `email`, `createdAt`, `updatedAt`) VALUES (?,?,?,?) RETURNING `id` AS `id`
prisma:query SELECT `main`.`users`.`id`, `main`.`users`.`email`, `main`.`users`.`name`, `main`.`users`.`createdAt`, `main`.`users`.`updatedAt` FROM `main`.`users` WHERE `main`.`users`.`id` = ? LIMIT ? OFFSET ?
prisma:query -- Implicit "COMMIT" query via underlying driver
prisma:query SELECT `main`.`user_profiles`.`id` FROM `main`.`user_profiles` WHERE (`main`.`user_profiles`.`userId` = ? AND 1=1) LIMIT ? OFFSET ?
prisma:query INSERT INTO `main`.`user_profiles` (`id`, `userId`, `heightCm`, `gender`, `goalWeightKg`, `activityLevel`, `timezone`, `createdAt`, `updatedAt`) VALUES (?,?,?,?,?,?,?,?,?) RETURNING `id` AS `id`
prisma:query SELECT `main`.`user_profiles`.`id`, `main`.`user_profiles`.`userId`, `main`.`user_profiles`.`heightCm`, `main`.`user_profiles`.`birthDate`, `main`.`user_profiles`.`gender`, `main`.`user_profiles`.`goalWeightKg`, `main`.`user_profiles`.`targetDate`, `main`.`user_profiles`.`activityLevel`, `main`.`user_profiles`.`timezone`, `main`.`user_profiles`.`createdAt`, `main`.`user_profiles`.`updatedAt` FROM `main`.`user_profiles` WHERE `main`.`user_profiles`.`id` = ? LIMIT ? OFFSET ?
prisma:query -- Implicit "COMMIT" query via underlying driver
prisma:query SELECT `main`.`metabolic_profiles`.`id` FROM `main`.`metabolic_profiles` WHERE (`main`.`metabolic_profiles`.`userId` = ? AND 1=1) LIMIT ? OFFSET ?
prisma:query INSERT INTO `main`.`metabolic_profiles` (`id`, `userId`, `trueMetabolicRate`, `bmrEstimate`, `adaptiveFactor`, `weightChangeFactor`, `predictionAccuracy`, `predictionsMade`, `predictionsCorrect`, `lastCalculatedAt`, `calculationMethod`, `createdAt`, `updatedAt`) VALUES (?,?,?,?,?,?,?,?,?,?,?,?,?) RETURNING `id` AS `id`
prisma:query SELECT `main`.`metabolic_profiles`.`id`, `main`.`metabolic_profiles`.`userId`, `main`.`metabolic_profiles`.`trueMetabolicRate`, `main`.`metabolic_profiles`.`bmrEstimate`, `main`.`metabolic_profiles`.`adaptiveFactor`, `main`.`metabolic_profiles`.`weightChangeFactor`, `main`.`metabolic_profiles`.`predictionAccuracy`, `main`.`metabolic_profiles`.`predictionsMade`, `main`.`metabolic_profiles`.`predictionsCorrect`, `main`.`metabolic_profiles`.`lastCalculatedAt`, `main`.`metabolic_profiles`.`calculationMethod`, `main`.`metabolic_profiles`.`createdAt`, `main`.`metabolic_profiles`.`updatedAt` FROM `main`.`metabolic_profiles` WHERE `main`.`metabolic_profiles`.`id` = ? LIMIT ? OFFSET ?
prisma:query -- Implicit "COMMIT" query via underlying driver
prisma:query SELECT `main`.`calorie_banks`.`id` FROM `main`.`calorie_banks` WHERE (`main`.`calorie_banks`.`userId` = ? AND 1=1) LIMIT ? OFFSET ?
prisma:query INSERT INTO `main`.`calorie_banks` (`id`, `userId`, `currentBalance`, `totalBanked`, `totalSpent`, `dailyTarget`, `weeklyAverage`, `allowNegative`, `expireAfterDays`, `createdAt`, `updatedAt`) VALUES (?,?,?,?,?,?,?,?,?,?,?) RETURNING `id` AS `id`
prisma:query SELECT `main`.`calorie_banks`.`id`, `main`.`calorie_banks`.`userId`, `main`.`calorie_banks`.`currentBalance`, `main`.`calorie_banks`.`totalBanked`, `main`.`calorie_banks`.`totalSpent`, `main`.`calorie_banks`.`dailyTarget`, `main`.`calorie_banks`.`weeklyAverage`, `main`.`calorie_banks`.`recommendedSpend`, `main`.`calorie_banks`.`spendByDate`, `main`.`calorie_banks`.`allowNegative`, `main`.`calorie_banks`.`expireAfterDays`, `main`.`calorie_banks`.`createdAt`, `main`.`calorie_banks`.`updatedAt` FROM `main`.`calorie_banks` WHERE `main`.`calorie_banks`.`id` = ? LIMIT ? OFFSET ?
prisma:query -- Implicit "COMMIT" query via underlying driver
 POST /api/test-auth 200 in 40ms (next.js: 2ms, application-code: 37ms)
 GET /onboarding 200 in 63ms (next.js: 3ms, application-code: 59ms)
[browser] Clerk: Clerk has been loaded with development keys. Development instances have strict usage limits and should not be used when deploying your application to production. Learn more: https://clerk.com/docs/deployments/overview (https://present-lizard-1.clerk.accounts.dev/npm/@clerk/clerk-js@6/dist/clerk.browser.js:12:3226)
[browser] ⨯ unhandledRejection: SyntaxError: Failed to execute 'querySelector' on 'Document': 'button:has-text("Get Started")' is not a valid selector.
    at eval (file://eval at evaluate (:290:30))
    at predicate (file://:290:30)
    at next (file://:290:30)
    at eval (file://:290:30)
    at UtilityScript.evaluate (<anonymous>:292:16)
    at UtilityScript.<anonymous> (<anonymous>:1:44)
 GET / 200 in 58ms (next.js: 3ms, application-code: 55ms)
 GET / 200 in 174ms (next.js: 125ms, application-code: 49ms)
prisma:query SELECT `main`.`users`.`id` FROM `main`.`users` WHERE (`main`.`users`.`email` = ? AND 1=1) LIMIT ? OFFSET ?
prisma:query INSERT INTO `main`.`users` (`id`, `email`, `createdAt`, `updatedAt`) VALUES (?,?,?,?) RETURNING `id` AS `id`
prisma:query SELECT `main`.`users`.`id`, `main`.`users`.`email`, `main`.`users`.`name`, `main`.`users`.`createdAt`, `main`.`users`.`updatedAt` FROM `main`.`users` WHERE `main`.`users`.`id` = ? LIMIT ? OFFSET ?
prisma:query -- Implicit "COMMIT" query via underlying driver
prisma:query SELECT `main`.`user_profiles`.`id` FROM `main`.`user_profiles` WHERE (`main`.`user_profiles`.`userId` = ? AND 1=1) LIMIT ? OFFSET ?
prisma:query INSERT INTO `main`.`user_profiles` (`id`, `userId`, `heightCm`, `gender`, `goalWeightKg`, `activityLevel`, `timezone`, `createdAt`, `updatedAt`) VALUES (?,?,?,?,?,?,?,?,?) RETURNING `id` AS `id`
prisma:query SELECT `main`.`user_profiles`.`id`, `main`.`user_profiles`.`userId`, `main`.`user_profiles`.`heightCm`, `main`.`user_profiles`.`birthDate`, `main`.`user_profiles`.`gender`, `main`.`user_profiles`.`goalWeightKg`, `main`.`user_profiles`.`targetDate`, `main`.`user_profiles`.`activityLevel`, `main`.`user_profiles`.`timezone`, `main`.`user_profiles`.`createdAt`, `main`.`user_profiles`.`updatedAt` FROM `main`.`user_profiles` WHERE `main`.`user_profiles`.`id` = ? LIMIT ? OFFSET ?
prisma:query -- Implicit "COMMIT" query via underlying driver
prisma:query SELECT `main`.`metabolic_profiles`.`id` FROM `main`.`metabolic_profiles` WHERE (`main`.`metabolic_profiles`.`userId` = ? AND 1=1) LIMIT ? OFFSET ?
prisma:query INSERT INTO `main`.`metabolic_profiles` (`id`, `userId`, `trueMetabolicRate`, `bmrEstimate`, `adaptiveFactor`, `weightChangeFactor`, `predictionAccuracy`, `predictionsMade`, `predictionsCorrect`, `lastCalculatedAt`, `calculationMethod`, `createdAt`, `updatedAt`) VALUES (?,?,?,?,?,?,?,?,?,?,?,?,?) RETURNING `id` AS `id`
prisma:query SELECT `main`.`metabolic_profiles`.`id`, `main`.`metabolic_profiles`.`userId`, `main`.`metabolic_profiles`.`trueMetabolicRate`, `main`.`metabolic_profiles`.`bmrEstimate`, `main`.`metabolic_profiles`.`adaptiveFactor`, `main`.`metabolic_profiles`.`weightChangeFactor`, `main`.`metabolic_profiles`.`predictionAccuracy`, `main`.`metabolic_profiles`.`predictionsMade`, `main`.`metabolic_profiles`.`predictionsCorrect`, `main`.`metabolic_profiles`.`lastCalculatedAt`, `main`.`metabolic_profiles`.`calculationMethod`, `main`.`metabolic_profiles`.`createdAt`, `main`.`metabolic_profiles`.`updatedAt` FROM `main`.`metabolic_profiles` WHERE `main`.`metabolic_profiles`.`id` = ? LIMIT ? OFFSET ?
prisma:query -- Implicit "COMMIT" query via underlying driver
prisma:query SELECT `main`.`calorie_banks`.`id` FROM `main`.`calorie_banks` WHERE (`main`.`calorie_banks`.`userId` = ? AND 1=1) LIMIT ? OFFSET ?
prisma:query INSERT INTO `main`.`calorie_banks` (`id`, `userId`, `currentBalance`, `totalBanked`, `totalSpent`, `dailyTarget`, `weeklyAverage`, `allowNegative`, `expireAfterDays`, `createdAt`, `updatedAt`) VALUES (?,?,?,?,?,?,?,?,?,?,?) RETURNING `id` AS `id`
prisma:query SELECT `main`.`calorie_banks`.`id`, `main`.`calorie_banks`.`userId`, `main`.`calorie_banks`.`currentBalance`, `main`.`calorie_banks`.`totalBanked`, `main`.`calorie_banks`.`totalSpent`, `main`.`calorie_banks`.`dailyTarget`, `main`.`calorie_banks`.`weeklyAverage`, `main`.`calorie_banks`.`recommendedSpend`, `main`.`calorie_banks`.`spendByDate`, `main`.`calorie_banks`.`allowNegative`, `main`.`calorie_banks`.`expireAfterDays`, `main`.`calorie_banks`.`createdAt`, `main`.`calorie_banks`.`updatedAt` FROM `main`.`calorie_banks` WHERE `main`.`calorie_banks`.`id` = ? LIMIT ? OFFSET ?
prisma:query -- Implicit "COMMIT" query via underlying driver
 POST /api/test-auth 200 in 41ms (next.js: 2ms, application-code: 39ms)
 GET /onboarding 200 in 51ms (next.js: 3ms, application-code: 48ms)
[browser] Clerk: Clerk has been loaded with development keys. Development instances have strict usage limits and should not be used when deploying your application to production. Learn more: https://clerk.com/docs/deployments/overview (https://present-lizard-1.clerk.accounts.dev/npm/@clerk/clerk-js@6/dist/clerk.browser.js:12:3226)
⨯ Error: Clerk: clerkMiddleware() was not run, your middleware or proxy file might be misplaced. Move your middleware or proxy file to ./middleware.ts. Currently located at ./app/middleware.ts
    at async POST (app\api\user\initialize\route.ts:6:22)
  4 |
  5 | export async function POST(req: Request) {
> 6 |   const { userId } = await auth();
    |                      ^
  7 |   
  8 |   if (!userId) {
  9 |     return NextResponse.json({ error: "Unauthorized" }, { status: 401 });
 POST /api/user/initialize 500 in 90ms (next.js: 2ms, application-code: 88ms)
[browser] Failed to initialize user 
    at handleSubmit (app/onboarding/page.tsx:91:17)
  89 |         router.push("/dashboard");
  90 |       } else {
> 91 |         console.error("Failed to initialize user");
     |                 ^
  92 |       }
  93 |     } finally {
  94 |       setLoading(false); (app/onboarding/page.tsx:91:17)
 GET / 200 in 50ms (next.js: 4ms, application-code: 47ms)
 GET / 200 in 108ms (next.js: 73ms, application-code: 35ms)
prisma:query SELECT `main`.`users`.`id` FROM `main`.`users` WHERE (`main`.`users`.`email` = ? AND 1=1) LIMIT ? OFFSET ?
prisma:query INSERT INTO `main`.`users` (`id`, `email`, `createdAt`, `updatedAt`) VALUES (?,?,?,?) RETURNING `id` AS `id`
prisma:query SELECT `main`.`users`.`id`, `main`.`users`.`email`, `main`.`users`.`name`, `main`.`users`.`createdAt`, `main`.`users`.`updatedAt` FROM `main`.`users` WHERE `main`.`users`.`id` = ? LIMIT ? OFFSET ?
prisma:query -- Implicit "COMMIT" query via underlying driver
prisma:query SELECT `main`.`user_profiles`.`id` FROM `main`.`user_profiles` WHERE (`main`.`user_profiles`.`userId` = ? AND 1=1) LIMIT ? OFFSET ?
prisma:query INSERT INTO `main`.`user_profiles` (`id`, `userId`, `heightCm`, `gender`, `goalWeightKg`, `activityLevel`, `timezone`, `createdAt`, `updatedAt`) VALUES (?,?,?,?,?,?,?,?,?) RETURNING `id` AS `id`
prisma:query SELECT `main`.`user_profiles`.`id`, `main`.`user_profiles`.`userId`, `main`.`user_profiles`.`heightCm`, `main`.`user_profiles`.`birthDate`, `main`.`user_profiles`.`gender`, `main`.`user_profiles`.`goalWeightKg`, `main`.`user_profiles`.`targetDate`, `main`.`user_profiles`.`activityLevel`, `main`.`user_profiles`.`timezone`, `main`.`user_profiles`.`createdAt`, `main`.`user_profiles`.`updatedAt` FROM `main`.`user_profiles` WHERE `main`.`user_profiles`.`id` = ? LIMIT ? OFFSET ?
prisma:query -- Implicit "COMMIT" query via underlying driver
prisma:query SELECT `main`.`metabolic_profiles`.`id` FROM `main`.`metabolic_profiles` WHERE (`main`.`metabolic_profiles`.`userId` = ? AND 1=1) LIMIT ? OFFSET ?
prisma:query INSERT INTO `main`.`metabolic_profiles` (`id`, `userId`, `trueMetabolicRate`, `bmrEstimate`, `adaptiveFactor`, `weightChangeFactor`, `predictionAccuracy`, `predictionsMade`, `predictionsCorrect`, `lastCalculatedAt`, `calculationMethod`, `createdAt`, `updatedAt`) VALUES (?,?,?,?,?,?,?,?,?,?,?,?,?) RETURNING `id` AS `id`
prisma:query SELECT `main`.`metabolic_profiles`.`id`, `main`.`metabolic_profiles`.`userId`, `main`.`metabolic_profiles`.`trueMetabolicRate`, `main`.`metabolic_profiles`.`bmrEstimate`, `main`.`metabolic_profiles`.`adaptiveFactor`, `main`.`metabolic_profiles`.`weightChangeFactor`, `main`.`metabolic_profiles`.`predictionAccuracy`, `main`.`metabolic_profiles`.`predictionsMade`, `main`.`metabolic_profiles`.`predictionsCorrect`, `main`.`metabolic_profiles`.`lastCalculatedAt`, `main`.`metabolic_profiles`.`calculationMethod`, `main`.`metabolic_profiles`.`createdAt`, `main`.`metabolic_profiles`.`updatedAt` FROM `main`.`metabolic_profiles` WHERE `main`.`metabolic_profiles`.`id` = ? LIMIT ? OFFSET ?
prisma:query -- Implicit "COMMIT" query via underlying driver
prisma:query SELECT `main`.`calorie_banks`.`id` FROM `main`.`calorie_banks` WHERE (`main`.`calorie_banks`.`userId` = ? AND 1=1) LIMIT ? OFFSET ?
prisma:query INSERT INTO `main`.`calorie_banks` (`id`, `userId`, `currentBalance`, `totalBanked`, `totalSpent`, `dailyTarget`, `weeklyAverage`, `allowNegative`, `expireAfterDays`, `createdAt`, `updatedAt`) VALUES (?,?,?,?,?,?,?,?,?,?,?) RETURNING `id` AS `id`
prisma:query SELECT `main`.`calorie_banks`.`id`, `main`.`calorie_banks`.`userId`, `main`.`calorie_banks`.`currentBalance`, `main`.`calorie_banks`.`totalBanked`, `main`.`calorie_banks`.`totalSpent`, `main`.`calorie_banks`.`dailyTarget`, `main`.`calorie_banks`.`weeklyAverage`, `main`.`calorie_banks`.`recommendedSpend`, `main`.`calorie_banks`.`spendByDate`, `main`.`calorie_banks`.`allowNegative`, `main`.`calorie_banks`.`expireAfterDays`, `main`.`calorie_banks`.`createdAt`, `main`.`calorie_banks`.`updatedAt` FROM `main`.`calorie_banks` WHERE `main`.`calorie_banks`.`id` = ? LIMIT ? OFFSET ?
prisma:query -- Implicit "COMMIT" query via underlying driver
 POST /api/test-auth 200 in 41ms (next.js: 3ms, application-code: 38ms)
 GET /onboarding 200 in 60ms (next.js: 3ms, application-code: 57ms)
[browser] Clerk: Clerk has been loaded with development keys. Development instances have strict usage limits and should not be used when deploying your application to production. Learn more: https://clerk.com/docs/deployments/overview (https://present-lizard-1.clerk.accounts.dev/npm/@clerk/clerk-js@6/dist/clerk.browser.js:12:3226)
⨯ Error: Clerk: clerkMiddleware() was not run, your middleware or proxy file might be misplaced. Move your middleware or proxy file to ./middleware.ts. Currently located at ./app/middleware.ts
    at async POST (app\api\user\initialize\route.ts:6:22)
  4 |
  5 | export async function POST(req: Request) {
> 6 |   const { userId } = await auth();
    |                      ^
  7 |   
  8 |   if (!userId) {
  9 |     return NextResponse.json({ error: "Unauthorized" }, { status: 401 });
 POST /api/user/initialize 500 in 189ms (next.js: 65ms, application-code: 124ms)
[browser] Failed to initialize user 
    at handleSubmit (app/onboarding/page.tsx:91:17)
  89 |         router.push("/dashboard");
  90 |       } else {
> 91 |         console.error("Failed to initialize user");
     |                 ^
  92 |       }
  93 |     } finally {
  94 |       setLoading(false); (app/onboarding/page.tsx:91:17)
 GET / 200 in 52ms (next.js: 3ms, application-code: 49ms)
 GET / 200 in 54ms (next.js: 4ms, application-code: 50ms)
prisma:query SELECT `main`.`users`.`id` FROM `main`.`users` WHERE (`main`.`users`.`email` = ? AND 1=1) LIMIT ? OFFSET ?
prisma:query INSERT INTO `main`.`users` (`id`, `email`, `createdAt`, `updatedAt`) VALUES (?,?,?,?) RETURNING `id` AS `id`
prisma:query SELECT `main`.`users`.`id`, `main`.`users`.`email`, `main`.`users`.`name`, `main`.`users`.`createdAt`, `main`.`users`.`updatedAt` FROM `main`.`users` WHERE `main`.`users`.`id` = ? LIMIT ? OFFSET ?
prisma:query -- Implicit "COMMIT" query via underlying driver
prisma:query SELECT `main`.`user_profiles`.`id` FROM `main`.`user_profiles` WHERE (`main`.`user_profiles`.`userId` = ? AND 1=1) LIMIT ? OFFSET ?
prisma:query INSERT INTO `main`.`user_profiles` (`id`, `userId`, `heightCm`, `gender`, `goalWeightKg`, `activityLevel`, `timezone`, `createdAt`, `updatedAt`) VALUES (?,?,?,?,?,?,?,?,?) RETURNING `id` AS `id`
prisma:query SELECT `main`.`user_profiles`.`id`, `main`.`user_profiles`.`userId`, `main`.`user_profiles`.`heightCm`, `main`.`user_profiles`.`birthDate`, `main`.`user_profiles`.`gender`, `main`.`user_profiles`.`goalWeightKg`, `main`.`user_profiles`.`targetDate`, `main`.`user_profiles`.`activityLevel`, `main`.`user_profiles`.`timezone`, `main`.`user_profiles`.`createdAt`, `main`.`user_profiles`.`updatedAt` FROM `main`.`user_profiles` WHERE `main`.`user_profiles`.`id` = ? LIMIT ? OFFSET ?
prisma:query -- Implicit "COMMIT" query via underlying driver
prisma:query SELECT `main`.`metabolic_profiles`.`id` FROM `main`.`metabolic_profiles` WHERE (`main`.`metabolic_profiles`.`userId` = ? AND 1=1) LIMIT ? OFFSET ?
prisma:query INSERT INTO `main`.`metabolic_profiles` (`id`, `userId`, `trueMetabolicRate`, `bmrEstimate`, `adaptiveFactor`, `weightChangeFactor`, `predictionAccuracy`, `predictionsMade`, `predictionsCorrect`, `lastCalculatedAt`, `calculationMethod`, `createdAt`, `updatedAt`) VALUES (?,?,?,?,?,?,?,?,?,?,?,?,?) RETURNING `id` AS `id`
prisma:query SELECT `main`.`metabolic_profiles`.`id`, `main`.`metabolic_profiles`.`userId`, `main`.`metabolic_profiles`.`trueMetabolicRate`, `main`.`metabolic_profiles`.`bmrEstimate`, `main`.`metabolic_profiles`.`adaptiveFactor`, `main`.`metabolic_profiles`.`weightChangeFactor`, `main`.`metabolic_profiles`.`predictionAccuracy`, `main`.`metabolic_profiles`.`predictionsMade`, `main`.`metabolic_profiles`.`predictionsCorrect`, `main`.`metabolic_profiles`.`lastCalculatedAt`, `main`.`metabolic_profiles`.`calculationMethod`, `main`.`metabolic_profiles`.`createdAt`, `main`.`metabolic_profiles`.`updatedAt` FROM `main`.`metabolic_profiles` WHERE `main`.`metabolic_profiles`.`id` = ? LIMIT ? OFFSET ?
prisma:query -- Implicit "COMMIT" query via underlying driver
prisma:query SELECT `main`.`calorie_banks`.`id` FROM `main`.`calorie_banks` WHERE (`main`.`calorie_banks`.`userId` = ? AND 1=1) LIMIT ? OFFSET ?
prisma:query INSERT INTO `main`.`calorie_banks` (`id`, `userId`, `currentBalance`, `totalBanked`, `totalSpent`, `dailyTarget`, `weeklyAverage`, `allowNegative`, `expireAfterDays`, `createdAt`, `updatedAt`) VALUES (?,?,?,?,?,?,?,?,?,?,?) RETURNING `id` AS `id`
prisma:query SELECT `main`.`calorie_banks`.`id`, `main`.`calorie_banks`.`userId`, `main`.`calorie_banks`.`currentBalance`, `main`.`calorie_banks`.`totalBanked`, `main`.`calorie_banks`.`totalSpent`, `main`.`calorie_banks`.`dailyTarget`, `main`.`calorie_banks`.`weeklyAverage`, `main`.`calorie_banks`.`recommendedSpend`, `main`.`calorie_banks`.`spendByDate`, `main`.`calorie_banks`.`allowNegative`, `main`.`calorie_banks`.`expireAfterDays`, `main`.`calorie_banks`.`createdAt`, `main`.`calorie_banks`.`updatedAt` FROM `main`.`calorie_banks` WHERE `main`.`calorie_banks`.`id` = ? LIMIT ? OFFSET ?
prisma:query -- Implicit "COMMIT" query via underlying driver
 POST /api/test-auth 200 in 46ms (next.js: 2ms, application-code: 44ms)
 GET /onboarding 200 in 54ms (next.js: 4ms, application-code: 50ms)
[browser] Clerk: Clerk has been loaded with development keys. Development instances have strict usage limits and should not be used when deploying your application to production. Learn more: https://clerk.com/docs/deployments/overview (https://present-lizard-1.clerk.accounts.dev/npm/@clerk/clerk-js@6/dist/clerk.browser.js:12:3226)
⨯ Error: Clerk: clerkMiddleware() was not run, your middleware or proxy file might be misplaced. Move your middleware or proxy file to ./middleware.ts. Currently located at ./app/middleware.ts
    at async POST (app\api\user\initialize\route.ts:6:22)
  4 |
  5 | export async function POST(req: Request) {
> 6 |   const { userId } = await auth();
    |                      ^
  7 |   
  8 |   if (!userId) {
  9 |     return NextResponse.json({ error: "Unauthorized" }, { status: 401 });
 POST /api/user/initialize 500 in 183ms (next.js: 69ms, application-code: 113ms)
[browser] Failed to initialize user 
    at handleSubmit (app/onboarding/page.tsx:91:17)
  89 |         router.push("/dashboard");
  90 |       } else {
> 91 |         console.error("Failed to initialize user");
     |                 ^
  92 |       }
  93 |     } finally {
  94 |       setLoading(false); (app/onboarding/page.tsx:91:17)
 GET / 200 in 62ms (next.js: 10ms, application-code: 52ms)
 GET / 200 in 111ms (next.js: 75ms, application-code: 36ms)
prisma:query SELECT `main`.`users`.`id` FROM `main`.`users` WHERE (`main`.`users`.`email` = ? AND 1=1) LIMIT ? OFFSET ?
prisma:query INSERT INTO `main`.`users` (`id`, `email`, `createdAt`, `updatedAt`) VALUES (?,?,?,?) RETURNING `id` AS `id`
prisma:query SELECT `main`.`users`.`id`, `main`.`users`.`email`, `main`.`users`.`name`, `main`.`users`.`createdAt`, `main`.`users`.`updatedAt` FROM `main`.`users` WHERE `main`.`users`.`id` = ? LIMIT ? OFFSET ?
prisma:query -- Implicit "COMMIT" query via underlying driver
prisma:query SELECT `main`.`user_profiles`.`id` FROM `main`.`user_profiles` WHERE (`main`.`user_profiles`.`userId` = ? AND 1=1) LIMIT ? OFFSET ?
prisma:query INSERT INTO `main`.`user_profiles` (`id`, `userId`, `heightCm`, `gender`, `goalWeightKg`, `activityLevel`, `timezone`, `createdAt`, `updatedAt`) VALUES (?,?,?,?,?,?,?,?,?) RETURNING `id` AS `id`
prisma:query SELECT `main`.`user_profiles`.`id`, `main`.`user_profiles`.`userId`, `main`.`user_profiles`.`heightCm`, `main`.`user_profiles`.`birthDate`, `main`.`user_profiles`.`gender`, `main`.`user_profiles`.`goalWeightKg`, `main`.`user_profiles`.`targetDate`, `main`.`user_profiles`.`activityLevel`, `main`.`user_profiles`.`timezone`, `main`.`user_profiles`.`createdAt`, `main`.`user_profiles`.`updatedAt` FROM `main`.`user_profiles` WHERE `main`.`user_profiles`.`id` = ? LIMIT ? OFFSET ?
prisma:query -- Implicit "COMMIT" query via underlying driver
prisma:query SELECT `main`.`metabolic_profiles`.`id` FROM `main`.`metabolic_profiles` WHERE (`main`.`metabolic_profiles`.`userId` = ? AND 1=1) LIMIT ? OFFSET ?
prisma:query INSERT INTO `main`.`metabolic_profiles` (`id`, `userId`, `trueMetabolicRate`, `bmrEstimate`, `adaptiveFactor`, `weightChangeFactor`, `predictionAccuracy`, `predictionsMade`, `predictionsCorrect`, `lastCalculatedAt`, `calculationMethod`, `createdAt`, `updatedAt`) VALUES (?,?,?,?,?,?,?,?,?,?,?,?,?) RETURNING `id` AS `id`
prisma:query SELECT `main`.`metabolic_profiles`.`id`, `main`.`metabolic_profiles`.`userId`, `main`.`metabolic_profiles`.`trueMetabolicRate`, `main`.`metabolic_profiles`.`bmrEstimate`, `main`.`metabolic_profiles`.`adaptiveFactor`, `main`.`metabolic_profiles`.`weightChangeFactor`, `main`.`metabolic_profiles`.`predictionAccuracy`, `main`.`metabolic_profiles`.`predictionsMade`, `main`.`metabolic_profiles`.`predictionsCorrect`, `main`.`metabolic_profiles`.`lastCalculatedAt`, `main`.`metabolic_profiles`.`calculationMethod`, `main`.`metabolic_profiles`.`createdAt`, `main`.`metabolic_profiles`.`updatedAt` FROM `main`.`metabolic_profiles` WHERE `main`.`metabolic_profiles`.`id` = ? LIMIT ? OFFSET ?
prisma:query -- Implicit "COMMIT" query via underlying driver
prisma:query SELECT `main`.`calorie_banks`.`id` FROM `main`.`calorie_banks` WHERE (`main`.`calorie_banks`.`userId` = ? AND 1=1) LIMIT ? OFFSET ?
prisma:query INSERT INTO `main`.`calorie_banks` (`id`, `userId`, `currentBalance`, `totalBanked`, `totalSpent`, `dailyTarget`, `weeklyAverage`, `allowNegative`, `expireAfterDays`, `createdAt`, `updatedAt`) VALUES (?,?,?,?,?,?,?,?,?,?,?) RETURNING `id` AS `id`
prisma:query SELECT `main`.`calorie_banks`.`id`, `main`.`calorie_banks`.`userId`, `main`.`calorie_banks`.`currentBalance`, `main`.`calorie_banks`.`totalBanked`, `main`.`calorie_banks`.`totalSpent`, `main`.`calorie_banks`.`dailyTarget`, `main`.`calorie_banks`.`weeklyAverage`, `main`.`calorie_banks`.`recommendedSpend`, `main`.`calorie_banks`.`spendByDate`, `main`.`calorie_banks`.`allowNegative`, `main`.`calorie_banks`.`expireAfterDays`, `main`.`calorie_banks`.`createdAt`, `main`.`calorie_banks`.`updatedAt` FROM `main`.`calorie_banks` WHERE `main`.`calorie_banks`.`id` = ? LIMIT ? OFFSET ?
prisma:query -- Implicit "COMMIT" query via underlying driver
 POST /api/test-auth 200 in 40ms (next.js: 4ms, application-code: 36ms)
 GET /onboarding 200 in 61ms (next.js: 3ms, application-code: 58ms)
[browser] Clerk: Clerk has been loaded with development keys. Development instances have strict usage limits and should not be used when deploying your application to production. Learn more: https://clerk.com/docs/deployments/overview (https://present-lizard-1.clerk.accounts.dev/npm/@clerk/clerk-js@6/dist/clerk.browser.js:12:3226)
⨯ Error: Clerk: clerkMiddleware() was not run, your middleware or proxy file might be misplaced. Move your middleware or proxy file to ./middleware.ts. Currently located at ./app/middleware.ts
    at async POST (app\api\user\initialize\route.ts:6:22)
  4 |
  5 | export async function POST(req: Request) {
> 6 |   const { userId } = await auth();
    |                      ^
  7 |   
  8 |   if (!userId) {
  9 |     return NextResponse.json({ error: "Unauthorized" }, { status: 401 });
 POST /api/user/initialize 500 in 242ms (next.js: 75ms, application-code: 167ms)
[browser] Failed to initialize user 
    at handleSubmit (app/onboarding/page.tsx:91:17)
  89 |         router.push("/dashboard");
  90 |       } else {
> 91 |         console.error("Failed to initialize user");
     |                 ^
  92 |       }
  93 |     } finally {
  94 |       setLoading(false); (app/onboarding/page.tsx:91:17)
 GET / 200 in 54ms (next.js: 9ms, application-code: 46ms)
 GET / 200 in 119ms (next.js: 68ms, application-code: 50ms)
prisma:query SELECT `main`.`users`.`id` FROM `main`.`users` WHERE (`main`.`users`.`email` = ? AND 1=1) LIMIT ? OFFSET ?
prisma:query INSERT INTO `main`.`users` (`id`, `email`, `createdAt`, `updatedAt`) VALUES (?,?,?,?) RETURNING `id` AS `id`
prisma:query SELECT `main`.`users`.`id`, `main`.`users`.`email`, `main`.`users`.`name`, `main`.`users`.`createdAt`, `main`.`users`.`updatedAt` FROM `main`.`users` WHERE `main`.`users`.`id` = ? LIMIT ? OFFSET ?
prisma:query -- Implicit "COMMIT" query via underlying driver
prisma:query SELECT `main`.`user_profiles`.`id` FROM `main`.`user_profiles` WHERE (`main`.`user_profiles`.`userId` = ? AND 1=1) LIMIT ? OFFSET ?
prisma:query INSERT INTO `main`.`user_profiles` (`id`, `userId`, `heightCm`, `gender`, `goalWeightKg`, `activityLevel`, `timezone`, `createdAt`, `updatedAt`) VALUES (?,?,?,?,?,?,?,?,?) RETURNING `id` AS `id`
prisma:query SELECT `main`.`user_profiles`.`id`, `main`.`user_profiles`.`userId`, `main`.`user_profiles`.`heightCm`, `main`.`user_profiles`.`birthDate`, `main`.`user_profiles`.`gender`, `main`.`user_profiles`.`goalWeightKg`, `main`.`user_profiles`.`targetDate`, `main`.`user_profiles`.`activityLevel`, `main`.`user_profiles`.`timezone`, `main`.`user_profiles`.`createdAt`, `main`.`user_profiles`.`updatedAt` FROM `main`.`user_profiles` WHERE `main`.`user_profiles`.`id` = ? LIMIT ? OFFSET ?
prisma:query -- Implicit "COMMIT" query via underlying driver
prisma:query SELECT `main`.`metabolic_profiles`.`id` FROM `main`.`metabolic_profiles` WHERE (`main`.`metabolic_profiles`.`userId` = ? AND 1=1) LIMIT ? OFFSET ?
prisma:query INSERT INTO `main`.`metabolic_profiles` (`id`, `userId`, `trueMetabolicRate`, `bmrEstimate`, `adaptiveFactor`, `weightChangeFactor`, `predictionAccuracy`, `predictionsMade`, `predictionsCorrect`, `lastCalculatedAt`, `calculationMethod`, `createdAt`, `updatedAt`) VALUES (?,?,?,?,?,?,?,?,?,?,?,?,?) RETURNING `id` AS `id`
prisma:query SELECT `main`.`metabolic_profiles`.`id`, `main`.`metabolic_profiles`.`userId`, `main`.`metabolic_profiles`.`trueMetabolicRate`, `main`.`metabolic_profiles`.`bmrEstimate`, `main`.`metabolic_profiles`.`adaptiveFactor`, `main`.`metabolic_profiles`.`weightChangeFactor`, `main`.`metabolic_profiles`.`predictionAccuracy`, `main`.`metabolic_profiles`.`predictionsMade`, `main`.`metabolic_profiles`.`predictionsCorrect`, `main`.`metabolic_profiles`.`lastCalculatedAt`, `main`.`metabolic_profiles`.`calculationMethod`, `main`.`metabolic_profiles`.`createdAt`, `main`.`metabolic_profiles`.`updatedAt` FROM `main`.`metabolic_profiles` WHERE `main`.`metabolic_profiles`.`id` = ? LIMIT ? OFFSET ?
prisma:query -- Implicit "COMMIT" query via underlying driver
prisma:query SELECT `main`.`calorie_banks`.`id` FROM `main`.`calorie_banks` WHERE (`main`.`calorie_banks`.`userId` = ? AND 1=1) LIMIT ? OFFSET ?
prisma:query INSERT INTO `main`.`calorie_banks` (`id`, `userId`, `currentBalance`, `totalBanked`, `totalSpent`, `dailyTarget`, `weeklyAverage`, `allowNegative`, `expireAfterDays`, `createdAt`, `updatedAt`) VALUES (?,?,?,?,?,?,?,?,?,?,?) RETURNING `id` AS `id`
prisma:query SELECT `main`.`calorie_banks`.`id`, `main`.`calorie_banks`.`userId`, `main`.`calorie_banks`.`currentBalance`, `main`.`calorie_banks`.`totalBanked`, `main`.`calorie_banks`.`totalSpent`, `main`.`calorie_banks`.`dailyTarget`, `main`.`calorie_banks`.`weeklyAverage`, `main`.`calorie_banks`.`recommendedSpend`, `main`.`calorie_banks`.`spendByDate`, `main`.`calorie_banks`.`allowNegative`, `main`.`calorie_banks`.`expireAfterDays`, `main`.`calorie_banks`.`createdAt`, `main`.`calorie_banks`.`updatedAt` FROM `main`.`calorie_banks` WHERE `main`.`calorie_banks`.`id` = ? LIMIT ? OFFSET ?
prisma:query -- Implicit "COMMIT" query via underlying driver
 POST /api/test-auth 200 in 41ms (next.js: 2ms, application-code: 39ms)
 GET /onboarding 200 in 395ms (next.js: 107ms, application-code: 288ms)
[browser] Clerk: Clerk has been loaded with development keys. Development instances have strict usage limits and should not be used when deploying your application to production. Learn more: https://clerk.com/docs/deployments/overview (https://present-lizard-1.clerk.accounts.dev/npm/@clerk/clerk-js@6/dist/clerk.browser.js:12:3226)
⨯ Error: Clerk: clerkMiddleware() was not run, your middleware or proxy file might be misplaced. Move your middleware or proxy file to ./middleware.ts. Currently located at ./app/middleware.ts
    at async POST (app\api\user\initialize\route.ts:6:22)
  4 |
  5 | export async function POST(req: Request) {
> 6 |   const { userId } = await auth();
    |                      ^
  7 |   
  8 |   if (!userId) {
  9 |     return NextResponse.json({ error: "Unauthorized" }, { status: 401 });
 POST /api/user/initialize 500 in 127ms (next.js: 8ms, application-code: 119ms)
[browser] ⨯ unhandledRejection: SyntaxError: Failed to execute 'json' on 'Response': Unexpected end of JSON input
    at handleSubmit (app/onboarding/page.tsx:91:42)
  89 |         router.push("/dashboard");
  90 |       } else {
> 91 |         const errorData = await response.json();
     |                                          ^
  92 |         console.error("Failed to initialize user:", errorData);
  93 |       }
  94 |     } finally {
prisma:query SELECT `main`.`users`.`id` FROM `main`.`users` WHERE (`main`.`users`.`email` = ? AND 1=1) LIMIT ? OFFSET ?
prisma:query INSERT INTO `main`.`users` (`id`, `email`, `createdAt`, `updatedAt`) VALUES (?,?,?,?) RETURNING `id` AS `id`
prisma:query SELECT `main`.`users`.`id`, `main`.`users`.`email`, `main`.`users`.`name`, `main`.`users`.`createdAt`, `main`.`users`.`updatedAt` FROM `main`.`users` WHERE `main`.`users`.`id` = ? LIMIT ? OFFSET ?
prisma:query -- Implicit "COMMIT" query via underlying driver
prisma:query SELECT `main`.`user_profiles`.`id` FROM `main`.`user_profiles` WHERE (`main`.`user_profiles`.`userId` = ? AND 1=1) LIMIT ? OFFSET ?
prisma:query INSERT INTO `main`.`user_profiles` (`id`, `userId`, `heightCm`, `gender`, `goalWeightKg`, `activityLevel`, `timezone`, `createdAt`, `updatedAt`) VALUES (?,?,?,?,?,?,?,?,?) RETURNING `id` AS `id`
prisma:query SELECT `main`.`user_profiles`.`id`, `main`.`user_profiles`.`userId`, `main`.`user_profiles`.`heightCm`, `main`.`user_profiles`.`birthDate`, `main`.`user_profiles`.`gender`, `main`.`user_profiles`.`goalWeightKg`, `main`.`user_profiles`.`targetDate`, `main`.`user_profiles`.`activityLevel`, `main`.`user_profiles`.`timezone`, `main`.`user_profiles`.`createdAt`, `main`.`user_profiles`.`updatedAt` FROM `main`.`user_profiles` WHERE `main`.`user_profiles`.`id` = ? LIMIT ? OFFSET ?
prisma:query -- Implicit "COMMIT" query via underlying driver
prisma:query SELECT `main`.`metabolic_profiles`.`id` FROM `main`.`metabolic_profiles` WHERE (`main`.`metabolic_profiles`.`userId` = ? AND 1=1) LIMIT ? OFFSET ?
prisma:query INSERT INTO `main`.`metabolic_profiles` (`id`, `userId`, `trueMetabolicRate`, `bmrEstimate`, `adaptiveFactor`, `weightChangeFactor`, `predictionAccuracy`, `predictionsMade`, `predictionsCorrect`, `lastCalculatedAt`, `calculationMethod`, `createdAt`, `updatedAt`) VALUES (?,?,?,?,?,?,?,?,?,?,?,?,?) RETURNING `id` AS `id`
prisma:query SELECT `main`.`metabolic_profiles`.`id`, `main`.`metabolic_profiles`.`userId`, `main`.`metabolic_profiles`.`trueMetabolicRate`, `main`.`metabolic_profiles`.`bmrEstimate`, `main`.`metabolic_profiles`.`adaptiveFactor`, `main`.`metabolic_profiles`.`weightChangeFactor`, `main`.`metabolic_profiles`.`predictionAccuracy`, `main`.`metabolic_profiles`.`predictionsMade`, `main`.`metabolic_profiles`.`predictionsCorrect`, `main`.`metabolic_profiles`.`lastCalculatedAt`, `main`.`metabolic_profiles`.`calculationMethod`, `main`.`metabolic_profiles`.`createdAt`, `main`.`metabolic_profiles`.`updatedAt` FROM `main`.`metabolic_profiles` WHERE `main`.`metabolic_profiles`.`id` = ? LIMIT ? OFFSET ?
prisma:query -- Implicit "COMMIT" query via underlying driver
prisma:query SELECT `main`.`calorie_banks`.`id` FROM `main`.`calorie_banks` WHERE (`main`.`calorie_banks`.`userId` = ? AND 1=1) LIMIT ? OFFSET ?
prisma:query INSERT INTO `main`.`calorie_banks` (`id`, `userId`, `currentBalance`, `totalBanked`, `totalSpent`, `dailyTarget`, `weeklyAverage`, `allowNegative`, `expireAfterDays`, `createdAt`, `updatedAt`) VALUES (?,?,?,?,?,?,?,?,?,?,?) RETURNING `id` AS `id`
prisma:query SELECT `main`.`calorie_banks`.`id`, `main`.`calorie_banks`.`userId`, `main`.`calorie_banks`.`currentBalance`, `main`.`calorie_banks`.`totalBanked`, `main`.`calorie_banks`.`totalSpent`, `main`.`calorie_banks`.`dailyTarget`, `main`.`calorie_banks`.`weeklyAverage`, `main`.`calorie_banks`.`recommendedSpend`, `main`.`calorie_banks`.`spendByDate`, `main`.`calorie_banks`.`allowNegative`, `main`.`calorie_banks`.`expireAfterDays`, `main`.`calorie_banks`.`createdAt`, `main`.`calorie_banks`.`updatedAt` FROM `main`.`calorie_banks` WHERE `main`.`calorie_banks`.`id` = ? LIMIT ? OFFSET ?
prisma:query -- Implicit "COMMIT" query via underlying driver
 POST /api/test-auth 200 in 42ms (next.js: 3ms, application-code: 40ms)
⨯ Error: Clerk: clerkMiddleware() was not run, your middleware or proxy file might be misplaced. Move your middleware or proxy file to ./middleware.ts. Currently located at ./app/middleware.ts
    at async POST (app\api\user\initialize\route.ts:6:22)
  4 |
  5 | export async function POST(req: Request) {
> 6 |   const { userId } = await auth();
    |                      ^
  7 |   
  8 |   if (!userId) {
  9 |     return NextResponse.json({ error: "Unauthorized" }, { status: 401 });
 POST /api/user/initialize 500 in 108ms (next.js: 2ms, application-code: 106ms)
 GET / 200 in 54ms (next.js: 8ms, application-code: 46ms)
 GET / 200 in 131ms (next.js: 91ms, application-code: 40ms)
prisma:query SELECT `main`.`users`.`id` FROM `main`.`users` WHERE (`main`.`users`.`email` = ? AND 1=1) LIMIT ? OFFSET ?
prisma:query INSERT INTO `main`.`users` (`id`, `email`, `createdAt`, `updatedAt`) VALUES (?,?,?,?) RETURNING `id` AS `id`
prisma:query SELECT `main`.`users`.`id`, `main`.`users`.`email`, `main`.`users`.`name`, `main`.`users`.`createdAt`, `main`.`users`.`updatedAt` FROM `main`.`users` WHERE `main`.`users`.`id` = ? LIMIT ? OFFSET ?
prisma:query -- Implicit "COMMIT" query via underlying driver
prisma:query SELECT `main`.`user_profiles`.`id` FROM `main`.`user_profiles` WHERE (`main`.`user_profiles`.`userId` = ? AND 1=1) LIMIT ? OFFSET ?
prisma:query INSERT INTO `main`.`user_profiles` (`id`, `userId`, `heightCm`, `gender`, `goalWeightKg`, `activityLevel`, `timezone`, `createdAt`, `updatedAt`) VALUES (?,?,?,?,?,?,?,?,?) RETURNING `id` AS `id`
prisma:query SELECT `main`.`user_profiles`.`id`, `main`.`user_profiles`.`userId`, `main`.`user_profiles`.`heightCm`, `main`.`user_profiles`.`birthDate`, `main`.`user_profiles`.`gender`, `main`.`user_profiles`.`goalWeightKg`, `main`.`user_profiles`.`targetDate`, `main`.`user_profiles`.`activityLevel`, `main`.`user_profiles`.`timezone`, `main`.`user_profiles`.`createdAt`, `main`.`user_profiles`.`updatedAt` FROM `main`.`user_profiles` WHERE `main`.`user_profiles`.`id` = ? LIMIT ? OFFSET ?
prisma:query -- Implicit "COMMIT" query via underlying driver
prisma:query SELECT `main`.`metabolic_profiles`.`id` FROM `main`.`metabolic_profiles` WHERE (`main`.`metabolic_profiles`.`userId` = ? AND 1=1) LIMIT ? OFFSET ?
prisma:query INSERT INTO `main`.`metabolic_profiles` (`id`, `userId`, `trueMetabolicRate`, `bmrEstimate`, `adaptiveFactor`, `weightChangeFactor`, `predictionAccuracy`, `predictionsMade`, `predictionsCorrect`, `lastCalculatedAt`, `calculationMethod`, `createdAt`, `updatedAt`) VALUES (?,?,?,?,?,?,?,?,?,?,?,?,?) RETURNING `id` AS `id`
prisma:query SELECT `main`.`metabolic_profiles`.`id`, `main`.`metabolic_profiles`.`userId`, `main`.`metabolic_profiles`.`trueMetabolicRate`, `main`.`metabolic_profiles`.`bmrEstimate`, `main`.`metabolic_profiles`.`adaptiveFactor`, `main`.`metabolic_profiles`.`weightChangeFactor`, `main`.`metabolic_profiles`.`predictionAccuracy`, `main`.`metabolic_profiles`.`predictionsMade`, `main`.`metabolic_profiles`.`predictionsCorrect`, `main`.`metabolic_profiles`.`lastCalculatedAt`, `main`.`metabolic_profiles`.`calculationMethod`, `main`.`metabolic_profiles`.`createdAt`, `main`.`metabolic_profiles`.`updatedAt` FROM `main`.`metabolic_profiles` WHERE `main`.`metabolic_profiles`.`id` = ? LIMIT ? OFFSET ?
prisma:query -- Implicit "COMMIT" query via underlying driver
prisma:query SELECT `main`.`calorie_banks`.`id` FROM `main`.`calorie_banks` WHERE (`main`.`calorie_banks`.`userId` = ? AND 1=1) LIMIT ? OFFSET ?
prisma:query INSERT INTO `main`.`calorie_banks` (`id`, `userId`, `currentBalance`, `totalBanked`, `totalSpent`, `dailyTarget`, `weeklyAverage`, `allowNegative`, `expireAfterDays`, `createdAt`, `updatedAt`) VALUES (?,?,?,?,?,?,?,?,?,?,?) RETURNING `id` AS `id`
prisma:query SELECT `main`.`calorie_banks`.`id`, `main`.`calorie_banks`.`userId`, `main`.`calorie_banks`.`currentBalance`, `main`.`calorie_banks`.`totalBanked`, `main`.`calorie_banks`.`totalSpent`, `main`.`calorie_banks`.`dailyTarget`, `main`.`calorie_banks`.`weeklyAverage`, `main`.`calorie_banks`.`recommendedSpend`, `main`.`calorie_banks`.`spendByDate`, `main`.`calorie_banks`.`allowNegative`, `main`.`calorie_banks`.`expireAfterDays`, `main`.`calorie_banks`.`createdAt`, `main`.`calorie_banks`.`updatedAt` FROM `main`.`calorie_banks` WHERE `main`.`calorie_banks`.`id` = ? LIMIT ? OFFSET ?
prisma:query -- Implicit "COMMIT" query via underlying driver
 POST /api/test-auth 200 in 39ms (next.js: 2ms, application-code: 37ms)
 GET /onboarding 200 in 357ms (next.js: 106ms, application-code: 251ms)
 GET /onboarding 200 in 57ms (next.js: 3ms, application-code: 54ms)
[browser] Clerk: Clerk has been loaded with development keys. Development instances have strict usage limits and should not be used when deploying your application to production. Learn more: https://clerk.com/docs/deployments/overview (https://present-lizard-1.clerk.accounts.dev/npm/@clerk/clerk-js@6/dist/clerk.browser.js:12:3226)
⨯ Error: Clerk: clerkMiddleware() was not run, your middleware or proxy file might be misplaced. Move your middleware or proxy file to ./middleware.ts. Currently located at ./app/middleware.ts
    at async POST (app\api\user\initialize\route.ts:14:24)
  12 |   } else {
  13 |     // Normal Clerk auth
> 14 |     const authResult = await auth();
     |                        ^
  15 |     userId = authResult.userId;
  16 |   }
  17 |   
 POST /api/user/initialize 500 in 194ms (next.js: 71ms, application-code: 123ms)
[browser] ⨯ unhandledRejection: SyntaxError: Failed to execute 'json' on 'Response': Unexpected end of JSON input
    at handleSubmit (app/onboarding/page.tsx:98:42)
   96 |         router.push("/dashboard");
   97 |       } else {
>  98 |         const errorData = await response.json();
      |                                          ^
   99 |         console.error("Failed to initialize user:", errorData);
  100 |       }
  101 |     } finally {
 GET / 200 in 68ms (next.js: 3ms, application-code: 65ms)
 GET / 200 in 53ms (next.js: 4ms, application-code: 49ms)
prisma:query SELECT `main`.`users`.`id` FROM `main`.`users` WHERE (`main`.`users`.`email` = ? AND 1=1) LIMIT ? OFFSET ?
prisma:query INSERT INTO `main`.`users` (`id`, `email`, `createdAt`, `updatedAt`) VALUES (?,?,?,?) RETURNING `id` AS `id`
prisma:query SELECT `main`.`users`.`id`, `main`.`users`.`email`, `main`.`users`.`name`, `main`.`users`.`createdAt`, `main`.`users`.`updatedAt` FROM `main`.`users` WHERE `main`.`users`.`id` = ? LIMIT ? OFFSET ?
prisma:query -- Implicit "COMMIT" query via underlying driver
prisma:query SELECT `main`.`user_profiles`.`id` FROM `main`.`user_profiles` WHERE (`main`.`user_profiles`.`userId` = ? AND 1=1) LIMIT ? OFFSET ?
prisma:query INSERT INTO `main`.`user_profiles` (`id`, `userId`, `heightCm`, `gender`, `goalWeightKg`, `activityLevel`, `timezone`, `createdAt`, `updatedAt`) VALUES (?,?,?,?,?,?,?,?,?) RETURNING `id` AS `id`
prisma:query SELECT `main`.`user_profiles`.`id`, `main`.`user_profiles`.`userId`, `main`.`user_profiles`.`heightCm`, `main`.`user_profiles`.`birthDate`, `main`.`user_profiles`.`gender`, `main`.`user_profiles`.`goalWeightKg`, `main`.`user_profiles`.`targetDate`, `main`.`user_profiles`.`activityLevel`, `main`.`user_profiles`.`timezone`, `main`.`user_profiles`.`createdAt`, `main`.`user_profiles`.`updatedAt` FROM `main`.`user_profiles` WHERE `main`.`user_profiles`.`id` = ? LIMIT ? OFFSET ?
prisma:query -- Implicit "COMMIT" query via underlying driver
prisma:query SELECT `main`.`metabolic_profiles`.`id` FROM `main`.`metabolic_profiles` WHERE (`main`.`metabolic_profiles`.`userId` = ? AND 1=1) LIMIT ? OFFSET ?
prisma:query INSERT INTO `main`.`metabolic_profiles` (`id`, `userId`, `trueMetabolicRate`, `bmrEstimate`, `adaptiveFactor`, `weightChangeFactor`, `predictionAccuracy`, `predictionsMade`, `predictionsCorrect`, `lastCalculatedAt`, `calculationMethod`, `createdAt`, `updatedAt`) VALUES (?,?,?,?,?,?,?,?,?,?,?,?,?) RETURNING `id` AS `id`
prisma:query SELECT `main`.`metabolic_profiles`.`id`, `main`.`metabolic_profiles`.`userId`, `main`.`metabolic_profiles`.`trueMetabolicRate`, `main`.`metabolic_profiles`.`bmrEstimate`, `main`.`metabolic_profiles`.`adaptiveFactor`, `main`.`metabolic_profiles`.`weightChangeFactor`, `main`.`metabolic_profiles`.`predictionAccuracy`, `main`.`metabolic_profiles`.`predictionsMade`, `main`.`metabolic_profiles`.`predictionsCorrect`, `main`.`metabolic_profiles`.`lastCalculatedAt`, `main`.`metabolic_profiles`.`calculationMethod`, `main`.`metabolic_profiles`.`createdAt`, `main`.`metabolic_profiles`.`updatedAt` FROM `main`.`metabolic_profiles` WHERE `main`.`metabolic_profiles`.`id` = ? LIMIT ? OFFSET ?
prisma:query -- Implicit "COMMIT" query via underlying driver
prisma:query SELECT `main`.`calorie_banks`.`id` FROM `main`.`calorie_banks` WHERE (`main`.`calorie_banks`.`userId` = ? AND 1=1) LIMIT ? OFFSET ?
prisma:query INSERT INTO `main`.`calorie_banks` (`id`, `userId`, `currentBalance`, `totalBanked`, `totalSpent`, `dailyTarget`, `weeklyAverage`, `allowNegative`, `expireAfterDays`, `createdAt`, `updatedAt`) VALUES (?,?,?,?,?,?,?,?,?,?,?) RETURNING `id` AS `id`
prisma:query SELECT `main`.`calorie_banks`.`id`, `main`.`calorie_banks`.`userId`, `main`.`calorie_banks`.`currentBalance`, `main`.`calorie_banks`.`totalBanked`, `main`.`calorie_banks`.`totalSpent`, `main`.`calorie_banks`.`dailyTarget`, `main`.`calorie_banks`.`weeklyAverage`, `main`.`calorie_banks`.`recommendedSpend`, `main`.`calorie_banks`.`spendByDate`, `main`.`calorie_banks`.`allowNegative`, `main`.`calorie_banks`.`expireAfterDays`, `main`.`calorie_banks`.`createdAt`, `main`.`calorie_banks`.`updatedAt` FROM `main`.`calorie_banks` WHERE `main`.`calorie_banks`.`id` = ? LIMIT ? OFFSET ?
prisma:query -- Implicit "COMMIT" query via underlying driver
 POST /api/test-auth 200 in 36ms (next.js: 1919µs, application-code: 34ms)
 GET /onboarding 200 in 381ms (next.js: 109ms, application-code: 272ms)
 GET /onboarding 200 in 62ms (next.js: 4ms, application-code: 58ms)
[browser] Clerk: Clerk has been loaded with development keys. Development instances have strict usage limits and should not be used when deploying your application to production. Learn more: https://clerk.com/docs/deployments/overview (https://present-lizard-1.clerk.accounts.dev/npm/@clerk/clerk-js@6/dist/clerk.browser.js:12:3226)
[initialize] Headers received: {
  'X-Test-User-Id': 'cmnaz8dxo001chsud3xr1v1l1',
  'Content-Type': 'application/json'
}
[initialize] NODE_ENV: development
[initialize] Using test user ID: cmnaz8dxo001chsud3xr1v1l1
prisma:error 
Invalid `__TURBOPACK__imported__module__$5b$project$5d2f$Documents$2f$Projects$2f$NutriMind$2f$my$2d$app$2f$src$2f$lib$2f$prisma$2e$ts__$5b$app$2d$route$5d$__$28$ecmascript$29$__["prisma"].userProfile.upsert()` invocation in
C:\Users\kruil\Documents\Projects\NutriMind\my-app\.next\dev\server\chunks\[root-of-the-server]__0f7f.qx._.js:144:207

  141 const { dailyTarget, allowNegative = false } = calorieBank || {};
  142 const { weightKg, bodyFatPercent } = weightEntry || {};
  143 // Create or update UserProfile
→ 144 await __TURBOPACK__imported__module__$5b$project$5d2f$Documents$2f$Projects$2f$NutriMind$2f$my$2d$app$2f$src$2f$lib$2f$prisma$2e$ts__$5b$app$2d$route$5d$__$28$ecmascript$29$__["prisma"].userProfile.upsert({
        where: {
          userId: "cmnaz8dxo001chsud3xr1v1l1"
        },
        create: {
          userId: "cmnaz8dxo001chsud3xr1v1l1",
          heightCm: 175,
          birthDate: new Date("1996-03-29T00:00:00.000Z"),
          gender: "MALE",
          goalWeightKg: 65,
          targetDate: null,
          activityLevel: "MODERATELY_ACTIVE",
                         ~~~~~~~~~~~~~~~~~~~
          timezone: "America/New_York"
        },
        update: {
          heightCm: 175,
          birthDate: new Date("1996-03-29T00:00:00.000Z"),
          gender: "MALE",
          goalWeightKg: 65,
          targetDate: null,
          activityLevel: "MODERATELY_ACTIVE",
          timezone: "America/New_York"
        }
      })

Invalid value for argument `activityLevel`. Expected ActivityLevel.
Error initializing user: Error [PrismaClientValidationError]: 
Invalid `__TURBOPACK__imported__module__$5b$project$5d2f$Documents$2f$Projects$2f$NutriMind$2f$my$2d$app$2f$src$2f$lib$2f$prisma$2e$ts__$5b$app$2d$route$5d$__$28$ecmascript$29$__["prisma"].userProfile.upsert()` invocation in
C:\Users\kruil\Documents\Projects\NutriMind\my-app\.next\dev\server\chunks\[root-of-the-server]__0f7f.qx._.js:144:207

  141 const { dailyTarget, allowNegative = false } = calorieBank || {};
  142 const { weightKg, bodyFatPercent } = weightEntry || {};
  143 // Create or update UserProfile
→ 144 await __TURBOPACK__imported__module__$5b$project$5d2f$Documents$2f$Projects$2f$NutriMind$2f$my$2d$app$2f$src$2f$lib$2f$prisma$2e$ts__$5b$app$2d$route$5d$__$28$ecmascript$29$__["prisma"].userProfile.upsert({
        where: {
          userId: "cmnaz8dxo001chsud3xr1v1l1"
        },
        create: {
          userId: "cmnaz8dxo001chsud3xr1v1l1",
          heightCm: 175,
          birthDate: new Date("1996-03-29T00:00:00.000Z"),
          gender: "MALE",
          goalWeightKg: 65,
          targetDate: null,
          activityLevel: "MODERATELY_ACTIVE",
                         ~~~~~~~~~~~~~~~~~~~
          timezone: "America/New_York"
        },
        update: {
          heightCm: 175,
          birthDate: new Date("1996-03-29T00:00:00.000Z"),
          gender: "MALE",
          goalWeightKg: 65,
          targetDate: null,
          activityLevel: "MODERATELY_ACTIVE",
          timezone: "America/New_York"
        }
      })

Invalid value for argument `activityLevel`. Expected ActivityLevel.
    at <unknown> (app\api\user\initialize\route.ts:55:30)
    at async POST (app\api\user\initialize\route.ts:55:5)
  53 |
  54 |     // Create or update UserProfile
> 55 |     await prisma.userProfile.upsert({
     |                              ^
  56 |       where: { userId },
  57 |       create: {
  58 |         userId, {
  clientVersion: '7.6.0'
}
 POST /api/user/initialize 500 in 249ms (next.js: 77ms, application-code: 172ms)
[browser] Failed to initialize user: { error: [32m'Failed to initialize user'[39m } 
    at handleSubmit (app/onboarding/page.tsx:99:17)
   97 |       } else {
   98 |         const errorData = await response.json();
>  99 |         console.error("Failed to initialize user:", errorData);
      |                 ^
  100 |         // Store error on window for E2E tests to capture
  101 |         (window as any).__lastError__ = JSON.stringify(errorData);
  102 |       } (app/onboarding/page.tsx:99:17)
 GET / 200 in 210ms (next.js: 157ms, application-code: 54ms)
 GET / 200 in 48ms (next.js: 3ms, application-code: 45ms)
prisma:query SELECT `main`.`users`.`id` FROM `main`.`users` WHERE (`main`.`users`.`email` = ? AND 1=1) LIMIT ? OFFSET ?
prisma:query INSERT INTO `main`.`users` (`id`, `email`, `createdAt`, `updatedAt`) VALUES (?,?,?,?) RETURNING `id` AS `id`
prisma:query SELECT `main`.`users`.`id`, `main`.`users`.`email`, `main`.`users`.`name`, `main`.`users`.`createdAt`, `main`.`users`.`updatedAt` FROM `main`.`users` WHERE `main`.`users`.`id` = ? LIMIT ? OFFSET ?
prisma:query -- Implicit "COMMIT" query via underlying driver
prisma:query SELECT `main`.`user_profiles`.`id` FROM `main`.`user_profiles` WHERE (`main`.`user_profiles`.`userId` = ? AND 1=1) LIMIT ? OFFSET ?
prisma:query INSERT INTO `main`.`user_profiles` (`id`, `userId`, `heightCm`, `gender`, `goalWeightKg`, `activityLevel`, `timezone`, `createdAt`, `updatedAt`) VALUES (?,?,?,?,?,?,?,?,?) RETURNING `id` AS `id`
prisma:query SELECT `main`.`user_profiles`.`id`, `main`.`user_profiles`.`userId`, `main`.`user_profiles`.`heightCm`, `main`.`user_profiles`.`birthDate`, `main`.`user_profiles`.`gender`, `main`.`user_profiles`.`goalWeightKg`, `main`.`user_profiles`.`targetDate`, `main`.`user_profiles`.`activityLevel`, `main`.`user_profiles`.`timezone`, `main`.`user_profiles`.`createdAt`, `main`.`user_profiles`.`updatedAt` FROM `main`.`user_profiles` WHERE `main`.`user_profiles`.`id` = ? LIMIT ? OFFSET ?
prisma:query -- Implicit "COMMIT" query via underlying driver
prisma:query SELECT `main`.`metabolic_profiles`.`id` FROM `main`.`metabolic_profiles` WHERE (`main`.`metabolic_profiles`.`userId` = ? AND 1=1) LIMIT ? OFFSET ?
prisma:query INSERT INTO `main`.`metabolic_profiles` (`id`, `userId`, `trueMetabolicRate`, `bmrEstimate`, `adaptiveFactor`, `weightChangeFactor`, `predictionAccuracy`, `predictionsMade`, `predictionsCorrect`, `lastCalculatedAt`, `calculationMethod`, `createdAt`, `updatedAt`) VALUES (?,?,?,?,?,?,?,?,?,?,?,?,?) RETURNING `id` AS `id`
prisma:query SELECT `main`.`metabolic_profiles`.`id`, `main`.`metabolic_profiles`.`userId`, `main`.`metabolic_profiles`.`trueMetabolicRate`, `main`.`metabolic_profiles`.`bmrEstimate`, `main`.`metabolic_profiles`.`adaptiveFactor`, `main`.`metabolic_profiles`.`weightChangeFactor`, `main`.`metabolic_profiles`.`predictionAccuracy`, `main`.`metabolic_profiles`.`predictionsMade`, `main`.`metabolic_profiles`.`predictionsCorrect`, `main`.`metabolic_profiles`.`lastCalculatedAt`, `main`.`metabolic_profiles`.`calculationMethod`, `main`.`metabolic_profiles`.`createdAt`, `main`.`metabolic_profiles`.`updatedAt` FROM `main`.`metabolic_profiles` WHERE `main`.`metabolic_profiles`.`id` = ? LIMIT ? OFFSET ?
prisma:query -- Implicit "COMMIT" query via underlying driver
prisma:query SELECT `main`.`calorie_banks`.`id` FROM `main`.`calorie_banks` WHERE (`main`.`calorie_banks`.`userId` = ? AND 1=1) LIMIT ? OFFSET ?
prisma:query INSERT INTO `main`.`calorie_banks` (`id`, `userId`, `currentBalance`, `totalBanked`, `totalSpent`, `dailyTarget`, `weeklyAverage`, `allowNegative`, `expireAfterDays`, `createdAt`, `updatedAt`) VALUES (?,?,?,?,?,?,?,?,?,?,?) RETURNING `id` AS `id`
prisma:query SELECT `main`.`calorie_banks`.`id`, `main`.`calorie_banks`.`userId`, `main`.`calorie_banks`.`currentBalance`, `main`.`calorie_banks`.`totalBanked`, `main`.`calorie_banks`.`totalSpent`, `main`.`calorie_banks`.`dailyTarget`, `main`.`calorie_banks`.`weeklyAverage`, `main`.`calorie_banks`.`recommendedSpend`, `main`.`calorie_banks`.`spendByDate`, `main`.`calorie_banks`.`allowNegative`, `main`.`calorie_banks`.`expireAfterDays`, `main`.`calorie_banks`.`createdAt`, `main`.`calorie_banks`.`updatedAt` FROM `main`.`calorie_banks` WHERE `main`.`calorie_banks`.`id` = ? LIMIT ? OFFSET ?
prisma:query -- Implicit "COMMIT" query via underlying driver
 POST /api/test-auth 200 in 48ms (next.js: 3ms, application-code: 45ms)
 GET /onboarding 200 in 62ms (next.js: 3ms, application-code: 59ms)
[browser] Clerk: Clerk has been loaded with development keys. Development instances have strict usage limits and should not be used when deploying your application to production. Learn more: https://clerk.com/docs/deployments/overview (https://present-lizard-1.clerk.accounts.dev/npm/@clerk/clerk-js@6/dist/clerk.browser.js:12:3226)
 GET /onboarding 200 in 64ms (next.js: 3ms, application-code: 60ms)
[browser] Clerk: Clerk has been loaded with development keys. Development instances have strict usage limits and should not be used when deploying your application to production. Learn more: https://clerk.com/docs/deployments/overview (https://present-lizard-1.clerk.accounts.dev/npm/@clerk/clerk-js@6/dist/clerk.browser.js:12:3226)
[initialize] Headers received: {
  'X-Test-User-Id': 'cmnaza7fc001ghsudaxnvn1xb',
  'Content-Type': 'application/json'
}
[initialize] NODE_ENV: development
[initialize] Using test user ID: cmnaza7fc001ghsudaxnvn1xb
prisma:error 
Invalid `__TURBOPACK__imported__module__$5b$project$5d2f$Documents$2f$Projects$2f$NutriMind$2f$my$2d$app$2f$src$2f$lib$2f$prisma$2e$ts__$5b$app$2d$route$5d$__$28$ecmascript$29$__["prisma"].userProfile.upsert()` invocation in
C:\Users\kruil\Documents\Projects\NutriMind\my-app\.next\dev\server\chunks\[root-of-the-server]__0f7f.qx._.js:144:207

  141 const { dailyTarget, allowNegative = false } = calorieBank || {};
  142 const { weightKg, bodyFatPercent } = weightEntry || {};
  143 // Create or update UserProfile
→ 144 await __TURBOPACK__imported__module__$5b$project$5d2f$Documents$2f$Projects$2f$NutriMind$2f$my$2d$app$2f$src$2f$lib$2f$prisma$2e$ts__$5b$app$2d$route$5d$__$28$ecmascript$29$__["prisma"].userProfile.upsert({
        where: {
          userId: "cmnaza7fc001ghsudaxnvn1xb"
        },
        create: {
          userId: "cmnaza7fc001ghsudaxnvn1xb",
          heightCm: 175,
          birthDate: new Date("1996-03-29T00:00:00.000Z"),
          gender: "MALE",
          goalWeightKg: 65,
          targetDate: null,
          activityLevel: "MODERATELY_ACTIVE",
                         ~~~~~~~~~~~~~~~~~~~
          timezone: "America/New_York"
        },
        update: {
          heightCm: 175,
          birthDate: new Date("1996-03-29T00:00:00.000Z"),
          gender: "MALE",
          goalWeightKg: 65,
          targetDate: null,
          activityLevel: "MODERATELY_ACTIVE",
          timezone: "America/New_York"
        }
      })

Invalid value for argument `activityLevel`. Expected ActivityLevel.
Error initializing user: Error [PrismaClientValidationError]: 
Invalid `__TURBOPACK__imported__module__$5b$project$5d2f$Documents$2f$Projects$2f$NutriMind$2f$my$2d$app$2f$src$2f$lib$2f$prisma$2e$ts__$5b$app$2d$route$5d$__$28$ecmascript$29$__["prisma"].userProfile.upsert()` invocation in
C:\Users\kruil\Documents\Projects\NutriMind\my-app\.next\dev\server\chunks\[root-of-the-server]__0f7f.qx._.js:144:207

  141 const { dailyTarget, allowNegative = false } = calorieBank || {};
  142 const { weightKg, bodyFatPercent } = weightEntry || {};
  143 // Create or update UserProfile
→ 144 await __TURBOPACK__imported__module__$5b$project$5d2f$Documents$2f$Projects$2f$NutriMind$2f$my$2d$app$2f$src$2f$lib$2f$prisma$2e$ts__$5b$app$2d$route$5d$__$28$ecmascript$29$__["prisma"].userProfile.upsert({
        where: {
          userId: "cmnaza7fc001ghsudaxnvn1xb"
        },
        create: {
          userId: "cmnaza7fc001ghsudaxnvn1xb",
          heightCm: 175,
          birthDate: new Date("1996-03-29T00:00:00.000Z"),
          gender: "MALE",
          goalWeightKg: 65,
          targetDate: null,
          activityLevel: "MODERATELY_ACTIVE",
                         ~~~~~~~~~~~~~~~~~~~
          timezone: "America/New_York"
        },
        update: {
          heightCm: 175,
          birthDate: new Date("1996-03-29T00:00:00.000Z"),
          gender: "MALE",
          goalWeightKg: 65,
          targetDate: null,
          activityLevel: "MODERATELY_ACTIVE",
          timezone: "America/New_York"
        }
      })

Invalid value for argument `activityLevel`. Expected ActivityLevel.
    at <unknown> (app\api\user\initialize\route.ts:55:30)
    at async POST (app\api\user\initialize\route.ts:55:5)
  53 |
  54 |     // Create or update UserProfile
> 55 |     await prisma.userProfile.upsert({
     |                              ^
  56 |       where: { userId },
  57 |       create: {
  58 |         userId, {
  clientVersion: '7.6.0'
}
 POST /api/user/initialize 500 in 246ms (next.js: 69ms, application-code: 176ms)
[browser] Failed to initialize user: {
  details: [32m'\n'[39m +
    [32m'Invalid `__TURBOPACK__imported__module__$5b$project$5d2f$Documents$2f$Projects$2f$NutriMind$2f$my$2d$app$2f$src$2f$lib$2f$prisma$2e$ts__$5b$app$2d$route$5d$__$28$ecmascript$29$__["prisma"].userProfile.upsert()` invocation in\n'[39m +
    [32m'C:\\Users\\kruil\\Documents\\Projects\\NutriMind\\my-app\\.next\\dev\\server\\chunks\\[root-of-the-server]__0f7f.qx._.js:144:207\n'[39m +
    [32m'\n'[39m +
    [32m'  141 const { dailyTarget, allowNegative = false } = calorieBank || {};\n'[39m +
    [32m'  142 const { weightKg, bodyFatPercent } = weightEntry || {};\n'[39m +
    [32m'  143 // Create or update UserProfile\n'[39m +
    [32m'→ 144 await __TURBOPACK__imported__module__$5b$project$5d2f$Documents$2f$Projects$2f$NutriMind$2f$my$2d$app$2f$src$2f$lib$2f$prisma$2e$ts__$5b$app$2d$route$5d$__$28$ecmascript$29$__["prisma"].userProfile.upsert({\n'[39m +
    [32m'        where: {\n'[39m +
    [32m'          userId: "cmnaza7fc001ghsudaxnvn1xb"\n'[39m +
    [32m'        },\n'[39m +
    [32m'        create: {\n'[39m +
    [32m'          userId: "cmnaza7fc001ghsudaxnvn1xb",\n'[39m +
    [32m'          heightCm: 175,\n'[39m +
    [32m'          birthDate: new Date("1996-03-29T00:00:00.000Z"),\n'[39m +
    [32m'          gender: "MALE",\n'[39m +
    [32m'          goalWeightKg: 65,\n'[39m +
    [32m'          targetDate: null,\n'[39m +
    [32m'          activityLevel: "MODERATELY_ACTIVE",\n'[39m +
    [32m'                         ~~~~~~~~~~~~~~~~~~~\n'[39m +
    [32m'          timezone: "America/New_York"\n'[39m +
    [32m'        },\n'[39m +
    [32m'        update: {\n'[39m +
    [32m'          heightCm: 175,\n'[39m +
    [32m'          birthDate: new Date("1996-03-29T00:00:00.000Z"),\n'[39m +
    [32m'          gender: "MALE",\n'[39m +
    [32m'          goalWeightKg: 65,\n'[39m +
    [32m'          targetDate: null,\n'[39m +
    [32m'          activityLevel: "MODERATELY_ACTIVE",\n'[39m +
    [32m'          timezone: "America/New_York"\n'[39m +
    [32m'        }\n'[39m +
    [32m'      })\n'[39m +
    [32m'\n'[39m +
    [32m'Invalid value for argument `activityLevel`. Expected ActivityLevel.'[39m,
  error: [32m'Failed to initialize user'[39m,
  stack: [32m'PrismaClientValidationError: \n'[39m +
    [32m'Invalid `__TURBOPACK__imported__module__$5b$project$5d2f$Documents$2f$Projects$2f$NutriMind$2f$my$2d$app$2f$src$2f$lib$2f$prisma$2e$ts__$5b$app$2d$route$5d$__$28$ecmascript$29$__["prisma"].userProfile.upsert()` invocation in\n'[39m +
    [32m'C:\\Users\\kruil\\Documents\\Projects\\NutriMind\\my-app\\.next\\dev\\server\\chunks\\[root-of-the-server]__0f7f.qx._.js:144:207\n'[39m +
    [32m'\n'[39m +
    [32m'  141 const { dailyTarget, allowNegative = false } = calorieBank || {};\n'[39m +
    [32m'  142 const { weightKg, bodyFatPercent } = weightEntry || {};\n'[39m +
    [32m'  143 // Create or update UserProfile\n'[39m +
    [32m'→ 144 await __TURBOPACK__imported__module__$5b$project$5d2f$Documents$2f$Projects$2f$NutriMind$2f$my$2d$app$2f$src$2f$lib$2f$prisma$2e$ts__$5b$app$2d$route$5d$__$28$ecmascript$29$__["prisma"].userProfile.upsert({\n'[39m +
    [32m'        where: {\n'[39m +
    [32m'          userId: "cmnaza7fc001ghsudaxnvn1xb"\n'[39m +
    [32m'        },\n'[39m +
    [32m'        create: {\n'[39m +
    [32m'          userId: "cmnaza7fc001ghsudaxnvn1xb",\n'[39m +
    [32m'          heightCm: 175,\n'[39m +
    [32m'          birthDate: new Date("1996-03-29T00:00:00.000Z"),\n'[39m +
    [32m'          gender: "MALE",\n'[39m +
    [32m'          goalWeightKg: 65,\n'[39m +
    [32m'          targetDate: null,\n'[39m +
    [32m'          activityLevel: "MODERATELY_ACTIVE",\n'[39m +
    [32m'                         ~~~~~~~~~~~~~~~~~~~\n'[39m +
    [32m'          timezone: "America/New_York"\n'[39m +
    [32m'        },\n'[39m +
    [32m'        update: {\n'[39m +
    [32m'          heightCm: 175,\n'[39m +
    [32m'          birthDate: new Date("1996-03-29T00:00:00.000Z"),\n'[39m +
    [32m'          gender: "MALE",\n'[39m +
    [32m'          goalWeightKg: 65,\n'[39m +
    [32m'          targetDate: null,\n'[39m +
    [32m'          activityLevel: "MODERATELY_ACTIVE",\n'[39m +
    [32m'          timezone: "America/New_York"\n'[39m +
    [32m'        }\n'[39m +
    [32m'      })\n'[39m +
    [32m'\n'[39m +
    [32m'Invalid value for argument `activityLevel`. Expected ActivityLevel.\n'[39m +
    [32m'    at ar (C:\\Users\\kruil\\Documents\\Projects\\NutriMind\\my-app\\node_modules\\@prisma\\client\\runtime\\client.js:10:1374)\n'[39m +
    [32m'    at Gr.handleRequestError (C:\\Users\\kruil\\Documents\\Projects\\NutriMind\\my-app\\node_modules\\@prisma\\client\\runtime\\client.js:65:7929)\n'[39m +
    [32m'    at Gr.handleAndLogRequestError (C:\\Users\\kruil\\Documents\\Projects\\NutriMind\\my-app\\node_modules\\@prisma\\client\\runtime\\client.js:65:7581)\n'[39m +
    [32m'    at Gr.request (C:\\Users\\kruil\\Documents\\Projects\\NutriMind\\my-app\\node_modules\\@prisma\\client\\runtime\\client.js:65:7288)\n'[39m +
    [32m'    at process.processTicksAndRejections (node:internal/process/task_queues:103:5)\n'[39m +
    [32m'    at async a (C:\\Users\\kruil\\Documents\\Projects\\NutriMind\\my-app\\node_modules\\@prisma\\client\\runtime\\client.js:75:6730)\n'[39m +
    [32m'    at async POST (C:\\Users\\kruil\\Documents\\Projects\\NutriMind\\my-app\\.next\\dev\\server\\chunks\\[root-of-the-server]__0f7f.qx._.js:144:9)\n'[39m +
    [32m'    at async AppRouteRouteModule.do (C:\\Users\\kruil\\Documents\\Projects\\NutriMind\\my-app\\node_modules\\next\\dist\\compiled\\next-server\\app-route-turbo.runtime.dev.js:5:40732)\n'[39m +
    [32m'    at async AppRouteRouteModule.handle (C:\\Users\\kruil\\Documents\\Projects\\NutriMind\\my-app\\node_modules\\next\\dist\\compiled\\next-server\\app-route-turbo.runtime.dev.js:5:47861)\n'[39m +
    [32m'    at async responseGenerator (C:\\Users\\kruil\\Documents\\Projects\\NutriMind\\my-app\\.next\\dev\\server\\chunks\\02vp_next_0kiglug._.js:17455:38)\n'[39m +
    [32m'    at async AppRouteRouteModule.handleResponse (C:\\Users\\kruil\\Documents\\Projects\\NutriMind\\my-app\\node_modules\\next\\dist\\compiled\\next-server\\app-route-turbo.runtime.dev.js:1:227216)\n'[39m +
    [32m'    at async handleResponse (C:\\Users\\kruil\\Documents\\Projects\\NutriMind\\my-app\\.next\\dev\\server\\chunks\\02vp_next_0kiglug._.js:17518:32)\n'[39m +
    [32m'    at async Module.handler (C:\\Users\\kruil\\Documents\\Projects\\NutriMind\\my-app\\.next\\dev\\server\\chunks\\02vp_next_0kiglug._.js:17572:13)\n'[39m +
    [32m'    at async DevServer.renderToResponseWithComponentsImpl (C:\\Users\\kruil\\Documents\\Projects\\NutriMind\\my-app\\node_modules\\next\\dist\\server\\base-server.js:1454:9)\n'[39m +
    [32m'    at async DevServer.renderPageComponent (C:\\Users\\kruil\\Documents\\Projects\\NutriMind\\my-app\\node_modules\\next\\dist\\server\\base-server.js:1506:24)\n'[39m +
    [32m'    at async DevServer.renderToResponseImpl (C:\\Users\\kruil\\Documents\\Projects\\NutriMind\\my-app\\node_modules\\next\\dist\\server\\base-server.js:1556:32)\n'[39m +
    [32m'    at async DevServer.pipeImpl (C:\\Users\\kruil\\Documents\\Projects\\NutriMind\\my-app\\node_modules\\next\\dist\\server\\base-server.js:1043:25)\n'[39m +
    [32m'    at async NextNodeServer.handleCatchallRenderRequest (C:\\Users\\kruil\\Documents\\Projects\\NutriMind\\my-app\\node_modules\\next\\dist\\server\\next-server.js:338:17)\n'[39m +
    [32m'    at async DevServer.handleRequestImpl (C:\\Users\\kruil\\Documents\\Projects\\NutriMind\\my-app\\node_modules\\next\\dist\\server\\base-server.js:934:17)\n'[39m +
    [32m'    at async C:\\Users\\kruil\\Documents\\Projects\\NutriMind\\my-app\\node_modules\\next\\dist\\server\\dev\\next-dev-server.js:394:20\n'[39m +
    [32m'    at async Span.traceAsyncFn (C:\\Users\\kruil\\Documents\\Projects\\NutriMind\\my-app\\node_modules\\next\\dist\\trace\\trace.js:164:20)\n'[39m +
    [32m'    at async DevServer.handleRequest (C:\\Users\\kruil\\Documents\\Projects\\NutriMind\\my-app\\node_modules\\next\\dist\\server\\dev\\next-dev-server.js:390:24)\n'[39m +
    [32m'    at async invokeRender (C:\\Users\\kruil\\Documents\\Projects\\NutriMind\\my-app\\node_modules\\next\\dist\\server\\lib\\router-server.js:253:21)\n'[39m +
    [32m'    at async handleRequest (C:\\Users\\kruil\\Documents\\Projects\\NutriMind\\my-app\\node_modules\\next\\dist\\server\\lib\\router-server.js:452:24)\n'[39m +
    [32m'    at async requestHandlerImpl (C:\\Users\\kruil\\Documents\\Projects\\NutriMind\\my-app\\node_modules\\next\\dist\\server\\lib\\router-server.js:501:13)\n'[39m +
    [32m'    at async Server.requestListener (C:\\Users\\kruil\\Documents\\Projects\\NutriMind\\my-app\\node_modules\\next\\dist\\server\\lib\\start-server.js:225:13)'[39m
} 
    at handleSubmit (app/onboarding/page.tsx:99:17)
   97 |       } else {
   98 |         const errorData = await response.json();
>  99 |         console.error("Failed to initialize user:", errorData);
      |                 ^
  100 |         // Store error on window for E2E tests to capture
  101 |         (window as any).__lastError__ = JSON.stringify(errorData);
  102 |       } (app/onboarding/page.tsx:99:17)
 GET / 200 in 48ms (next.js: 3ms, application-code: 45ms)
 GET / 200 in 130ms (next.js: 92ms, application-code: 38ms)
prisma:query SELECT `main`.`users`.`id` FROM `main`.`users` WHERE (`main`.`users`.`email` = ? AND 1=1) LIMIT ? OFFSET ?
prisma:query INSERT INTO `main`.`users` (`id`, `email`, `createdAt`, `updatedAt`) VALUES (?,?,?,?) RETURNING `id` AS `id`
prisma:query SELECT `main`.`users`.`id`, `main`.`users`.`email`, `main`.`users`.`name`, `main`.`users`.`createdAt`, `main`.`users`.`updatedAt` FROM `main`.`users` WHERE `main`.`users`.`id` = ? LIMIT ? OFFSET ?
prisma:query -- Implicit "COMMIT" query via underlying driver
prisma:query SELECT `main`.`user_profiles`.`id` FROM `main`.`user_profiles` WHERE (`main`.`user_profiles`.`userId` = ? AND 1=1) LIMIT ? OFFSET ?
prisma:query INSERT INTO `main`.`user_profiles` (`id`, `userId`, `heightCm`, `gender`, `goalWeightKg`, `activityLevel`, `timezone`, `createdAt`, `updatedAt`) VALUES (?,?,?,?,?,?,?,?,?) RETURNING `id` AS `id`
prisma:query SELECT `main`.`user_profiles`.`id`, `main`.`user_profiles`.`userId`, `main`.`user_profiles`.`heightCm`, `main`.`user_profiles`.`birthDate`, `main`.`user_profiles`.`gender`, `main`.`user_profiles`.`goalWeightKg`, `main`.`user_profiles`.`targetDate`, `main`.`user_profiles`.`activityLevel`, `main`.`user_profiles`.`timezone`, `main`.`user_profiles`.`createdAt`, `main`.`user_profiles`.`updatedAt` FROM `main`.`user_profiles` WHERE `main`.`user_profiles`.`id` = ? LIMIT ? OFFSET ?
prisma:query -- Implicit "COMMIT" query via underlying driver
prisma:query SELECT `main`.`metabolic_profiles`.`id` FROM `main`.`metabolic_profiles` WHERE (`main`.`metabolic_profiles`.`userId` = ? AND 1=1) LIMIT ? OFFSET ?
prisma:query INSERT INTO `main`.`metabolic_profiles` (`id`, `userId`, `trueMetabolicRate`, `bmrEstimate`, `adaptiveFactor`, `weightChangeFactor`, `predictionAccuracy`, `predictionsMade`, `predictionsCorrect`, `lastCalculatedAt`, `calculationMethod`, `createdAt`, `updatedAt`) VALUES (?,?,?,?,?,?,?,?,?,?,?,?,?) RETURNING `id` AS `id`
prisma:query SELECT `main`.`metabolic_profiles`.`id`, `main`.`metabolic_profiles`.`userId`, `main`.`metabolic_profiles`.`trueMetabolicRate`, `main`.`metabolic_profiles`.`bmrEstimate`, `main`.`metabolic_profiles`.`adaptiveFactor`, `main`.`metabolic_profiles`.`weightChangeFactor`, `main`.`metabolic_profiles`.`predictionAccuracy`, `main`.`metabolic_profiles`.`predictionsMade`, `main`.`metabolic_profiles`.`predictionsCorrect`, `main`.`metabolic_profiles`.`lastCalculatedAt`, `main`.`metabolic_profiles`.`calculationMethod`, `main`.`metabolic_profiles`.`createdAt`, `main`.`metabolic_profiles`.`updatedAt` FROM `main`.`metabolic_profiles` WHERE `main`.`metabolic_profiles`.`id` = ? LIMIT ? OFFSET ?
prisma:query -- Implicit "COMMIT" query via underlying driver
prisma:query SELECT `main`.`calorie_banks`.`id` FROM `main`.`calorie_banks` WHERE (`main`.`calorie_banks`.`userId` = ? AND 1=1) LIMIT ? OFFSET ?
prisma:query INSERT INTO `main`.`calorie_banks` (`id`, `userId`, `currentBalance`, `totalBanked`, `totalSpent`, `dailyTarget`, `weeklyAverage`, `allowNegative`, `expireAfterDays`, `createdAt`, `updatedAt`) VALUES (?,?,?,?,?,?,?,?,?,?,?) RETURNING `id` AS `id`
prisma:query SELECT `main`.`calorie_banks`.`id`, `main`.`calorie_banks`.`userId`, `main`.`calorie_banks`.`currentBalance`, `main`.`calorie_banks`.`totalBanked`, `main`.`calorie_banks`.`totalSpent`, `main`.`calorie_banks`.`dailyTarget`, `main`.`calorie_banks`.`weeklyAverage`, `main`.`calorie_banks`.`recommendedSpend`, `main`.`calorie_banks`.`spendByDate`, `main`.`calorie_banks`.`allowNegative`, `main`.`calorie_banks`.`expireAfterDays`, `main`.`calorie_banks`.`createdAt`, `main`.`calorie_banks`.`updatedAt` FROM `main`.`calorie_banks` WHERE `main`.`calorie_banks`.`id` = ? LIMIT ? OFFSET ?
prisma:query -- Implicit "COMMIT" query via underlying driver
 POST /api/test-auth 200 in 39ms (next.js: 2ms, application-code: 36ms)
 GET /onboarding 200 in 52ms (next.js: 3ms, application-code: 49ms)
 GET /onboarding 200 in 70ms (next.js: 5ms, application-code: 65ms)
[browser] Clerk: Clerk has been loaded with development keys. Development instances have strict usage limits and should not be used when deploying your application to production. Learn more: https://clerk.com/docs/deployments/overview (https://present-lizard-1.clerk.accounts.dev/npm/@clerk/clerk-js@6/dist/clerk.browser.js:12:3226)
[initialize] Headers received: {
  'X-Test-User-Id': 'cmnazd72p001khsudf46qxok1',
  'Content-Type': 'application/json'
}
[initialize] NODE_ENV: development
[initialize] Using test user ID: cmnazd72p001khsudf46qxok1
[initialize] Activity level mapping: MODERATELY_ACTIVE -> MODERATE
prisma:query INSERT INTO `main`.`user_profiles` (`id`, `userId`, `heightCm`, `birthDate`, `gender`, `goalWeightKg`, `targetDate`, `activityLevel`, `timezone`, `createdAt`, `updatedAt`) VALUES (?,?,?,?,?,?,?,?,?,?,?) ON CONFLICT  (`userId`) DO UPDATE SET `heightCm` = ?, `birthDate` = ?, `gender` = ?, `goalWeightKg` = ?, `targetDate` = ?, `activityLevel` = ?, `timezone` = ?, `updatedAt` = ? WHERE (`main`.`user_profiles`.`userId` = ? AND 1=1) RETURNING `id` AS `id`, `userId` AS `userId`, `heightCm` AS `heightCm`, `birthDate` AS `birthDate`, `gender` AS `gender`, `goalWeightKg` AS `goalWeightKg`, `targetDate` AS `targetDate`, `activityLevel` AS `activityLevel`, `timezone` AS `timezone`, `createdAt` AS `createdAt`, `updatedAt` AS `updatedAt`
prisma:query INSERT INTO `main`.`metabolic_profiles` (`id`, `userId`, `trueMetabolicRate`, `bmrEstimate`, `adaptiveFactor`, `weightChangeFactor`, `predictionAccuracy`, `predictionsMade`, `predictionsCorrect`, `lastCalculatedAt`, `calculationMethod`, `createdAt`, `updatedAt`) VALUES (?,?,?,?,?,?,?,?,?,?,?,?,?) ON CONFLICT  (`userId`) DO UPDATE SET `trueMetabolicRate` = ?, `bmrEstimate` = ?, `lastCalculatedAt` = ?, `updatedAt` = ? WHERE (`main`.`metabolic_profiles`.`userId` = ? AND 1=1) RETURNING `id` AS `id`, `userId` AS `userId`, `trueMetabolicRate` AS `trueMetabolicRate`, `bmrEstimate` AS `bmrEstimate`, `adaptiveFactor` AS `adaptiveFactor`, `weightChangeFactor` AS `weightChangeFactor`, `predictionAccuracy` AS `predictionAccuracy`, `predictionsMade` AS `predictionsMade`, `predictionsCorrect` AS `predictionsCorrect`, `lastCalculatedAt` AS `lastCalculatedAt`, `calculationMethod` AS `calculationMethod`, `createdAt` AS `createdAt`, `updatedAt` AS `updatedAt`
prisma:query INSERT INTO `main`.`calorie_banks` (`id`, `userId`, `currentBalance`, `totalBanked`, `totalSpent`, `dailyTarget`, `weeklyAverage`, `allowNegative`, `expireAfterDays`, `createdAt`, `updatedAt`) VALUES (?,?,?,?,?,?,?,?,?,?,?) ON CONFLICT  (`userId`) DO UPDATE SET `dailyTarget` = ?, `allowNegative` = ?, `updatedAt` = ? WHERE (`main`.`calorie_banks`.`userId` = ? AND 1=1) RETURNING `id` AS `id`, `userId` AS `userId`, `currentBalance` AS `currentBalance`, `totalBanked` AS `totalBanked`, `totalSpent` AS `totalSpent`, `dailyTarget` AS `dailyTarget`, `weeklyAverage` AS `weeklyAverage`, `recommendedSpend` AS `recommendedSpend`, `spendByDate` AS `spendByDate`, `allowNegative` AS `allowNegative`, `expireAfterDays` AS `expireAfterDays`, `createdAt` AS `createdAt`, `updatedAt` AS `updatedAt`
prisma:query INSERT INTO `main`.`weight_entries` (`id`, `userId`, `weightKg`, `date`, `source`) VALUES (?,?,?,?,?) RETURNING `id` AS `id`, `userId` AS `userId`, `weightKg` AS `weightKg`, `date` AS `date`, `source` AS `source`
 POST /api/user/initialize 200 in 111ms (next.js: 66ms, application-code: 45ms)
⨯ Error: Clerk: clerkMiddleware() was not run, your middleware or proxy file might be misplaced. Move your middleware or proxy file to ./middleware.ts. Currently located at ./app/middleware.ts
    at async DashboardPage (app\dashboard\page.tsx:85:22)
  83 |
  84 | export default async function DashboardPage() {
> 85 |   const { userId } = await auth();
     |                      ^
  86 |
  87 |   if (!userId) {
  88 |     redirect("/"); {
  digest: '3450902810'
}
 GET /dashboard 200 in 784ms (next.js: 724ms, application-code: 60ms)
[browser] Uncaught Error: Clerk: clerkMiddleware() was not run, your middleware or proxy file might be misplaced. Move your middleware or proxy file to ./middleware.ts. Currently located at ./app/middleware.ts
    at <anonymous> (node_modules\@clerk\nextjs\src\server\createGetAuth.ts:44:17)
    at  auth (node_modules\@clerk\nextjs\src\app-router\server\auth.ts:96:24)
    at  DashboardPage (app\dashboard\page.tsx:85:22)
  42 |
  43 |         if (missConfiguredMiddlewareLocation) {
> 44 |           throw new Error(missConfiguredMiddlewareLocation);
     |                 ^
  45 |         }
  46 |
  47 |         // still throw there is no suggested move location
✓ Compiled in 11ms
✓ Compiled in 30ms
✓ Compiled in 12ms
 GET / 200 in 60ms (next.js: 8ms, application-code: 52ms)
 GET / 200 in 142ms (next.js: 95ms, application-code: 48ms)
prisma:query SELECT `main`.`users`.`id` FROM `main`.`users` WHERE (`main`.`users`.`email` = ? AND 1=1) LIMIT ? OFFSET ?
prisma:query INSERT INTO `main`.`users` (`id`, `email`, `createdAt`, `updatedAt`) VALUES (?,?,?,?) RETURNING `id` AS `id`
prisma:query SELECT `main`.`users`.`id`, `main`.`users`.`email`, `main`.`users`.`name`, `main`.`users`.`createdAt`, `main`.`users`.`updatedAt` FROM `main`.`users` WHERE `main`.`users`.`id` = ? LIMIT ? OFFSET ?
prisma:query -- Implicit "COMMIT" query via underlying driver
prisma:query SELECT `main`.`user_profiles`.`id` FROM `main`.`user_profiles` WHERE (`main`.`user_profiles`.`userId` = ? AND 1=1) LIMIT ? OFFSET ?
prisma:query INSERT INTO `main`.`user_profiles` (`id`, `userId`, `heightCm`, `gender`, `goalWeightKg`, `activityLevel`, `timezone`, `createdAt`, `updatedAt`) VALUES (?,?,?,?,?,?,?,?,?) RETURNING `id` AS `id`
prisma:query SELECT `main`.`user_profiles`.`id`, `main`.`user_profiles`.`userId`, `main`.`user_profiles`.`heightCm`, `main`.`user_profiles`.`birthDate`, `main`.`user_profiles`.`gender`, `main`.`user_profiles`.`goalWeightKg`, `main`.`user_profiles`.`targetDate`, `main`.`user_profiles`.`activityLevel`, `main`.`user_profiles`.`timezone`, `main`.`user_profiles`.`createdAt`, `main`.`user_profiles`.`updatedAt` FROM `main`.`user_profiles` WHERE `main`.`user_profiles`.`id` = ? LIMIT ? OFFSET ?
prisma:query -- Implicit "COMMIT" query via underlying driver
prisma:query SELECT `main`.`metabolic_profiles`.`id` FROM `main`.`metabolic_profiles` WHERE (`main`.`metabolic_profiles`.`userId` = ? AND 1=1) LIMIT ? OFFSET ?
prisma:query INSERT INTO `main`.`metabolic_profiles` (`id`, `userId`, `trueMetabolicRate`, `bmrEstimate`, `adaptiveFactor`, `weightChangeFactor`, `predictionAccuracy`, `predictionsMade`, `predictionsCorrect`, `lastCalculatedAt`, `calculationMethod`, `createdAt`, `updatedAt`) VALUES (?,?,?,?,?,?,?,?,?,?,?,?,?) RETURNING `id` AS `id`
prisma:query SELECT `main`.`metabolic_profiles`.`id`, `main`.`metabolic_profiles`.`userId`, `main`.`metabolic_profiles`.`trueMetabolicRate`, `main`.`metabolic_profiles`.`bmrEstimate`, `main`.`metabolic_profiles`.`adaptiveFactor`, `main`.`metabolic_profiles`.`weightChangeFactor`, `main`.`metabolic_profiles`.`predictionAccuracy`, `main`.`metabolic_profiles`.`predictionsMade`, `main`.`metabolic_profiles`.`predictionsCorrect`, `main`.`metabolic_profiles`.`lastCalculatedAt`, `main`.`metabolic_profiles`.`calculationMethod`, `main`.`metabolic_profiles`.`createdAt`, `main`.`metabolic_profiles`.`updatedAt` FROM `main`.`metabolic_profiles` WHERE `main`.`metabolic_profiles`.`id` = ? LIMIT ? OFFSET ?
prisma:query -- Implicit "COMMIT" query via underlying driver
prisma:query SELECT `main`.`calorie_banks`.`id` FROM `main`.`calorie_banks` WHERE (`main`.`calorie_banks`.`userId` = ? AND 1=1) LIMIT ? OFFSET ?
prisma:query INSERT INTO `main`.`calorie_banks` (`id`, `userId`, `currentBalance`, `totalBanked`, `totalSpent`, `dailyTarget`, `weeklyAverage`, `allowNegative`, `expireAfterDays`, `createdAt`, `updatedAt`) VALUES (?,?,?,?,?,?,?,?,?,?,?) RETURNING `id` AS `id`
prisma:query SELECT `main`.`calorie_banks`.`id`, `main`.`calorie_banks`.`userId`, `main`.`calorie_banks`.`currentBalance`, `main`.`calorie_banks`.`totalBanked`, `main`.`calorie_banks`.`totalSpent`, `main`.`calorie_banks`.`dailyTarget`, `main`.`calorie_banks`.`weeklyAverage`, `main`.`calorie_banks`.`recommendedSpend`, `main`.`calorie_banks`.`spendByDate`, `main`.`calorie_banks`.`allowNegative`, `main`.`calorie_banks`.`expireAfterDays`, `main`.`calorie_banks`.`createdAt`, `main`.`calorie_banks`.`updatedAt` FROM `main`.`calorie_banks` WHERE `main`.`calorie_banks`.`id` = ? LIMIT ? OFFSET ?
prisma:query -- Implicit "COMMIT" query via underlying driver
 POST /api/test-auth 200 in 61ms (next.js: 3ms, application-code: 59ms)
 GET /onboarding 200 in 56ms (next.js: 4ms, application-code: 52ms)
[browser] Clerk: Clerk has been loaded with development keys. Development instances have strict usage limits and should not be used when deploying your application to production. Learn more: https://clerk.com/docs/deployments/overview (https://present-lizard-1.clerk.accounts.dev/npm/@clerk/clerk-js@6/dist/clerk.browser.js:12:3226)
 GET /onboarding 200 in 67ms (next.js: 3ms, application-code: 63ms)
[browser] Clerk: Clerk has been loaded with development keys. Development instances have strict usage limits and should not be used when deploying your application to production. Learn more: https://clerk.com/docs/deployments/overview (https://present-lizard-1.clerk.accounts.dev/npm/@clerk/clerk-js@6/dist/clerk.browser.js:12:3226)
[initialize] Headers received: {
  'X-Test-User-Id': 'cmnazifg4001shsudi099rqd2',
  'Content-Type': 'application/json'
}
[initialize] NODE_ENV: development
[initialize] Using test user ID: cmnazifg4001shsudi099rqd2
[initialize] Activity level mapping: MODERATELY_ACTIVE -> MODERATE
prisma:query INSERT INTO `main`.`user_profiles` (`id`, `userId`, `heightCm`, `birthDate`, `gender`, `goalWeightKg`, `targetDate`, `activityLevel`, `timezone`, `createdAt`, `updatedAt`) VALUES (?,?,?,?,?,?,?,?,?,?,?) ON CONFLICT  (`userId`) DO UPDATE SET `heightCm` = ?, `birthDate` = ?, `gender` = ?, `goalWeightKg` = ?, `targetDate` = ?, `activityLevel` = ?, `timezone` = ?, `updatedAt` = ? WHERE (`main`.`user_profiles`.`userId` = ? AND 1=1) RETURNING `id` AS `id`, `userId` AS `userId`, `heightCm` AS `heightCm`, `birthDate` AS `birthDate`, `gender` AS `gender`, `goalWeightKg` AS `goalWeightKg`, `targetDate` AS `targetDate`, `activityLevel` AS `activityLevel`, `timezone` AS `timezone`, `createdAt` AS `createdAt`, `updatedAt` AS `updatedAt`
prisma:query INSERT INTO `main`.`metabolic_profiles` (`id`, `userId`, `trueMetabolicRate`, `bmrEstimate`, `adaptiveFactor`, `weightChangeFactor`, `predictionAccuracy`, `predictionsMade`, `predictionsCorrect`, `lastCalculatedAt`, `calculationMethod`, `createdAt`, `updatedAt`) VALUES (?,?,?,?,?,?,?,?,?,?,?,?,?) ON CONFLICT  (`userId`) DO UPDATE SET `trueMetabolicRate` = ?, `bmrEstimate` = ?, `lastCalculatedAt` = ?, `updatedAt` = ? WHERE (`main`.`metabolic_profiles`.`userId` = ? AND 1=1) RETURNING `id` AS `id`, `userId` AS `userId`, `trueMetabolicRate` AS `trueMetabolicRate`, `bmrEstimate` AS `bmrEstimate`, `adaptiveFactor` AS `adaptiveFactor`, `weightChangeFactor` AS `weightChangeFactor`, `predictionAccuracy` AS `predictionAccuracy`, `predictionsMade` AS `predictionsMade`, `predictionsCorrect` AS `predictionsCorrect`, `lastCalculatedAt` AS `lastCalculatedAt`, `calculationMethod` AS `calculationMethod`, `createdAt` AS `createdAt`, `updatedAt` AS `updatedAt`
prisma:query INSERT INTO `main`.`calorie_banks` (`id`, `userId`, `currentBalance`, `totalBanked`, `totalSpent`, `dailyTarget`, `weeklyAverage`, `allowNegative`, `expireAfterDays`, `createdAt`, `updatedAt`) VALUES (?,?,?,?,?,?,?,?,?,?,?) ON CONFLICT  (`userId`) DO UPDATE SET `dailyTarget` = ?, `allowNegative` = ?, `updatedAt` = ? WHERE (`main`.`calorie_banks`.`userId` = ? AND 1=1) RETURNING `id` AS `id`, `userId` AS `userId`, `currentBalance` AS `currentBalance`, `totalBanked` AS `totalBanked`, `totalSpent` AS `totalSpent`, `dailyTarget` AS `dailyTarget`, `weeklyAverage` AS `weeklyAverage`, `recommendedSpend` AS `recommendedSpend`, `spendByDate` AS `spendByDate`, `allowNegative` AS `allowNegative`, `expireAfterDays` AS `expireAfterDays`, `createdAt` AS `createdAt`, `updatedAt` AS `updatedAt`
prisma:query INSERT INTO `main`.`weight_entries` (`id`, `userId`, `weightKg`, `date`, `source`) VALUES (?,?,?,?,?) RETURNING `id` AS `id`, `userId` AS `userId`, `weightKg` AS `weightKg`, `date` AS `date`, `source` AS `source`
 POST /api/user/initialize 200 in 30ms (next.js: 2ms, application-code: 27ms)
⨯ Error: Clerk: clerkMiddleware() was not run, your middleware or proxy file might be misplaced. Move your middleware or proxy file to ./middleware.ts. Currently located at ./app/middleware.ts
    at async DashboardPage (app\dashboard\page.tsx:105:24)
  103 |     console.log("[dashboard] Using test user ID from query param:", userId);
  104 |   } else {
> 105 |     const authResult = await auth();
      |                        ^
  106 |     userId = authResult.userId;
  107 |     console.log("[dashboard] Using Clerk auth user ID:", userId);
  108 |   } {
  digest: '3112700540'
}
 GET /dashboard 200 in 189ms (next.js: 106ms, application-code: 83ms)
[browser] Uncaught Error: Clerk: clerkMiddleware() was not run, your middleware or proxy file might be misplaced. Move your middleware or proxy file to ./middleware.ts. Currently located at ./app/middleware.ts
    at <anonymous> (node_modules\@clerk\nextjs\src\server\createGetAuth.ts:44:17)
    at  auth (node_modules\@clerk\nextjs\src\app-router\server\auth.ts:96:24)
    at  DashboardPage (app\dashboard\page.tsx:105:24)
  42 |
  43 |         if (missConfiguredMiddlewareLocation) {
> 44 |           throw new Error(missConfiguredMiddlewareLocation);
     |                 ^
  45 |         }
  46 |
  47 |         // still throw there is no suggested move location
[dashboard] Using test user ID from query param: cmnazifg4001shsudi099rqd2
prisma:query SELECT `main`.`calorie_banks`.`id` FROM `main`.`calorie_banks` WHERE (`main`.`calorie_banks`.`userId` = ? AND 1=1) LIMIT ? OFFSET ?
prisma:query SELECT `main`.`daily_logs`.`id`, `main`.`daily_logs`.`userId`, `main`.`daily_logs`.`date`, `main`.`daily_logs`.`caloriesConsumed`, `main`.`daily_logs`.`proteinG`, `main`.`daily_logs`.`carbsG`, `main`.`daily_logs`.`fatG`, `main`.`daily_logs`.`fiberG`, `main`.`daily_logs`.`calorieTarget`, `main`.`daily_logs`.`caloriesBurned`, `main`.`daily_logs`.`exerciseMinutes`, `main`.`daily_logs`.`bankedAmount`, `main`.`daily_logs`.`waterMl` FROM `main`.`daily_logs` WHERE (`main`.`daily_logs`.`userId` = ? AND `main`.`daily_logs`.`date` >= ? AND `main`.`daily_logs`.`date` < ?) LIMIT ? OFFSET ?
prisma:query SELECT `main`.`bank_transactions`.`id`, `main`.`bank_transactions`.`bankId`, `main`.`bank_transactions`.`type`, `main`.`bank_transactions`.`amount`, `main`.`bank_transactions`.`reason`, `main`.`bank_transactions`.`caloriesConsumed`, `main`.`bank_transactions`.`caloriesTarget`, `main`.`bank_transactions`.`weightAtTime`, `main`.`bank_transactions`.`llmAdvice`, `main`.`bank_transactions`.`userFollowed`, `main`.`bank_transactions`.`sourceId`, `main`.`bank_transactions`.`sourceType`, `main`.`bank_transactions`.`createdAt` FROM `main`.`bank_transactions` WHERE `main`.`bank_transactions`.`bankId` = ? ORDER BY `main`.`bank_transactions`.`createdAt` DESC LIMIT ? OFFSET ?
prisma:query SELECT `main`.`weight_entries`.`id`, `main`.`weight_entries`.`userId`, `main`.`weight_entries`.`weightKg`, `main`.`weight_entries`.`date`, `main`.`weight_entries`.`source` FROM `main`.`weight_entries` WHERE `main`.`weight_entries`.`userId` = ? ORDER BY `main`.`weight_entries`.`date` DESC LIMIT ? OFFSET ?
prisma:query SELECT `main`.`meals`.`id`, `main`.`meals`.`dailyLogId`, `main`.`meals`.`name`, `main`.`meals`.`mealType`, `main`.`meals`.`calories`, `main`.`meals`.`proteinG`, `main`.`meals`.`carbsG`, `main`.`meals`.`fatG`, `main`.`meals`.`source`, `main`.`meals`.`aiConfidence`, `main`.`meals`.`createdAt` FROM `main`.`meals` WHERE `main`.`meals`.`dailyLogId` IN (NULL) LIMIT ? OFFSET ?
prisma:query SELECT `main`.`user_profiles`.`id`, `main`.`user_profiles`.`userId`, `main`.`user_profiles`.`heightCm`, `main`.`user_profiles`.`birthDate`, `main`.`user_profiles`.`gender`, `main`.`user_profiles`.`goalWeightKg`, `main`.`user_profiles`.`targetDate`, `main`.`user_profiles`.`activityLevel`, `main`.`user_profiles`.`timezone`, `main`.`user_profiles`.`createdAt`, `main`.`user_profiles`.`updatedAt` FROM `main`.`user_profiles` WHERE (`main`.`user_profiles`.`userId` = ? AND 1=1) LIMIT ? OFFSET ?
prisma:query SELECT `main`.`calorie_banks`.`id`, `main`.`calorie_banks`.`userId`, `main`.`calorie_banks`.`currentBalance`, `main`.`calorie_banks`.`totalBanked`, `main`.`calorie_banks`.`totalSpent`, `main`.`calorie_banks`.`dailyTarget`, `main`.`calorie_banks`.`weeklyAverage`, `main`.`calorie_banks`.`recommendedSpend`, `main`.`calorie_banks`.`spendByDate`, `main`.`calorie_banks`.`allowNegative`, `main`.`calorie_banks`.`expireAfterDays`, `main`.`calorie_banks`.`createdAt`, `main`.`calorie_banks`.`updatedAt` FROM `main`.`calorie_banks` WHERE (`main`.`calorie_banks`.`userId` = ? AND 1=1) LIMIT ? OFFSET ?
prisma:query SELECT `main`.`metabolic_profiles`.`id`, `main`.`metabolic_profiles`.`userId`, `main`.`metabolic_profiles`.`trueMetabolicRate`, `main`.`metabolic_profiles`.`bmrEstimate`, `main`.`metabolic_profiles`.`adaptiveFactor`, `main`.`metabolic_profiles`.`weightChangeFactor`, `main`.`metabolic_profiles`.`predictionAccuracy`, `main`.`metabolic_profiles`.`predictionsMade`, `main`.`metabolic_profiles`.`predictionsCorrect`, `main`.`metabolic_profiles`.`lastCalculatedAt`, `main`.`metabolic_profiles`.`calculationMethod`, `main`.`metabolic_profiles`.`createdAt`, `main`.`metabolic_profiles`.`updatedAt` FROM `main`.`metabolic_profiles` WHERE (`main`.`metabolic_profiles`.`userId` = ? AND 1=1) LIMIT ? OFFSET ?
 GET /dashboard?test-user-id=cmnazifg4001shsudi099rqd2 200 in 305ms (next.js: 3ms, application-code: 302ms)
[browser] Clerk: Clerk has been loaded with development keys. Development instances have strict usage limits and should not be used when deploying your application to production. Learn more: https://clerk.com/docs/deployments/overview (https://present-lizard-1.clerk.accounts.dev/npm/@clerk/clerk-js@6/dist/clerk.browser.js:12:3226)
 GET / 200 in 200ms (next.js: 154ms, application-code: 46ms)
 GET / 200 in 47ms (next.js: 2ms, application-code: 45ms)
prisma:query SELECT `main`.`users`.`id` FROM `main`.`users` WHERE (`main`.`users`.`email` = ? AND 1=1) LIMIT ? OFFSET ?
prisma:query INSERT INTO `main`.`users` (`id`, `email`, `createdAt`, `updatedAt`) VALUES (?,?,?,?) RETURNING `id` AS `id`
prisma:query SELECT `main`.`users`.`id`, `main`.`users`.`email`, `main`.`users`.`name`, `main`.`users`.`createdAt`, `main`.`users`.`updatedAt` FROM `main`.`users` WHERE `main`.`users`.`id` = ? LIMIT ? OFFSET ?
prisma:query -- Implicit "COMMIT" query via underlying driver
prisma:query SELECT `main`.`user_profiles`.`id` FROM `main`.`user_profiles` WHERE (`main`.`user_profiles`.`userId` = ? AND 1=1) LIMIT ? OFFSET ?
prisma:query INSERT INTO `main`.`user_profiles` (`id`, `userId`, `heightCm`, `gender`, `goalWeightKg`, `activityLevel`, `timezone`, `createdAt`, `updatedAt`) VALUES (?,?,?,?,?,?,?,?,?) RETURNING `id` AS `id`
prisma:query SELECT `main`.`user_profiles`.`id`, `main`.`user_profiles`.`userId`, `main`.`user_profiles`.`heightCm`, `main`.`user_profiles`.`birthDate`, `main`.`user_profiles`.`gender`, `main`.`user_profiles`.`goalWeightKg`, `main`.`user_profiles`.`targetDate`, `main`.`user_profiles`.`activityLevel`, `main`.`user_profiles`.`timezone`, `main`.`user_profiles`.`createdAt`, `main`.`user_profiles`.`updatedAt` FROM `main`.`user_profiles` WHERE `main`.`user_profiles`.`id` = ? LIMIT ? OFFSET ?
prisma:query -- Implicit "COMMIT" query via underlying driver
prisma:query SELECT `main`.`metabolic_profiles`.`id` FROM `main`.`metabolic_profiles` WHERE (`main`.`metabolic_profiles`.`userId` = ? AND 1=1) LIMIT ? OFFSET ?
prisma:query INSERT INTO `main`.`metabolic_profiles` (`id`, `userId`, `trueMetabolicRate`, `bmrEstimate`, `adaptiveFactor`, `weightChangeFactor`, `predictionAccuracy`, `predictionsMade`, `predictionsCorrect`, `lastCalculatedAt`, `calculationMethod`, `createdAt`, `updatedAt`) VALUES (?,?,?,?,?,?,?,?,?,?,?,?,?) RETURNING `id` AS `id`
prisma:query SELECT `main`.`metabolic_profiles`.`id`, `main`.`metabolic_profiles`.`userId`, `main`.`metabolic_profiles`.`trueMetabolicRate`, `main`.`metabolic_profiles`.`bmrEstimate`, `main`.`metabolic_profiles`.`adaptiveFactor`, `main`.`metabolic_profiles`.`weightChangeFactor`, `main`.`metabolic_profiles`.`predictionAccuracy`, `main`.`metabolic_profiles`.`predictionsMade`, `main`.`metabolic_profiles`.`predictionsCorrect`, `main`.`metabolic_profiles`.`lastCalculatedAt`, `main`.`metabolic_profiles`.`calculationMethod`, `main`.`metabolic_profiles`.`createdAt`, `main`.`metabolic_profiles`.`updatedAt` FROM `main`.`metabolic_profiles` WHERE `main`.`metabolic_profiles`.`id` = ? LIMIT ? OFFSET ?
prisma:query -- Implicit "COMMIT" query via underlying driver
prisma:query SELECT `main`.`calorie_banks`.`id` FROM `main`.`calorie_banks` WHERE (`main`.`calorie_banks`.`userId` = ? AND 1=1) LIMIT ? OFFSET ?
prisma:query INSERT INTO `main`.`calorie_banks` (`id`, `userId`, `currentBalance`, `totalBanked`, `totalSpent`, `dailyTarget`, `weeklyAverage`, `allowNegative`, `expireAfterDays`, `createdAt`, `updatedAt`) VALUES (?,?,?,?,?,?,?,?,?,?,?) RETURNING `id` AS `id`
prisma:query SELECT `main`.`calorie_banks`.`id`, `main`.`calorie_banks`.`userId`, `main`.`calorie_banks`.`currentBalance`, `main`.`calorie_banks`.`totalBanked`, `main`.`calorie_banks`.`totalSpent`, `main`.`calorie_banks`.`dailyTarget`, `main`.`calorie_banks`.`weeklyAverage`, `main`.`calorie_banks`.`recommendedSpend`, `main`.`calorie_banks`.`spendByDate`, `main`.`calorie_banks`.`allowNegative`, `main`.`calorie_banks`.`expireAfterDays`, `main`.`calorie_banks`.`createdAt`, `main`.`calorie_banks`.`updatedAt` FROM `main`.`calorie_banks` WHERE `main`.`calorie_banks`.`id` = ? LIMIT ? OFFSET ?
prisma:query -- Implicit "COMMIT" query via underlying driver
 POST /api/test-auth 200 in 40ms (next.js: 3ms, application-code: 38ms)
 GET /onboarding 200 in 55ms (next.js: 3ms, application-code: 52ms)
 GET /onboarding 200 in 55ms (next.js: 3ms, application-code: 52ms)
[browser] Clerk: Clerk has been loaded with development keys. Development instances have strict usage limits and should not be used when deploying your application to production. Learn more: https://clerk.com/docs/deployments/overview (https://present-lizard-1.clerk.accounts.dev/npm/@clerk/clerk-js@6/dist/clerk.browser.js:12:3226)
[initialize] Headers received: {
  'X-Test-User-Id': 'cmnazjg5v0020hsudr58iq240',
  'Content-Type': 'application/json'
}
[initialize] NODE_ENV: development
[initialize] Using test user ID: cmnazjg5v0020hsudr58iq240
[initialize] Activity level mapping: MODERATELY_ACTIVE -> MODERATE
prisma:query INSERT INTO `main`.`user_profiles` (`id`, `userId`, `heightCm`, `birthDate`, `gender`, `goalWeightKg`, `targetDate`, `activityLevel`, `timezone`, `createdAt`, `updatedAt`) VALUES (?,?,?,?,?,?,?,?,?,?,?) ON CONFLICT  (`userId`) DO UPDATE SET `heightCm` = ?, `birthDate` = ?, `gender` = ?, `goalWeightKg` = ?, `targetDate` = ?, `activityLevel` = ?, `timezone` = ?, `updatedAt` = ? WHERE (`main`.`user_profiles`.`userId` = ? AND 1=1) RETURNING `id` AS `id`, `userId` AS `userId`, `heightCm` AS `heightCm`, `birthDate` AS `birthDate`, `gender` AS `gender`, `goalWeightKg` AS `goalWeightKg`, `targetDate` AS `targetDate`, `activityLevel` AS `activityLevel`, `timezone` AS `timezone`, `createdAt` AS `createdAt`, `updatedAt` AS `updatedAt`
prisma:query INSERT INTO `main`.`metabolic_profiles` (`id`, `userId`, `trueMetabolicRate`, `bmrEstimate`, `adaptiveFactor`, `weightChangeFactor`, `predictionAccuracy`, `predictionsMade`, `predictionsCorrect`, `lastCalculatedAt`, `calculationMethod`, `createdAt`, `updatedAt`) VALUES (?,?,?,?,?,?,?,?,?,?,?,?,?) ON CONFLICT  (`userId`) DO UPDATE SET `trueMetabolicRate` = ?, `bmrEstimate` = ?, `lastCalculatedAt` = ?, `updatedAt` = ? WHERE (`main`.`metabolic_profiles`.`userId` = ? AND 1=1) RETURNING `id` AS `id`, `userId` AS `userId`, `trueMetabolicRate` AS `trueMetabolicRate`, `bmrEstimate` AS `bmrEstimate`, `adaptiveFactor` AS `adaptiveFactor`, `weightChangeFactor` AS `weightChangeFactor`, `predictionAccuracy` AS `predictionAccuracy`, `predictionsMade` AS `predictionsMade`, `predictionsCorrect` AS `predictionsCorrect`, `lastCalculatedAt` AS `lastCalculatedAt`, `calculationMethod` AS `calculationMethod`, `createdAt` AS `createdAt`, `updatedAt` AS `updatedAt`
prisma:query INSERT INTO `main`.`calorie_banks` (`id`, `userId`, `currentBalance`, `totalBanked`, `totalSpent`, `dailyTarget`, `weeklyAverage`, `allowNegative`, `expireAfterDays`, `createdAt`, `updatedAt`) VALUES (?,?,?,?,?,?,?,?,?,?,?) ON CONFLICT  (`userId`) DO UPDATE SET `dailyTarget` = ?, `allowNegative` = ?, `updatedAt` = ? WHERE (`main`.`calorie_banks`.`userId` = ? AND 1=1) RETURNING `id` AS `id`, `userId` AS `userId`, `currentBalance` AS `currentBalance`, `totalBanked` AS `totalBanked`, `totalSpent` AS `totalSpent`, `dailyTarget` AS `dailyTarget`, `weeklyAverage` AS `weeklyAverage`, `recommendedSpend` AS `recommendedSpend`, `spendByDate` AS `spendByDate`, `allowNegative` AS `allowNegative`, `expireAfterDays` AS `expireAfterDays`, `createdAt` AS `createdAt`, `updatedAt` AS `updatedAt`
prisma:query INSERT INTO `main`.`weight_entries` (`id`, `userId`, `weightKg`, `date`, `source`) VALUES (?,?,?,?,?) RETURNING `id` AS `id`, `userId` AS `userId`, `weightKg` AS `weightKg`, `date` AS `date`, `source` AS `source`
 POST /api/user/initialize 200 in 32ms (next.js: 2ms, application-code: 30ms)
⨯ Error: Clerk: clerkMiddleware() was not run, your middleware or proxy file might be misplaced. Move your middleware or proxy file to ./middleware.ts. Currently located at ./app/middleware.ts
    at async DashboardPage (app\dashboard\page.tsx:105:24)
  103 |     console.log("[dashboard] Using test user ID from query param:", userId);
  104 |   } else {
> 105 |     const authResult = await auth();
      |                        ^
  106 |     userId = authResult.userId;
  107 |     console.log("[dashboard] Using Clerk auth user ID:", userId);
  108 |   } {
  digest: '3112700540'
}
 GET /dashboard 200 in 38ms (next.js: 3ms, application-code: 35ms)
[browser] Uncaught Error: Clerk: clerkMiddleware() was not run, your middleware or proxy file might be misplaced. Move your middleware or proxy file to ./middleware.ts. Currently located at ./app/middleware.ts
    at <anonymous> (node_modules\@clerk\nextjs\src\server\createGetAuth.ts:44:17)
    at  auth (node_modules\@clerk\nextjs\src\app-router\server\auth.ts:96:24)
    at  DashboardPage (app\dashboard\page.tsx:105:24)
  42 |
  43 |         if (missConfiguredMiddlewareLocation) {
> 44 |           throw new Error(missConfiguredMiddlewareLocation);
     |                 ^
  45 |         }
  46 |
  47 |         // still throw there is no suggested move location
[dashboard] Using test user ID from query param: cmnazjg5v0020hsudr58iq240
prisma:query SELECT `main`.`calorie_banks`.`id` FROM `main`.`calorie_banks` WHERE (`main`.`calorie_banks`.`userId` = ? AND 1=1) LIMIT ? OFFSET ?
prisma:query SELECT `main`.`daily_logs`.`id`, `main`.`daily_logs`.`userId`, `main`.`daily_logs`.`date`, `main`.`daily_logs`.`caloriesConsumed`, `main`.`daily_logs`.`proteinG`, `main`.`daily_logs`.`carbsG`, `main`.`daily_logs`.`fatG`, `main`.`daily_logs`.`fiberG`, `main`.`daily_logs`.`calorieTarget`, `main`.`daily_logs`.`caloriesBurned`, `main`.`daily_logs`.`exerciseMinutes`, `main`.`daily_logs`.`bankedAmount`, `main`.`daily_logs`.`waterMl` FROM `main`.`daily_logs` WHERE (`main`.`daily_logs`.`userId` = ? AND `main`.`daily_logs`.`date` >= ? AND `main`.`daily_logs`.`date` < ?) LIMIT ? OFFSET ?
prisma:query SELECT `main`.`bank_transactions`.`id`, `main`.`bank_transactions`.`bankId`, `main`.`bank_transactions`.`type`, `main`.`bank_transactions`.`amount`, `main`.`bank_transactions`.`reason`, `main`.`bank_transactions`.`caloriesConsumed`, `main`.`bank_transactions`.`caloriesTarget`, `main`.`bank_transactions`.`weightAtTime`, `main`.`bank_transactions`.`llmAdvice`, `main`.`bank_transactions`.`userFollowed`, `main`.`bank_transactions`.`sourceId`, `main`.`bank_transactions`.`sourceType`, `main`.`bank_transactions`.`createdAt` FROM `main`.`bank_transactions` WHERE `main`.`bank_transactions`.`bankId` = ? ORDER BY `main`.`bank_transactions`.`createdAt` DESC LIMIT ? OFFSET ?
prisma:query SELECT `main`.`weight_entries`.`id`, `main`.`weight_entries`.`userId`, `main`.`weight_entries`.`weightKg`, `main`.`weight_entries`.`date`, `main`.`weight_entries`.`source` FROM `main`.`weight_entries` WHERE `main`.`weight_entries`.`userId` = ? ORDER BY `main`.`weight_entries`.`date` DESC LIMIT ? OFFSET ?
prisma:query SELECT `main`.`meals`.`id`, `main`.`meals`.`dailyLogId`, `main`.`meals`.`name`, `main`.`meals`.`mealType`, `main`.`meals`.`calories`, `main`.`meals`.`proteinG`, `main`.`meals`.`carbsG`, `main`.`meals`.`fatG`, `main`.`meals`.`source`, `main`.`meals`.`aiConfidence`, `main`.`meals`.`createdAt` FROM `main`.`meals` WHERE `main`.`meals`.`dailyLogId` IN (NULL) LIMIT ? OFFSET ?
prisma:query SELECT `main`.`user_profiles`.`id`, `main`.`user_profiles`.`userId`, `main`.`user_profiles`.`heightCm`, `main`.`user_profiles`.`birthDate`, `main`.`user_profiles`.`gender`, `main`.`user_profiles`.`goalWeightKg`, `main`.`user_profiles`.`targetDate`, `main`.`user_profiles`.`activityLevel`, `main`.`user_profiles`.`timezone`, `main`.`user_profiles`.`createdAt`, `main`.`user_profiles`.`updatedAt` FROM `main`.`user_profiles` WHERE (`main`.`user_profiles`.`userId` = ? AND 1=1) LIMIT ? OFFSET ?
prisma:query SELECT `main`.`calorie_banks`.`id`, `main`.`calorie_banks`.`userId`, `main`.`calorie_banks`.`currentBalance`, `main`.`calorie_banks`.`totalBanked`, `main`.`calorie_banks`.`totalSpent`, `main`.`calorie_banks`.`dailyTarget`, `main`.`calorie_banks`.`weeklyAverage`, `main`.`calorie_banks`.`recommendedSpend`, `main`.`calorie_banks`.`spendByDate`, `main`.`calorie_banks`.`allowNegative`, `main`.`calorie_banks`.`expireAfterDays`, `main`.`calorie_banks`.`createdAt`, `main`.`calorie_banks`.`updatedAt` FROM `main`.`calorie_banks` WHERE (`main`.`calorie_banks`.`userId` = ? AND 1=1) LIMIT ? OFFSET ?
prisma:query SELECT `main`.`metabolic_profiles`.`id`, `main`.`metabolic_profiles`.`userId`, `main`.`metabolic_profiles`.`trueMetabolicRate`, `main`.`metabolic_profiles`.`bmrEstimate`, `main`.`metabolic_profiles`.`adaptiveFactor`, `main`.`metabolic_profiles`.`weightChangeFactor`, `main`.`metabolic_profiles`.`predictionAccuracy`, `main`.`metabolic_profiles`.`predictionsMade`, `main`.`metabolic_profiles`.`predictionsCorrect`, `main`.`metabolic_profiles`.`lastCalculatedAt`, `main`.`metabolic_profiles`.`calculationMethod`, `main`.`metabolic_profiles`.`createdAt`, `main`.`metabolic_profiles`.`updatedAt` FROM `main`.`metabolic_profiles` WHERE (`main`.`metabolic_profiles`.`userId` = ? AND 1=1) LIMIT ? OFFSET ?
 GET /dashboard?test-user-id=cmnazjg5v0020hsudr58iq240 200 in 114ms (next.js: 4ms, application-code: 109ms)
[browser] Clerk: Clerk has been loaded with development keys. Development instances have strict usage limits and should not be used when deploying your application to production. Learn more: https://clerk.com/docs/deployments/overview (https://present-lizard-1.clerk.accounts.dev/npm/@clerk/clerk-js@6/dist/clerk.browser.js:12:3226)
 GET / 200 in 50ms (next.js: 5ms, application-code: 45ms)
 GET / 200 in 162ms (next.js: 124ms, application-code: 38ms)
prisma:query SELECT `main`.`users`.`id` FROM `main`.`users` WHERE (`main`.`users`.`email` = ? AND 1=1) LIMIT ? OFFSET ?
prisma:query INSERT INTO `main`.`users` (`id`, `email`, `createdAt`, `updatedAt`) VALUES (?,?,?,?) RETURNING `id` AS `id`
prisma:query SELECT `main`.`users`.`id`, `main`.`users`.`email`, `main`.`users`.`name`, `main`.`users`.`createdAt`, `main`.`users`.`updatedAt` FROM `main`.`users` WHERE `main`.`users`.`id` = ? LIMIT ? OFFSET ?
prisma:query -- Implicit "COMMIT" query via underlying driver
prisma:query SELECT `main`.`user_profiles`.`id` FROM `main`.`user_profiles` WHERE (`main`.`user_profiles`.`userId` = ? AND 1=1) LIMIT ? OFFSET ?
prisma:query INSERT INTO `main`.`user_profiles` (`id`, `userId`, `heightCm`, `gender`, `goalWeightKg`, `activityLevel`, `timezone`, `createdAt`, `updatedAt`) VALUES (?,?,?,?,?,?,?,?,?) RETURNING `id` AS `id`
prisma:query SELECT `main`.`user_profiles`.`id`, `main`.`user_profiles`.`userId`, `main`.`user_profiles`.`heightCm`, `main`.`user_profiles`.`birthDate`, `main`.`user_profiles`.`gender`, `main`.`user_profiles`.`goalWeightKg`, `main`.`user_profiles`.`targetDate`, `main`.`user_profiles`.`activityLevel`, `main`.`user_profiles`.`timezone`, `main`.`user_profiles`.`createdAt`, `main`.`user_profiles`.`updatedAt` FROM `main`.`user_profiles` WHERE `main`.`user_profiles`.`id` = ? LIMIT ? OFFSET ?
prisma:query -- Implicit "COMMIT" query via underlying driver
prisma:query SELECT `main`.`metabolic_profiles`.`id` FROM `main`.`metabolic_profiles` WHERE (`main`.`metabolic_profiles`.`userId` = ? AND 1=1) LIMIT ? OFFSET ?
prisma:query INSERT INTO `main`.`metabolic_profiles` (`id`, `userId`, `trueMetabolicRate`, `bmrEstimate`, `adaptiveFactor`, `weightChangeFactor`, `predictionAccuracy`, `predictionsMade`, `predictionsCorrect`, `lastCalculatedAt`, `calculationMethod`, `createdAt`, `updatedAt`) VALUES (?,?,?,?,?,?,?,?,?,?,?,?,?) RETURNING `id` AS `id`
prisma:query SELECT `main`.`metabolic_profiles`.`id`, `main`.`metabolic_profiles`.`userId`, `main`.`metabolic_profiles`.`trueMetabolicRate`, `main`.`metabolic_profiles`.`bmrEstimate`, `main`.`metabolic_profiles`.`adaptiveFactor`, `main`.`metabolic_profiles`.`weightChangeFactor`, `main`.`metabolic_profiles`.`predictionAccuracy`, `main`.`metabolic_profiles`.`predictionsMade`, `main`.`metabolic_profiles`.`predictionsCorrect`, `main`.`metabolic_profiles`.`lastCalculatedAt`, `main`.`metabolic_profiles`.`calculationMethod`, `main`.`metabolic_profiles`.`createdAt`, `main`.`metabolic_profiles`.`updatedAt` FROM `main`.`metabolic_profiles` WHERE `main`.`metabolic_profiles`.`id` = ? LIMIT ? OFFSET ?
prisma:query -- Implicit "COMMIT" query via underlying driver
prisma:query SELECT `main`.`calorie_banks`.`id` FROM `main`.`calorie_banks` WHERE (`main`.`calorie_banks`.`userId` = ? AND 1=1) LIMIT ? OFFSET ?
prisma:query INSERT INTO `main`.`calorie_banks` (`id`, `userId`, `currentBalance`, `totalBanked`, `totalSpent`, `dailyTarget`, `weeklyAverage`, `allowNegative`, `expireAfterDays`, `createdAt`, `updatedAt`) VALUES (?,?,?,?,?,?,?,?,?,?,?) RETURNING `id` AS `id`
prisma:query SELECT `main`.`calorie_banks`.`id`, `main`.`calorie_banks`.`userId`, `main`.`calorie_banks`.`currentBalance`, `main`.`calorie_banks`.`totalBanked`, `main`.`calorie_banks`.`totalSpent`, `main`.`calorie_banks`.`dailyTarget`, `main`.`calorie_banks`.`weeklyAverage`, `main`.`calorie_banks`.`recommendedSpend`, `main`.`calorie_banks`.`spendByDate`, `main`.`calorie_banks`.`allowNegative`, `main`.`calorie_banks`.`expireAfterDays`, `main`.`calorie_banks`.`createdAt`, `main`.`calorie_banks`.`updatedAt` FROM `main`.`calorie_banks` WHERE `main`.`calorie_banks`.`id` = ? LIMIT ? OFFSET ?
prisma:query -- Implicit "COMMIT" query via underlying driver
 POST /api/test-auth 200 in 39ms (next.js: 2ms, application-code: 37ms)
 GET /onboarding 200 in 55ms (next.js: 3ms, application-code: 52ms)
 GET /onboarding 200 in 56ms (next.js: 3ms, application-code: 53ms)
[browser] Clerk: Clerk has been loaded with development keys. Development instances have strict usage limits and should not be used when deploying your application to production. Learn more: https://clerk.com/docs/deployments/overview (https://present-lizard-1.clerk.accounts.dev/npm/@clerk/clerk-js@6/dist/clerk.browser.js:12:3226)
[initialize] Headers received: {
  'X-Test-User-Id': 'cmnazp6sz0028hsudul89bwq4',
  'Content-Type': 'application/json'
}
[initialize] NODE_ENV: development
[initialize] Using test user ID: cmnazp6sz0028hsudul89bwq4
[initialize] Activity level mapping: MODERATELY_ACTIVE -> MODERATE
prisma:query INSERT INTO `main`.`user_profiles` (`id`, `userId`, `heightCm`, `birthDate`, `gender`, `goalWeightKg`, `targetDate`, `activityLevel`, `timezone`, `createdAt`, `updatedAt`) VALUES (?,?,?,?,?,?,?,?,?,?,?) ON CONFLICT  (`userId`) DO UPDATE SET `heightCm` = ?, `birthDate` = ?, `gender` = ?, `goalWeightKg` = ?, `targetDate` = ?, `activityLevel` = ?, `timezone` = ?, `updatedAt` = ? WHERE (`main`.`user_profiles`.`userId` = ? AND 1=1) RETURNING `id` AS `id`, `userId` AS `userId`, `heightCm` AS `heightCm`, `birthDate` AS `birthDate`, `gender` AS `gender`, `goalWeightKg` AS `goalWeightKg`, `targetDate` AS `targetDate`, `activityLevel` AS `activityLevel`, `timezone` AS `timezone`, `createdAt` AS `createdAt`, `updatedAt` AS `updatedAt`
prisma:query INSERT INTO `main`.`metabolic_profiles` (`id`, `userId`, `trueMetabolicRate`, `bmrEstimate`, `adaptiveFactor`, `weightChangeFactor`, `predictionAccuracy`, `predictionsMade`, `predictionsCorrect`, `lastCalculatedAt`, `calculationMethod`, `createdAt`, `updatedAt`) VALUES (?,?,?,?,?,?,?,?,?,?,?,?,?) ON CONFLICT  (`userId`) DO UPDATE SET `trueMetabolicRate` = ?, `bmrEstimate` = ?, `lastCalculatedAt` = ?, `updatedAt` = ? WHERE (`main`.`metabolic_profiles`.`userId` = ? AND 1=1) RETURNING `id` AS `id`, `userId` AS `userId`, `trueMetabolicRate` AS `trueMetabolicRate`, `bmrEstimate` AS `bmrEstimate`, `adaptiveFactor` AS `adaptiveFactor`, `weightChangeFactor` AS `weightChangeFactor`, `predictionAccuracy` AS `predictionAccuracy`, `predictionsMade` AS `predictionsMade`, `predictionsCorrect` AS `predictionsCorrect`, `lastCalculatedAt` AS `lastCalculatedAt`, `calculationMethod` AS `calculationMethod`, `createdAt` AS `createdAt`, `updatedAt` AS `updatedAt`
prisma:query INSERT INTO `main`.`calorie_banks` (`id`, `userId`, `currentBalance`, `totalBanked`, `totalSpent`, `dailyTarget`, `weeklyAverage`, `allowNegative`, `expireAfterDays`, `createdAt`, `updatedAt`) VALUES (?,?,?,?,?,?,?,?,?,?,?) ON CONFLICT  (`userId`) DO UPDATE SET `dailyTarget` = ?, `allowNegative` = ?, `updatedAt` = ? WHERE (`main`.`calorie_banks`.`userId` = ? AND 1=1) RETURNING `id` AS `id`, `userId` AS `userId`, `currentBalance` AS `currentBalance`, `totalBanked` AS `totalBanked`, `totalSpent` AS `totalSpent`, `dailyTarget` AS `dailyTarget`, `weeklyAverage` AS `weeklyAverage`, `recommendedSpend` AS `recommendedSpend`, `spendByDate` AS `spendByDate`, `allowNegative` AS `allowNegative`, `expireAfterDays` AS `expireAfterDays`, `createdAt` AS `createdAt`, `updatedAt` AS `updatedAt`
prisma:query INSERT INTO `main`.`weight_entries` (`id`, `userId`, `weightKg`, `date`, `source`) VALUES (?,?,?,?,?) RETURNING `id` AS `id`, `userId` AS `userId`, `weightKg` AS `weightKg`, `date` AS `date`, `source` AS `source`
 POST /api/user/initialize 200 in 39ms (next.js: 13ms, application-code: 27ms)
⨯ Error: Clerk: clerkMiddleware() was not run, your middleware or proxy file might be misplaced. Move your middleware or proxy file to ./middleware.ts. Currently located at ./app/middleware.ts
    at async DashboardPage (app\dashboard\page.tsx:105:24)
  103 |     console.log("[dashboard] Using test user ID from query param:", userId);
  104 |   } else {
> 105 |     const authResult = await auth();
      |                        ^
  106 |     userId = authResult.userId;
  107 |     console.log("[dashboard] Using Clerk auth user ID:", userId);
  108 |   } {
  digest: '3112700540'
}
 GET /dashboard 200 in 34ms (next.js: 4ms, application-code: 30ms)
[browser] Uncaught Error: Clerk: clerkMiddleware() was not run, your middleware or proxy file might be misplaced. Move your middleware or proxy file to ./middleware.ts. Currently located at ./app/middleware.ts
    at <anonymous> (node_modules\@clerk\nextjs\src\server\createGetAuth.ts:44:17)
    at  auth (node_modules\@clerk\nextjs\src\app-router\server\auth.ts:96:24)
    at  DashboardPage (app\dashboard\page.tsx:105:24)
  42 |
  43 |         if (missConfiguredMiddlewareLocation) {
> 44 |           throw new Error(missConfiguredMiddlewareLocation);
     |                 ^
  45 |         }
  46 |
  47 |         // still throw there is no suggested move location
[dashboard] Using test user ID from query param: cmnazp6sz0028hsudul89bwq4
prisma:query SELECT `main`.`calorie_banks`.`id` FROM `main`.`calorie_banks` WHERE (`main`.`calorie_banks`.`userId` = ? AND 1=1) LIMIT ? OFFSET ?
prisma:query SELECT `main`.`daily_logs`.`id`, `main`.`daily_logs`.`userId`, `main`.`daily_logs`.`date`, `main`.`daily_logs`.`caloriesConsumed`, `main`.`daily_logs`.`proteinG`, `main`.`daily_logs`.`carbsG`, `main`.`daily_logs`.`fatG`, `main`.`daily_logs`.`fiberG`, `main`.`daily_logs`.`calorieTarget`, `main`.`daily_logs`.`caloriesBurned`, `main`.`daily_logs`.`exerciseMinutes`, `main`.`daily_logs`.`bankedAmount`, `main`.`daily_logs`.`waterMl` FROM `main`.`daily_logs` WHERE (`main`.`daily_logs`.`userId` = ? AND `main`.`daily_logs`.`date` >= ? AND `main`.`daily_logs`.`date` < ?) LIMIT ? OFFSET ?
prisma:query SELECT `main`.`bank_transactions`.`id`, `main`.`bank_transactions`.`bankId`, `main`.`bank_transactions`.`type`, `main`.`bank_transactions`.`amount`, `main`.`bank_transactions`.`reason`, `main`.`bank_transactions`.`caloriesConsumed`, `main`.`bank_transactions`.`caloriesTarget`, `main`.`bank_transactions`.`weightAtTime`, `main`.`bank_transactions`.`llmAdvice`, `main`.`bank_transactions`.`userFollowed`, `main`.`bank_transactions`.`sourceId`, `main`.`bank_transactions`.`sourceType`, `main`.`bank_transactions`.`createdAt` FROM `main`.`bank_transactions` WHERE `main`.`bank_transactions`.`bankId` = ? ORDER BY `main`.`bank_transactions`.`createdAt` DESC LIMIT ? OFFSET ?
prisma:query SELECT `main`.`weight_entries`.`id`, `main`.`weight_entries`.`userId`, `main`.`weight_entries`.`weightKg`, `main`.`weight_entries`.`date`, `main`.`weight_entries`.`source` FROM `main`.`weight_entries` WHERE `main`.`weight_entries`.`userId` = ? ORDER BY `main`.`weight_entries`.`date` DESC LIMIT ? OFFSET ?
prisma:query SELECT `main`.`meals`.`id`, `main`.`meals`.`dailyLogId`, `main`.`meals`.`name`, `main`.`meals`.`mealType`, `main`.`meals`.`calories`, `main`.`meals`.`proteinG`, `main`.`meals`.`carbsG`, `main`.`meals`.`fatG`, `main`.`meals`.`source`, `main`.`meals`.`aiConfidence`, `main`.`meals`.`createdAt` FROM `main`.`meals` WHERE `main`.`meals`.`dailyLogId` IN (NULL) LIMIT ? OFFSET ?
prisma:query SELECT `main`.`user_profiles`.`id`, `main`.`user_profiles`.`userId`, `main`.`user_profiles`.`heightCm`, `main`.`user_profiles`.`birthDate`, `main`.`user_profiles`.`gender`, `main`.`user_profiles`.`goalWeightKg`, `main`.`user_profiles`.`targetDate`, `main`.`user_profiles`.`activityLevel`, `main`.`user_profiles`.`timezone`, `main`.`user_profiles`.`createdAt`, `main`.`user_profiles`.`updatedAt` FROM `main`.`user_profiles` WHERE (`main`.`user_profiles`.`userId` = ? AND 1=1) LIMIT ? OFFSET ?
prisma:query SELECT `main`.`calorie_banks`.`id`, `main`.`calorie_banks`.`userId`, `main`.`calorie_banks`.`currentBalance`, `main`.`calorie_banks`.`totalBanked`, `main`.`calorie_banks`.`totalSpent`, `main`.`calorie_banks`.`dailyTarget`, `main`.`calorie_banks`.`weeklyAverage`, `main`.`calorie_banks`.`recommendedSpend`, `main`.`calorie_banks`.`spendByDate`, `main`.`calorie_banks`.`allowNegative`, `main`.`calorie_banks`.`expireAfterDays`, `main`.`calorie_banks`.`createdAt`, `main`.`calorie_banks`.`updatedAt` FROM `main`.`calorie_banks` WHERE (`main`.`calorie_banks`.`userId` = ? AND 1=1) LIMIT ? OFFSET ?
prisma:query SELECT `main`.`metabolic_profiles`.`id`, `main`.`metabolic_profiles`.`userId`, `main`.`metabolic_profiles`.`trueMetabolicRate`, `main`.`metabolic_profiles`.`bmrEstimate`, `main`.`metabolic_profiles`.`adaptiveFactor`, `main`.`metabolic_profiles`.`weightChangeFactor`, `main`.`metabolic_profiles`.`predictionAccuracy`, `main`.`metabolic_profiles`.`predictionsMade`, `main`.`metabolic_profiles`.`predictionsCorrect`, `main`.`metabolic_profiles`.`lastCalculatedAt`, `main`.`metabolic_profiles`.`calculationMethod`, `main`.`metabolic_profiles`.`createdAt`, `main`.`metabolic_profiles`.`updatedAt` FROM `main`.`metabolic_profiles` WHERE (`main`.`metabolic_profiles`.`userId` = ? AND 1=1) LIMIT ? OFFSET ?
 GET /dashboard?test-user-id=cmnazp6sz0028hsudul89bwq4 200 in 94ms (next.js: 3ms, application-code: 91ms)
[browser] Clerk: Clerk has been loaded with development keys. Development instances have strict usage limits and should not be used when deploying your application to production. Learn more: https://clerk.com/docs/deployments/overview (https://present-lizard-1.clerk.accounts.dev/npm/@clerk/clerk-js@6/dist/clerk.browser.js:12:3226)
 GET / 200 in 51ms (next.js: 3ms, application-code: 48ms)
 GET / 200 in 51ms (next.js: 3ms, application-code: 48ms)
prisma:query SELECT `main`.`users`.`id` FROM `main`.`users` WHERE (`main`.`users`.`email` = ? AND 1=1) LIMIT ? OFFSET ?
prisma:query INSERT INTO `main`.`users` (`id`, `email`, `createdAt`, `updatedAt`) VALUES (?,?,?,?) RETURNING `id` AS `id`
prisma:query SELECT `main`.`users`.`id`, `main`.`users`.`email`, `main`.`users`.`name`, `main`.`users`.`createdAt`, `main`.`users`.`updatedAt` FROM `main`.`users` WHERE `main`.`users`.`id` = ? LIMIT ? OFFSET ?
prisma:query -- Implicit "COMMIT" query via underlying driver
prisma:query SELECT `main`.`user_profiles`.`id` FROM `main`.`user_profiles` WHERE (`main`.`user_profiles`.`userId` = ? AND 1=1) LIMIT ? OFFSET ?
prisma:query INSERT INTO `main`.`user_profiles` (`id`, `userId`, `heightCm`, `gender`, `goalWeightKg`, `activityLevel`, `timezone`, `createdAt`, `updatedAt`) VALUES (?,?,?,?,?,?,?,?,?) RETURNING `id` AS `id`
prisma:query SELECT `main`.`user_profiles`.`id`, `main`.`user_profiles`.`userId`, `main`.`user_profiles`.`heightCm`, `main`.`user_profiles`.`birthDate`, `main`.`user_profiles`.`gender`, `main`.`user_profiles`.`goalWeightKg`, `main`.`user_profiles`.`targetDate`, `main`.`user_profiles`.`activityLevel`, `main`.`user_profiles`.`timezone`, `main`.`user_profiles`.`createdAt`, `main`.`user_profiles`.`updatedAt` FROM `main`.`user_profiles` WHERE `main`.`user_profiles`.`id` = ? LIMIT ? OFFSET ?
prisma:query -- Implicit "COMMIT" query via underlying driver
prisma:query SELECT `main`.`metabolic_profiles`.`id` FROM `main`.`metabolic_profiles` WHERE (`main`.`metabolic_profiles`.`userId` = ? AND 1=1) LIMIT ? OFFSET ?
prisma:query INSERT INTO `main`.`metabolic_profiles` (`id`, `userId`, `trueMetabolicRate`, `bmrEstimate`, `adaptiveFactor`, `weightChangeFactor`, `predictionAccuracy`, `predictionsMade`, `predictionsCorrect`, `lastCalculatedAt`, `calculationMethod`, `createdAt`, `updatedAt`) VALUES (?,?,?,?,?,?,?,?,?,?,?,?,?) RETURNING `id` AS `id`
prisma:query SELECT `main`.`metabolic_profiles`.`id`, `main`.`metabolic_profiles`.`userId`, `main`.`metabolic_profiles`.`trueMetabolicRate`, `main`.`metabolic_profiles`.`bmrEstimate`, `main`.`metabolic_profiles`.`adaptiveFactor`, `main`.`metabolic_profiles`.`weightChangeFactor`, `main`.`metabolic_profiles`.`predictionAccuracy`, `main`.`metabolic_profiles`.`predictionsMade`, `main`.`metabolic_profiles`.`predictionsCorrect`, `main`.`metabolic_profiles`.`lastCalculatedAt`, `main`.`metabolic_profiles`.`calculationMethod`, `main`.`metabolic_profiles`.`createdAt`, `main`.`metabolic_profiles`.`updatedAt` FROM `main`.`metabolic_profiles` WHERE `main`.`metabolic_profiles`.`id` = ? LIMIT ? OFFSET ?
prisma:query -- Implicit "COMMIT" query via underlying driver
prisma:query SELECT `main`.`calorie_banks`.`id` FROM `main`.`calorie_banks` WHERE (`main`.`calorie_banks`.`userId` = ? AND 1=1) LIMIT ? OFFSET ?
prisma:query INSERT INTO `main`.`calorie_banks` (`id`, `userId`, `currentBalance`, `totalBanked`, `totalSpent`, `dailyTarget`, `weeklyAverage`, `allowNegative`, `expireAfterDays`, `createdAt`, `updatedAt`) VALUES (?,?,?,?,?,?,?,?,?,?,?) RETURNING `id` AS `id`
prisma:query SELECT `main`.`calorie_banks`.`id`, `main`.`calorie_banks`.`userId`, `main`.`calorie_banks`.`currentBalance`, `main`.`calorie_banks`.`totalBanked`, `main`.`calorie_banks`.`totalSpent`, `main`.`calorie_banks`.`dailyTarget`, `main`.`calorie_banks`.`weeklyAverage`, `main`.`calorie_banks`.`recommendedSpend`, `main`.`calorie_banks`.`spendByDate`, `main`.`calorie_banks`.`allowNegative`, `main`.`calorie_banks`.`expireAfterDays`, `main`.`calorie_banks`.`createdAt`, `main`.`calorie_banks`.`updatedAt` FROM `main`.`calorie_banks` WHERE `main`.`calorie_banks`.`id` = ? LIMIT ? OFFSET ?
prisma:query -- Implicit "COMMIT" query via underlying driver
 POST /api/test-auth 200 in 38ms (next.js: 2ms, application-code: 36ms)
 GET /onboarding 200 in 56ms (next.js: 6ms, application-code: 50ms)
[browser] Clerk: Clerk has been loaded with development keys. Development instances have strict usage limits and should not be used when deploying your application to production. Learn more: https://clerk.com/docs/deployments/overview (https://present-lizard-1.clerk.accounts.dev/npm/@clerk/clerk-js@6/dist/clerk.browser.js:12:3226)
 GET /onboarding 200 in 58ms (next.js: 4ms, application-code: 55ms)
[browser] Clerk: Clerk has been loaded with development keys. Development instances have strict usage limits and should not be used when deploying your application to production. Learn more: https://clerk.com/docs/deployments/overview (https://present-lizard-1.clerk.accounts.dev/npm/@clerk/clerk-js@6/dist/clerk.browser.js:12:3226)
[initialize] Headers received: {
  'X-Test-User-Id': 'cmnazr4j8002ghsudxseo2tti',
  'Content-Type': 'application/json'
}
[initialize] NODE_ENV: development
[initialize] Using test user ID: cmnazr4j8002ghsudxseo2tti
[initialize] Activity level mapping: MODERATELY_ACTIVE -> MODERATE
prisma:query INSERT INTO `main`.`user_profiles` (`id`, `userId`, `heightCm`, `birthDate`, `gender`, `goalWeightKg`, `targetDate`, `activityLevel`, `timezone`, `createdAt`, `updatedAt`) VALUES (?,?,?,?,?,?,?,?,?,?,?) ON CONFLICT  (`userId`) DO UPDATE SET `heightCm` = ?, `birthDate` = ?, `gender` = ?, `goalWeightKg` = ?, `targetDate` = ?, `activityLevel` = ?, `timezone` = ?, `updatedAt` = ? WHERE (`main`.`user_profiles`.`userId` = ? AND 1=1) RETURNING `id` AS `id`, `userId` AS `userId`, `heightCm` AS `heightCm`, `birthDate` AS `birthDate`, `gender` AS `gender`, `goalWeightKg` AS `goalWeightKg`, `targetDate` AS `targetDate`, `activityLevel` AS `activityLevel`, `timezone` AS `timezone`, `createdAt` AS `createdAt`, `updatedAt` AS `updatedAt`
prisma:query INSERT INTO `main`.`metabolic_profiles` (`id`, `userId`, `trueMetabolicRate`, `bmrEstimate`, `adaptiveFactor`, `weightChangeFactor`, `predictionAccuracy`, `predictionsMade`, `predictionsCorrect`, `lastCalculatedAt`, `calculationMethod`, `createdAt`, `updatedAt`) VALUES (?,?,?,?,?,?,?,?,?,?,?,?,?) ON CONFLICT  (`userId`) DO UPDATE SET `trueMetabolicRate` = ?, `bmrEstimate` = ?, `lastCalculatedAt` = ?, `updatedAt` = ? WHERE (`main`.`metabolic_profiles`.`userId` = ? AND 1=1) RETURNING `id` AS `id`, `userId` AS `userId`, `trueMetabolicRate` AS `trueMetabolicRate`, `bmrEstimate` AS `bmrEstimate`, `adaptiveFactor` AS `adaptiveFactor`, `weightChangeFactor` AS `weightChangeFactor`, `predictionAccuracy` AS `predictionAccuracy`, `predictionsMade` AS `predictionsMade`, `predictionsCorrect` AS `predictionsCorrect`, `lastCalculatedAt` AS `lastCalculatedAt`, `calculationMethod` AS `calculationMethod`, `createdAt` AS `createdAt`, `updatedAt` AS `updatedAt`
prisma:query INSERT INTO `main`.`calorie_banks` (`id`, `userId`, `currentBalance`, `totalBanked`, `totalSpent`, `dailyTarget`, `weeklyAverage`, `allowNegative`, `expireAfterDays`, `createdAt`, `updatedAt`) VALUES (?,?,?,?,?,?,?,?,?,?,?) ON CONFLICT  (`userId`) DO UPDATE SET `dailyTarget` = ?, `allowNegative` = ?, `updatedAt` = ? WHERE (`main`.`calorie_banks`.`userId` = ? AND 1=1) RETURNING `id` AS `id`, `userId` AS `userId`, `currentBalance` AS `currentBalance`, `totalBanked` AS `totalBanked`, `totalSpent` AS `totalSpent`, `dailyTarget` AS `dailyTarget`, `weeklyAverage` AS `weeklyAverage`, `recommendedSpend` AS `recommendedSpend`, `spendByDate` AS `spendByDate`, `allowNegative` AS `allowNegative`, `expireAfterDays` AS `expireAfterDays`, `createdAt` AS `createdAt`, `updatedAt` AS `updatedAt`
prisma:query INSERT INTO `main`.`weight_entries` (`id`, `userId`, `weightKg`, `date`, `source`) VALUES (?,?,?,?,?) RETURNING `id` AS `id`, `userId` AS `userId`, `weightKg` AS `weightKg`, `date` AS `date`, `source` AS `source`
 POST /api/user/initialize 200 in 32ms (next.js: 2ms, application-code: 29ms)
⨯ Error: Clerk: clerkMiddleware() was not run, your middleware or proxy file might be misplaced. Move your middleware or proxy file to ./middleware.ts. Currently located at ./app/middleware.ts
    at async DashboardPage (app\dashboard\page.tsx:105:24)
  103 |     console.log("[dashboard] Using test user ID from query param:", userId);
  104 |   } else {
> 105 |     const authResult = await auth();
      |                        ^
  106 |     userId = authResult.userId;
  107 |     console.log("[dashboard] Using Clerk auth user ID:", userId);
  108 |   } {
  digest: '3112700540'
}
 GET /dashboard 200 in 35ms (next.js: 7ms, application-code: 28ms)
[browser] Uncaught Error: Clerk: clerkMiddleware() was not run, your middleware or proxy file might be misplaced. Move your middleware or proxy file to ./middleware.ts. Currently located at ./app/middleware.ts
    at <anonymous> (node_modules\@clerk\nextjs\src\server\createGetAuth.ts:44:17)
    at  auth (node_modules\@clerk\nextjs\src\app-router\server\auth.ts:96:24)
    at  DashboardPage (app\dashboard\page.tsx:105:24)
  42 |
  43 |         if (missConfiguredMiddlewareLocation) {
> 44 |           throw new Error(missConfiguredMiddlewareLocation);
     |                 ^
  45 |         }
  46 |
  47 |         // still throw there is no suggested move location
[dashboard] Using test user ID from query param: cmnazr4j8002ghsudxseo2tti
prisma:query SELECT `main`.`calorie_banks`.`id` FROM `main`.`calorie_banks` WHERE (`main`.`calorie_banks`.`userId` = ? AND 1=1) LIMIT ? OFFSET ?
prisma:query SELECT `main`.`daily_logs`.`id`, `main`.`daily_logs`.`userId`, `main`.`daily_logs`.`date`, `main`.`daily_logs`.`caloriesConsumed`, `main`.`daily_logs`.`proteinG`, `main`.`daily_logs`.`carbsG`, `main`.`daily_logs`.`fatG`, `main`.`daily_logs`.`fiberG`, `main`.`daily_logs`.`calorieTarget`, `main`.`daily_logs`.`caloriesBurned`, `main`.`daily_logs`.`exerciseMinutes`, `main`.`daily_logs`.`bankedAmount`, `main`.`daily_logs`.`waterMl` FROM `main`.`daily_logs` WHERE (`main`.`daily_logs`.`userId` = ? AND `main`.`daily_logs`.`date` >= ? AND `main`.`daily_logs`.`date` < ?) LIMIT ? OFFSET ?
prisma:query SELECT `main`.`bank_transactions`.`id`, `main`.`bank_transactions`.`bankId`, `main`.`bank_transactions`.`type`, `main`.`bank_transactions`.`amount`, `main`.`bank_transactions`.`reason`, `main`.`bank_transactions`.`caloriesConsumed`, `main`.`bank_transactions`.`caloriesTarget`, `main`.`bank_transactions`.`weightAtTime`, `main`.`bank_transactions`.`llmAdvice`, `main`.`bank_transactions`.`userFollowed`, `main`.`bank_transactions`.`sourceId`, `main`.`bank_transactions`.`sourceType`, `main`.`bank_transactions`.`createdAt` FROM `main`.`bank_transactions` WHERE `main`.`bank_transactions`.`bankId` = ? ORDER BY `main`.`bank_transactions`.`createdAt` DESC LIMIT ? OFFSET ?
prisma:query SELECT `main`.`weight_entries`.`id`, `main`.`weight_entries`.`userId`, `main`.`weight_entries`.`weightKg`, `main`.`weight_entries`.`date`, `main`.`weight_entries`.`source` FROM `main`.`weight_entries` WHERE `main`.`weight_entries`.`userId` = ? ORDER BY `main`.`weight_entries`.`date` DESC LIMIT ? OFFSET ?
prisma:query SELECT `main`.`meals`.`id`, `main`.`meals`.`dailyLogId`, `main`.`meals`.`name`, `main`.`meals`.`mealType`, `main`.`meals`.`calories`, `main`.`meals`.`proteinG`, `main`.`meals`.`carbsG`, `main`.`meals`.`fatG`, `main`.`meals`.`source`, `main`.`meals`.`aiConfidence`, `main`.`meals`.`createdAt` FROM `main`.`meals` WHERE `main`.`meals`.`dailyLogId` IN (NULL) LIMIT ? OFFSET ?
prisma:query SELECT `main`.`user_profiles`.`id`, `main`.`user_profiles`.`userId`, `main`.`user_profiles`.`heightCm`, `main`.`user_profiles`.`birthDate`, `main`.`user_profiles`.`gender`, `main`.`user_profiles`.`goalWeightKg`, `main`.`user_profiles`.`targetDate`, `main`.`user_profiles`.`activityLevel`, `main`.`user_profiles`.`timezone`, `main`.`user_profiles`.`createdAt`, `main`.`user_profiles`.`updatedAt` FROM `main`.`user_profiles` WHERE (`main`.`user_profiles`.`userId` = ? AND 1=1) LIMIT ? OFFSET ?
prisma:query SELECT `main`.`calorie_banks`.`id`, `main`.`calorie_banks`.`userId`, `main`.`calorie_banks`.`currentBalance`, `main`.`calorie_banks`.`totalBanked`, `main`.`calorie_banks`.`totalSpent`, `main`.`calorie_banks`.`dailyTarget`, `main`.`calorie_banks`.`weeklyAverage`, `main`.`calorie_banks`.`recommendedSpend`, `main`.`calorie_banks`.`spendByDate`, `main`.`calorie_banks`.`allowNegative`, `main`.`calorie_banks`.`expireAfterDays`, `main`.`calorie_banks`.`createdAt`, `main`.`calorie_banks`.`updatedAt` FROM `main`.`calorie_banks` WHERE (`main`.`calorie_banks`.`userId` = ? AND 1=1) LIMIT ? OFFSET ?
prisma:query SELECT `main`.`metabolic_profiles`.`id`, `main`.`metabolic_profiles`.`userId`, `main`.`metabolic_profiles`.`trueMetabolicRate`, `main`.`metabolic_profiles`.`bmrEstimate`, `main`.`metabolic_profiles`.`adaptiveFactor`, `main`.`metabolic_profiles`.`weightChangeFactor`, `main`.`metabolic_profiles`.`predictionAccuracy`, `main`.`metabolic_profiles`.`predictionsMade`, `main`.`metabolic_profiles`.`predictionsCorrect`, `main`.`metabolic_profiles`.`lastCalculatedAt`, `main`.`metabolic_profiles`.`calculationMethod`, `main`.`metabolic_profiles`.`createdAt`, `main`.`metabolic_profiles`.`updatedAt` FROM `main`.`metabolic_profiles` WHERE (`main`.`metabolic_profiles`.`userId` = ? AND 1=1) LIMIT ? OFFSET ?
 GET /dashboard?test-user-id=cmnazr4j8002ghsudxseo2tti 200 in 100ms (next.js: 3ms, application-code: 97ms)
[browser] Clerk: Clerk has been loaded with development keys. Development instances have strict usage limits and should not be used when deploying your application to production. Learn more: https://clerk.com/docs/deployments/overview (https://present-lizard-1.clerk.accounts.dev/npm/@clerk/clerk-js@6/dist/clerk.browser.js:12:3226)
 GET / 200 in 52ms (next.js: 3ms, application-code: 49ms)
 GET / 200 in 52ms (next.js: 2ms, application-code: 50ms)
prisma:query SELECT `main`.`users`.`id` FROM `main`.`users` WHERE (`main`.`users`.`email` = ? AND 1=1) LIMIT ? OFFSET ?
prisma:query INSERT INTO `main`.`users` (`id`, `email`, `createdAt`, `updatedAt`) VALUES (?,?,?,?) RETURNING `id` AS `id`
prisma:query SELECT `main`.`users`.`id`, `main`.`users`.`email`, `main`.`users`.`name`, `main`.`users`.`createdAt`, `main`.`users`.`updatedAt` FROM `main`.`users` WHERE `main`.`users`.`id` = ? LIMIT ? OFFSET ?
prisma:query -- Implicit "COMMIT" query via underlying driver
prisma:query SELECT `main`.`user_profiles`.`id` FROM `main`.`user_profiles` WHERE (`main`.`user_profiles`.`userId` = ? AND 1=1) LIMIT ? OFFSET ?
prisma:query INSERT INTO `main`.`user_profiles` (`id`, `userId`, `heightCm`, `gender`, `goalWeightKg`, `activityLevel`, `timezone`, `createdAt`, `updatedAt`) VALUES (?,?,?,?,?,?,?,?,?) RETURNING `id` AS `id`
prisma:query SELECT `main`.`user_profiles`.`id`, `main`.`user_profiles`.`userId`, `main`.`user_profiles`.`heightCm`, `main`.`user_profiles`.`birthDate`, `main`.`user_profiles`.`gender`, `main`.`user_profiles`.`goalWeightKg`, `main`.`user_profiles`.`targetDate`, `main`.`user_profiles`.`activityLevel`, `main`.`user_profiles`.`timezone`, `main`.`user_profiles`.`createdAt`, `main`.`user_profiles`.`updatedAt` FROM `main`.`user_profiles` WHERE `main`.`user_profiles`.`id` = ? LIMIT ? OFFSET ?
prisma:query -- Implicit "COMMIT" query via underlying driver
prisma:query SELECT `main`.`metabolic_profiles`.`id` FROM `main`.`metabolic_profiles` WHERE (`main`.`metabolic_profiles`.`userId` = ? AND 1=1) LIMIT ? OFFSET ?
prisma:query INSERT INTO `main`.`metabolic_profiles` (`id`, `userId`, `trueMetabolicRate`, `bmrEstimate`, `adaptiveFactor`, `weightChangeFactor`, `predictionAccuracy`, `predictionsMade`, `predictionsCorrect`, `lastCalculatedAt`, `calculationMethod`, `createdAt`, `updatedAt`) VALUES (?,?,?,?,?,?,?,?,?,?,?,?,?) RETURNING `id` AS `id`
prisma:query SELECT `main`.`metabolic_profiles`.`id`, `main`.`metabolic_profiles`.`userId`, `main`.`metabolic_profiles`.`trueMetabolicRate`, `main`.`metabolic_profiles`.`bmrEstimate`, `main`.`metabolic_profiles`.`adaptiveFactor`, `main`.`metabolic_profiles`.`weightChangeFactor`, `main`.`metabolic_profiles`.`predictionAccuracy`, `main`.`metabolic_profiles`.`predictionsMade`, `main`.`metabolic_profiles`.`predictionsCorrect`, `main`.`metabolic_profiles`.`lastCalculatedAt`, `main`.`metabolic_profiles`.`calculationMethod`, `main`.`metabolic_profiles`.`createdAt`, `main`.`metabolic_profiles`.`updatedAt` FROM `main`.`metabolic_profiles` WHERE `main`.`metabolic_profiles`.`id` = ? LIMIT ? OFFSET ?
prisma:query -- Implicit "COMMIT" query via underlying driver
prisma:query SELECT `main`.`calorie_banks`.`id` FROM `main`.`calorie_banks` WHERE (`main`.`calorie_banks`.`userId` = ? AND 1=1) LIMIT ? OFFSET ?
prisma:query INSERT INTO `main`.`calorie_banks` (`id`, `userId`, `currentBalance`, `totalBanked`, `totalSpent`, `dailyTarget`, `weeklyAverage`, `allowNegative`, `expireAfterDays`, `createdAt`, `updatedAt`) VALUES (?,?,?,?,?,?,?,?,?,?,?) RETURNING `id` AS `id`
prisma:query SELECT `main`.`calorie_banks`.`id`, `main`.`calorie_banks`.`userId`, `main`.`calorie_banks`.`currentBalance`, `main`.`calorie_banks`.`totalBanked`, `main`.`calorie_banks`.`totalSpent`, `main`.`calorie_banks`.`dailyTarget`, `main`.`calorie_banks`.`weeklyAverage`, `main`.`calorie_banks`.`recommendedSpend`, `main`.`calorie_banks`.`spendByDate`, `main`.`calorie_banks`.`allowNegative`, `main`.`calorie_banks`.`expireAfterDays`, `main`.`calorie_banks`.`createdAt`, `main`.`calorie_banks`.`updatedAt` FROM `main`.`calorie_banks` WHERE `main`.`calorie_banks`.`id` = ? LIMIT ? OFFSET ?
prisma:query -- Implicit "COMMIT" query via underlying driver
 POST /api/test-auth 200 in 41ms (next.js: 3ms, application-code: 38ms)
 GET /onboarding 200 in 56ms (next.js: 3ms, application-code: 52ms)
 GET /onboarding 200 in 57ms (next.js: 3ms, application-code: 54ms)
[browser] Clerk: Clerk has been loaded with development keys. Development instances have strict usage limits and should not be used when deploying your application to production. Learn more: https://clerk.com/docs/deployments/overview (https://present-lizard-1.clerk.accounts.dev/npm/@clerk/clerk-js@6/dist/clerk.browser.js:12:3226)
[initialize] Headers received: {
  'X-Test-User-Id': 'cmnaztf1f002ohsudifexznhb',
  'Content-Type': 'application/json'
}
[initialize] NODE_ENV: development
[initialize] Using test user ID: cmnaztf1f002ohsudifexznhb
[initialize] Activity level mapping: MODERATELY_ACTIVE -> MODERATE
prisma:query INSERT INTO `main`.`user_profiles` (`id`, `userId`, `heightCm`, `birthDate`, `gender`, `goalWeightKg`, `targetDate`, `activityLevel`, `timezone`, `createdAt`, `updatedAt`) VALUES (?,?,?,?,?,?,?,?,?,?,?) ON CONFLICT  (`userId`) DO UPDATE SET `heightCm` = ?, `birthDate` = ?, `gender` = ?, `goalWeightKg` = ?, `targetDate` = ?, `activityLevel` = ?, `timezone` = ?, `updatedAt` = ? WHERE (`main`.`user_profiles`.`userId` = ? AND 1=1) RETURNING `id` AS `id`, `userId` AS `userId`, `heightCm` AS `heightCm`, `birthDate` AS `birthDate`, `gender` AS `gender`, `goalWeightKg` AS `goalWeightKg`, `targetDate` AS `targetDate`, `activityLevel` AS `activityLevel`, `timezone` AS `timezone`, `createdAt` AS `createdAt`, `updatedAt` AS `updatedAt`
prisma:query INSERT INTO `main`.`metabolic_profiles` (`id`, `userId`, `trueMetabolicRate`, `bmrEstimate`, `adaptiveFactor`, `weightChangeFactor`, `predictionAccuracy`, `predictionsMade`, `predictionsCorrect`, `lastCalculatedAt`, `calculationMethod`, `createdAt`, `updatedAt`) VALUES (?,?,?,?,?,?,?,?,?,?,?,?,?) ON CONFLICT  (`userId`) DO UPDATE SET `trueMetabolicRate` = ?, `bmrEstimate` = ?, `lastCalculatedAt` = ?, `updatedAt` = ? WHERE (`main`.`metabolic_profiles`.`userId` = ? AND 1=1) RETURNING `id` AS `id`, `userId` AS `userId`, `trueMetabolicRate` AS `trueMetabolicRate`, `bmrEstimate` AS `bmrEstimate`, `adaptiveFactor` AS `adaptiveFactor`, `weightChangeFactor` AS `weightChangeFactor`, `predictionAccuracy` AS `predictionAccuracy`, `predictionsMade` AS `predictionsMade`, `predictionsCorrect` AS `predictionsCorrect`, `lastCalculatedAt` AS `lastCalculatedAt`, `calculationMethod` AS `calculationMethod`, `createdAt` AS `createdAt`, `updatedAt` AS `updatedAt`
prisma:query INSERT INTO `main`.`calorie_banks` (`id`, `userId`, `currentBalance`, `totalBanked`, `totalSpent`, `dailyTarget`, `weeklyAverage`, `allowNegative`, `expireAfterDays`, `createdAt`, `updatedAt`) VALUES (?,?,?,?,?,?,?,?,?,?,?) ON CONFLICT  (`userId`) DO UPDATE SET `dailyTarget` = ?, `allowNegative` = ?, `updatedAt` = ? WHERE (`main`.`calorie_banks`.`userId` = ? AND 1=1) RETURNING `id` AS `id`, `userId` AS `userId`, `currentBalance` AS `currentBalance`, `totalBanked` AS `totalBanked`, `totalSpent` AS `totalSpent`, `dailyTarget` AS `dailyTarget`, `weeklyAverage` AS `weeklyAverage`, `recommendedSpend` AS `recommendedSpend`, `spendByDate` AS `spendByDate`, `allowNegative` AS `allowNegative`, `expireAfterDays` AS `expireAfterDays`, `createdAt` AS `createdAt`, `updatedAt` AS `updatedAt`
prisma:query INSERT INTO `main`.`weight_entries` (`id`, `userId`, `weightKg`, `date`, `source`) VALUES (?,?,?,?,?) RETURNING `id` AS `id`, `userId` AS `userId`, `weightKg` AS `weightKg`, `date` AS `date`, `source` AS `source`
 POST /api/user/initialize 200 in 31ms (next.js: 2ms, application-code: 29ms)
⨯ Error: Clerk: clerkMiddleware() was not run, your middleware or proxy file might be misplaced. Move your middleware or proxy file to ./middleware.ts. Currently located at ./app/middleware.ts
    at async DashboardPage (app\dashboard\page.tsx:105:24)
  103 |     console.log("[dashboard] Using test user ID from query param:", userId);
  104 |   } else {
> 105 |     const authResult = await auth();
      |                        ^
  106 |     userId = authResult.userId;
  107 |     console.log("[dashboard] Using Clerk auth user ID:", userId);
  108 |   } {
  digest: '3112700540'
}
 GET /dashboard 200 in 34ms (next.js: 4ms, application-code: 30ms)
[browser] Uncaught Error: Clerk: clerkMiddleware() was not run, your middleware or proxy file might be misplaced. Move your middleware or proxy file to ./middleware.ts. Currently located at ./app/middleware.ts
    at <anonymous> (node_modules\@clerk\nextjs\src\server\createGetAuth.ts:44:17)
    at  auth (node_modules\@clerk\nextjs\src\app-router\server\auth.ts:96:24)
    at  DashboardPage (app\dashboard\page.tsx:105:24)
  42 |
  43 |         if (missConfiguredMiddlewareLocation) {
> 44 |           throw new Error(missConfiguredMiddlewareLocation);
     |                 ^
  45 |         }
  46 |
  47 |         // still throw there is no suggested move location
[dashboard] Using test user ID from query param: cmnaztf1f002ohsudifexznhb
prisma:query SELECT `main`.`calorie_banks`.`id` FROM `main`.`calorie_banks` WHERE (`main`.`calorie_banks`.`userId` = ? AND 1=1) LIMIT ? OFFSET ?
prisma:query SELECT `main`.`daily_logs`.`id`, `main`.`daily_logs`.`userId`, `main`.`daily_logs`.`date`, `main`.`daily_logs`.`caloriesConsumed`, `main`.`daily_logs`.`proteinG`, `main`.`daily_logs`.`carbsG`, `main`.`daily_logs`.`fatG`, `main`.`daily_logs`.`fiberG`, `main`.`daily_logs`.`calorieTarget`, `main`.`daily_logs`.`caloriesBurned`, `main`.`daily_logs`.`exerciseMinutes`, `main`.`daily_logs`.`bankedAmount`, `main`.`daily_logs`.`waterMl` FROM `main`.`daily_logs` WHERE (`main`.`daily_logs`.`userId` = ? AND `main`.`daily_logs`.`date` >= ? AND `main`.`daily_logs`.`date` < ?) LIMIT ? OFFSET ?
prisma:query SELECT `main`.`bank_transactions`.`id`, `main`.`bank_transactions`.`bankId`, `main`.`bank_transactions`.`type`, `main`.`bank_transactions`.`amount`, `main`.`bank_transactions`.`reason`, `main`.`bank_transactions`.`caloriesConsumed`, `main`.`bank_transactions`.`caloriesTarget`, `main`.`bank_transactions`.`weightAtTime`, `main`.`bank_transactions`.`llmAdvice`, `main`.`bank_transactions`.`userFollowed`, `main`.`bank_transactions`.`sourceId`, `main`.`bank_transactions`.`sourceType`, `main`.`bank_transactions`.`createdAt` FROM `main`.`bank_transactions` WHERE `main`.`bank_transactions`.`bankId` = ? ORDER BY `main`.`bank_transactions`.`createdAt` DESC LIMIT ? OFFSET ?
prisma:query SELECT `main`.`weight_entries`.`id`, `main`.`weight_entries`.`userId`, `main`.`weight_entries`.`weightKg`, `main`.`weight_entries`.`date`, `main`.`weight_entries`.`source` FROM `main`.`weight_entries` WHERE `main`.`weight_entries`.`userId` = ? ORDER BY `main`.`weight_entries`.`date` DESC LIMIT ? OFFSET ?
prisma:query SELECT `main`.`meals`.`id`, `main`.`meals`.`dailyLogId`, `main`.`meals`.`name`, `main`.`meals`.`mealType`, `main`.`meals`.`calories`, `main`.`meals`.`proteinG`, `main`.`meals`.`carbsG`, `main`.`meals`.`fatG`, `main`.`meals`.`source`, `main`.`meals`.`aiConfidence`, `main`.`meals`.`createdAt` FROM `main`.`meals` WHERE `main`.`meals`.`dailyLogId` IN (NULL) LIMIT ? OFFSET ?
prisma:query SELECT `main`.`user_profiles`.`id`, `main`.`user_profiles`.`userId`, `main`.`user_profiles`.`heightCm`, `main`.`user_profiles`.`birthDate`, `main`.`user_profiles`.`gender`, `main`.`user_profiles`.`goalWeightKg`, `main`.`user_profiles`.`targetDate`, `main`.`user_profiles`.`activityLevel`, `main`.`user_profiles`.`timezone`, `main`.`user_profiles`.`createdAt`, `main`.`user_profiles`.`updatedAt` FROM `main`.`user_profiles` WHERE (`main`.`user_profiles`.`userId` = ? AND 1=1) LIMIT ? OFFSET ?
prisma:query SELECT `main`.`calorie_banks`.`id`, `main`.`calorie_banks`.`userId`, `main`.`calorie_banks`.`currentBalance`, `main`.`calorie_banks`.`totalBanked`, `main`.`calorie_banks`.`totalSpent`, `main`.`calorie_banks`.`dailyTarget`, `main`.`calorie_banks`.`weeklyAverage`, `main`.`calorie_banks`.`recommendedSpend`, `main`.`calorie_banks`.`spendByDate`, `main`.`calorie_banks`.`allowNegative`, `main`.`calorie_banks`.`expireAfterDays`, `main`.`calorie_banks`.`createdAt`, `main`.`calorie_banks`.`updatedAt` FROM `main`.`calorie_banks` WHERE (`main`.`calorie_banks`.`userId` = ? AND 1=1) LIMIT ? OFFSET ?
prisma:query SELECT `main`.`metabolic_profiles`.`id`, `main`.`metabolic_profiles`.`userId`, `main`.`metabolic_profiles`.`trueMetabolicRate`, `main`.`metabolic_profiles`.`bmrEstimate`, `main`.`metabolic_profiles`.`adaptiveFactor`, `main`.`metabolic_profiles`.`weightChangeFactor`, `main`.`metabolic_profiles`.`predictionAccuracy`, `main`.`metabolic_profiles`.`predictionsMade`, `main`.`metabolic_profiles`.`predictionsCorrect`, `main`.`metabolic_profiles`.`lastCalculatedAt`, `main`.`metabolic_profiles`.`calculationMethod`, `main`.`metabolic_profiles`.`createdAt`, `main`.`metabolic_profiles`.`updatedAt` FROM `main`.`metabolic_profiles` WHERE (`main`.`metabolic_profiles`.`userId` = ? AND 1=1) LIMIT ? OFFSET ?
 GET /dashboard?test-user-id=cmnaztf1f002ohsudifexznhb 200 in 124ms (next.js: 4ms, application-code: 121ms)
[browser] Clerk: Clerk has been loaded with development keys. Development instances have strict usage limits and should not be used when deploying your application to production. Learn more: https://clerk.com/docs/deployments/overview (https://present-lizard-1.clerk.accounts.dev/npm/@clerk/clerk-js@6/dist/clerk.browser.js:12:3226)
 GET / 200 in 188ms (next.js: 147ms, application-code: 41ms)
 GET / 200 in 46ms (next.js: 3ms, application-code: 43ms)
prisma:query SELECT `main`.`users`.`id` FROM `main`.`users` WHERE (`main`.`users`.`email` = ? AND 1=1) LIMIT ? OFFSET ?
prisma:query INSERT INTO `main`.`users` (`id`, `email`, `createdAt`, `updatedAt`) VALUES (?,?,?,?) RETURNING `id` AS `id`
prisma:query SELECT `main`.`users`.`id`, `main`.`users`.`email`, `main`.`users`.`name`, `main`.`users`.`createdAt`, `main`.`users`.`updatedAt` FROM `main`.`users` WHERE `main`.`users`.`id` = ? LIMIT ? OFFSET ?
prisma:query -- Implicit "COMMIT" query via underlying driver
prisma:query SELECT `main`.`user_profiles`.`id` FROM `main`.`user_profiles` WHERE (`main`.`user_profiles`.`userId` = ? AND 1=1) LIMIT ? OFFSET ?
prisma:query INSERT INTO `main`.`user_profiles` (`id`, `userId`, `heightCm`, `gender`, `goalWeightKg`, `activityLevel`, `timezone`, `createdAt`, `updatedAt`) VALUES (?,?,?,?,?,?,?,?,?) RETURNING `id` AS `id`
prisma:query SELECT `main`.`user_profiles`.`id`, `main`.`user_profiles`.`userId`, `main`.`user_profiles`.`heightCm`, `main`.`user_profiles`.`birthDate`, `main`.`user_profiles`.`gender`, `main`.`user_profiles`.`goalWeightKg`, `main`.`user_profiles`.`targetDate`, `main`.`user_profiles`.`activityLevel`, `main`.`user_profiles`.`timezone`, `main`.`user_profiles`.`createdAt`, `main`.`user_profiles`.`updatedAt` FROM `main`.`user_profiles` WHERE `main`.`user_profiles`.`id` = ? LIMIT ? OFFSET ?
prisma:query -- Implicit "COMMIT" query via underlying driver
prisma:query SELECT `main`.`metabolic_profiles`.`id` FROM `main`.`metabolic_profiles` WHERE (`main`.`metabolic_profiles`.`userId` = ? AND 1=1) LIMIT ? OFFSET ?
prisma:query INSERT INTO `main`.`metabolic_profiles` (`id`, `userId`, `trueMetabolicRate`, `bmrEstimate`, `adaptiveFactor`, `weightChangeFactor`, `predictionAccuracy`, `predictionsMade`, `predictionsCorrect`, `lastCalculatedAt`, `calculationMethod`, `createdAt`, `updatedAt`) VALUES (?,?,?,?,?,?,?,?,?,?,?,?,?) RETURNING `id` AS `id`
prisma:query SELECT `main`.`metabolic_profiles`.`id`, `main`.`metabolic_profiles`.`userId`, `main`.`metabolic_profiles`.`trueMetabolicRate`, `main`.`metabolic_profiles`.`bmrEstimate`, `main`.`metabolic_profiles`.`adaptiveFactor`, `main`.`metabolic_profiles`.`weightChangeFactor`, `main`.`metabolic_profiles`.`predictionAccuracy`, `main`.`metabolic_profiles`.`predictionsMade`, `main`.`metabolic_profiles`.`predictionsCorrect`, `main`.`metabolic_profiles`.`lastCalculatedAt`, `main`.`metabolic_profiles`.`calculationMethod`, `main`.`metabolic_profiles`.`createdAt`, `main`.`metabolic_profiles`.`updatedAt` FROM `main`.`metabolic_profiles` WHERE `main`.`metabolic_profiles`.`id` = ? LIMIT ? OFFSET ?
prisma:query -- Implicit "COMMIT" query via underlying driver
prisma:query SELECT `main`.`calorie_banks`.`id` FROM `main`.`calorie_banks` WHERE (`main`.`calorie_banks`.`userId` = ? AND 1=1) LIMIT ? OFFSET ?
prisma:query INSERT INTO `main`.`calorie_banks` (`id`, `userId`, `currentBalance`, `totalBanked`, `totalSpent`, `dailyTarget`, `weeklyAverage`, `allowNegative`, `expireAfterDays`, `createdAt`, `updatedAt`) VALUES (?,?,?,?,?,?,?,?,?,?,?) RETURNING `id` AS `id`
prisma:query SELECT `main`.`calorie_banks`.`id`, `main`.`calorie_banks`.`userId`, `main`.`calorie_banks`.`currentBalance`, `main`.`calorie_banks`.`totalBanked`, `main`.`calorie_banks`.`totalSpent`, `main`.`calorie_banks`.`dailyTarget`, `main`.`calorie_banks`.`weeklyAverage`, `main`.`calorie_banks`.`recommendedSpend`, `main`.`calorie_banks`.`spendByDate`, `main`.`calorie_banks`.`allowNegative`, `main`.`calorie_banks`.`expireAfterDays`, `main`.`calorie_banks`.`createdAt`, `main`.`calorie_banks`.`updatedAt` FROM `main`.`calorie_banks` WHERE `main`.`calorie_banks`.`id` = ? LIMIT ? OFFSET ?
prisma:query -- Implicit "COMMIT" query via underlying driver
 POST /api/test-auth 200 in 36ms (next.js: 2ms, application-code: 34ms)
 GET /onboarding 200 in 72ms (next.js: 4ms, application-code: 68ms)
 GET /onboarding 200 in 67ms (next.js: 3ms, application-code: 64ms)
[browser] Clerk: Clerk has been loaded with development keys. Development instances have strict usage limits and should not be used when deploying your application to production. Learn more: https://clerk.com/docs/deployments/overview (https://present-lizard-1.clerk.accounts.dev/npm/@clerk/clerk-js@6/dist/clerk.browser.js:12:3226)
[initialize] Headers received: {
  'X-Test-User-Id': 'cmnazva38002whsuda8kbxvbw',
  'Content-Type': 'application/json'
}
[initialize] NODE_ENV: development
[initialize] Using test user ID: cmnazva38002whsuda8kbxvbw
[initialize] Activity level mapping: MODERATELY_ACTIVE -> MODERATE
prisma:query INSERT INTO `main`.`user_profiles` (`id`, `userId`, `heightCm`, `birthDate`, `gender`, `goalWeightKg`, `targetDate`, `activityLevel`, `timezone`, `createdAt`, `updatedAt`) VALUES (?,?,?,?,?,?,?,?,?,?,?) ON CONFLICT  (`userId`) DO UPDATE SET `heightCm` = ?, `birthDate` = ?, `gender` = ?, `goalWeightKg` = ?, `targetDate` = ?, `activityLevel` = ?, `timezone` = ?, `updatedAt` = ? WHERE (`main`.`user_profiles`.`userId` = ? AND 1=1) RETURNING `id` AS `id`, `userId` AS `userId`, `heightCm` AS `heightCm`, `birthDate` AS `birthDate`, `gender` AS `gender`, `goalWeightKg` AS `goalWeightKg`, `targetDate` AS `targetDate`, `activityLevel` AS `activityLevel`, `timezone` AS `timezone`, `createdAt` AS `createdAt`, `updatedAt` AS `updatedAt`
prisma:query INSERT INTO `main`.`metabolic_profiles` (`id`, `userId`, `trueMetabolicRate`, `bmrEstimate`, `adaptiveFactor`, `weightChangeFactor`, `predictionAccuracy`, `predictionsMade`, `predictionsCorrect`, `lastCalculatedAt`, `calculationMethod`, `createdAt`, `updatedAt`) VALUES (?,?,?,?,?,?,?,?,?,?,?,?,?) ON CONFLICT  (`userId`) DO UPDATE SET `trueMetabolicRate` = ?, `bmrEstimate` = ?, `lastCalculatedAt` = ?, `updatedAt` = ? WHERE (`main`.`metabolic_profiles`.`userId` = ? AND 1=1) RETURNING `id` AS `id`, `userId` AS `userId`, `trueMetabolicRate` AS `trueMetabolicRate`, `bmrEstimate` AS `bmrEstimate`, `adaptiveFactor` AS `adaptiveFactor`, `weightChangeFactor` AS `weightChangeFactor`, `predictionAccuracy` AS `predictionAccuracy`, `predictionsMade` AS `predictionsMade`, `predictionsCorrect` AS `predictionsCorrect`, `lastCalculatedAt` AS `lastCalculatedAt`, `calculationMethod` AS `calculationMethod`, `createdAt` AS `createdAt`, `updatedAt` AS `updatedAt`
prisma:query INSERT INTO `main`.`calorie_banks` (`id`, `userId`, `currentBalance`, `totalBanked`, `totalSpent`, `dailyTarget`, `weeklyAverage`, `allowNegative`, `expireAfterDays`, `createdAt`, `updatedAt`) VALUES (?,?,?,?,?,?,?,?,?,?,?) ON CONFLICT  (`userId`) DO UPDATE SET `dailyTarget` = ?, `allowNegative` = ?, `updatedAt` = ? WHERE (`main`.`calorie_banks`.`userId` = ? AND 1=1) RETURNING `id` AS `id`, `userId` AS `userId`, `currentBalance` AS `currentBalance`, `totalBanked` AS `totalBanked`, `totalSpent` AS `totalSpent`, `dailyTarget` AS `dailyTarget`, `weeklyAverage` AS `weeklyAverage`, `recommendedSpend` AS `recommendedSpend`, `spendByDate` AS `spendByDate`, `allowNegative` AS `allowNegative`, `expireAfterDays` AS `expireAfterDays`, `createdAt` AS `createdAt`, `updatedAt` AS `updatedAt`
prisma:query INSERT INTO `main`.`weight_entries` (`id`, `userId`, `weightKg`, `date`, `source`) VALUES (?,?,?,?,?) RETURNING `id` AS `id`, `userId` AS `userId`, `weightKg` AS `weightKg`, `date` AS `date`, `source` AS `source`
 POST /api/user/initialize 200 in 32ms (next.js: 2ms, application-code: 30ms)
⨯ Error: Clerk: clerkMiddleware() was not run, your middleware or proxy file might be misplaced. Move your middleware or proxy file to ./middleware.ts. Currently located at ./app/middleware.ts
    at async DashboardPage (app\dashboard\page.tsx:105:24)
  103 |     console.log("[dashboard] Using test user ID from query param:", userId);
  104 |   } else {
> 105 |     const authResult = await auth();
      |                        ^
  106 |     userId = authResult.userId;
  107 |     console.log("[dashboard] Using Clerk auth user ID:", userId);
  108 |   } {
  digest: '3112700540'
}
 GET /dashboard 200 in 46ms (next.js: 7ms, application-code: 39ms)
[browser] Uncaught Error: Clerk: clerkMiddleware() was not run, your middleware or proxy file might be misplaced. Move your middleware or proxy file to ./middleware.ts. Currently located at ./app/middleware.ts
    at <anonymous> (node_modules\@clerk\nextjs\src\server\createGetAuth.ts:44:17)
    at  auth (node_modules\@clerk\nextjs\src\app-router\server\auth.ts:96:24)
    at  DashboardPage (app\dashboard\page.tsx:105:24)
  42 |
  43 |         if (missConfiguredMiddlewareLocation) {
> 44 |           throw new Error(missConfiguredMiddlewareLocation);
     |                 ^
  45 |         }
  46 |
  47 |         // still throw there is no suggested move location
[dashboard] Using test user ID from query param: cmnazva38002whsuda8kbxvbw
prisma:query SELECT `main`.`calorie_banks`.`id` FROM `main`.`calorie_banks` WHERE (`main`.`calorie_banks`.`userId` = ? AND 1=1) LIMIT ? OFFSET ?
prisma:query SELECT `main`.`daily_logs`.`id`, `main`.`daily_logs`.`userId`, `main`.`daily_logs`.`date`, `main`.`daily_logs`.`caloriesConsumed`, `main`.`daily_logs`.`proteinG`, `main`.`daily_logs`.`carbsG`, `main`.`daily_logs`.`fatG`, `main`.`daily_logs`.`fiberG`, `main`.`daily_logs`.`calorieTarget`, `main`.`daily_logs`.`caloriesBurned`, `main`.`daily_logs`.`exerciseMinutes`, `main`.`daily_logs`.`bankedAmount`, `main`.`daily_logs`.`waterMl` FROM `main`.`daily_logs` WHERE (`main`.`daily_logs`.`userId` = ? AND `main`.`daily_logs`.`date` >= ? AND `main`.`daily_logs`.`date` < ?) LIMIT ? OFFSET ?
prisma:query SELECT `main`.`bank_transactions`.`id`, `main`.`bank_transactions`.`bankId`, `main`.`bank_transactions`.`type`, `main`.`bank_transactions`.`amount`, `main`.`bank_transactions`.`reason`, `main`.`bank_transactions`.`caloriesConsumed`, `main`.`bank_transactions`.`caloriesTarget`, `main`.`bank_transactions`.`weightAtTime`, `main`.`bank_transactions`.`llmAdvice`, `main`.`bank_transactions`.`userFollowed`, `main`.`bank_transactions`.`sourceId`, `main`.`bank_transactions`.`sourceType`, `main`.`bank_transactions`.`createdAt` FROM `main`.`bank_transactions` WHERE `main`.`bank_transactions`.`bankId` = ? ORDER BY `main`.`bank_transactions`.`createdAt` DESC LIMIT ? OFFSET ?
prisma:query SELECT `main`.`weight_entries`.`id`, `main`.`weight_entries`.`userId`, `main`.`weight_entries`.`weightKg`, `main`.`weight_entries`.`date`, `main`.`weight_entries`.`source` FROM `main`.`weight_entries` WHERE `main`.`weight_entries`.`userId` = ? ORDER BY `main`.`weight_entries`.`date` DESC LIMIT ? OFFSET ?
prisma:query SELECT `main`.`meals`.`id`, `main`.`meals`.`dailyLogId`, `main`.`meals`.`name`, `main`.`meals`.`mealType`, `main`.`meals`.`calories`, `main`.`meals`.`proteinG`, `main`.`meals`.`carbsG`, `main`.`meals`.`fatG`, `main`.`meals`.`source`, `main`.`meals`.`aiConfidence`, `main`.`meals`.`createdAt` FROM `main`.`meals` WHERE `main`.`meals`.`dailyLogId` IN (NULL) LIMIT ? OFFSET ?
prisma:query SELECT `main`.`user_profiles`.`id`, `main`.`user_profiles`.`userId`, `main`.`user_profiles`.`heightCm`, `main`.`user_profiles`.`birthDate`, `main`.`user_profiles`.`gender`, `main`.`user_profiles`.`goalWeightKg`, `main`.`user_profiles`.`targetDate`, `main`.`user_profiles`.`activityLevel`, `main`.`user_profiles`.`timezone`, `main`.`user_profiles`.`createdAt`, `main`.`user_profiles`.`updatedAt` FROM `main`.`user_profiles` WHERE (`main`.`user_profiles`.`userId` = ? AND 1=1) LIMIT ? OFFSET ?
prisma:query SELECT `main`.`calorie_banks`.`id`, `main`.`calorie_banks`.`userId`, `main`.`calorie_banks`.`currentBalance`, `main`.`calorie_banks`.`totalBanked`, `main`.`calorie_banks`.`totalSpent`, `main`.`calorie_banks`.`dailyTarget`, `main`.`calorie_banks`.`weeklyAverage`, `main`.`calorie_banks`.`recommendedSpend`, `main`.`calorie_banks`.`spendByDate`, `main`.`calorie_banks`.`allowNegative`, `main`.`calorie_banks`.`expireAfterDays`, `main`.`calorie_banks`.`createdAt`, `main`.`calorie_banks`.`updatedAt` FROM `main`.`calorie_banks` WHERE (`main`.`calorie_banks`.`userId` = ? AND 1=1) LIMIT ? OFFSET ?
prisma:query SELECT `main`.`metabolic_profiles`.`id`, `main`.`metabolic_profiles`.`userId`, `main`.`metabolic_profiles`.`trueMetabolicRate`, `main`.`metabolic_profiles`.`bmrEstimate`, `main`.`metabolic_profiles`.`adaptiveFactor`, `main`.`metabolic_profiles`.`weightChangeFactor`, `main`.`metabolic_profiles`.`predictionAccuracy`, `main`.`metabolic_profiles`.`predictionsMade`, `main`.`metabolic_profiles`.`predictionsCorrect`, `main`.`metabolic_profiles`.`lastCalculatedAt`, `main`.`metabolic_profiles`.`calculationMethod`, `main`.`metabolic_profiles`.`createdAt`, `main`.`metabolic_profiles`.`updatedAt` FROM `main`.`metabolic_profiles` WHERE (`main`.`metabolic_profiles`.`userId` = ? AND 1=1) LIMIT ? OFFSET ?
 GET /dashboard?test-user-id=cmnazva38002whsuda8kbxvbw 200 in 106ms (next.js: 3ms, application-code: 103ms)
[browser] Clerk: Clerk has been loaded with development keys. Development instances have strict usage limits and should not be used when deploying your application to production. Learn more: https://clerk.com/docs/deployments/overview (https://present-lizard-1.clerk.accounts.dev/npm/@clerk/clerk-js@6/dist/clerk.browser.js:12:3226)
[dashboard] Using test user ID from query param: cmnazva38002whsuda8kbxvbw
prisma:query SELECT `main`.`calorie_banks`.`id` FROM `main`.`calorie_banks` WHERE (`main`.`calorie_banks`.`userId` = ? AND 1=1) LIMIT ? OFFSET ?
prisma:query SELECT `main`.`daily_logs`.`id`, `main`.`daily_logs`.`userId`, `main`.`daily_logs`.`date`, `main`.`daily_logs`.`caloriesConsumed`, `main`.`daily_logs`.`proteinG`, `main`.`daily_logs`.`carbsG`, `main`.`daily_logs`.`fatG`, `main`.`daily_logs`.`fiberG`, `main`.`daily_logs`.`calorieTarget`, `main`.`daily_logs`.`caloriesBurned`, `main`.`daily_logs`.`exerciseMinutes`, `main`.`daily_logs`.`bankedAmount`, `main`.`daily_logs`.`waterMl` FROM `main`.`daily_logs` WHERE (`main`.`daily_logs`.`userId` = ? AND `main`.`daily_logs`.`date` >= ? AND `main`.`daily_logs`.`date` < ?) LIMIT ? OFFSET ?
prisma:query SELECT `main`.`bank_transactions`.`id`, `main`.`bank_transactions`.`bankId`, `main`.`bank_transactions`.`type`, `main`.`bank_transactions`.`amount`, `main`.`bank_transactions`.`reason`, `main`.`bank_transactions`.`caloriesConsumed`, `main`.`bank_transactions`.`caloriesTarget`, `main`.`bank_transactions`.`weightAtTime`, `main`.`bank_transactions`.`llmAdvice`, `main`.`bank_transactions`.`userFollowed`, `main`.`bank_transactions`.`sourceId`, `main`.`bank_transactions`.`sourceType`, `main`.`bank_transactions`.`createdAt` FROM `main`.`bank_transactions` WHERE `main`.`bank_transactions`.`bankId` = ? ORDER BY `main`.`bank_transactions`.`createdAt` DESC LIMIT ? OFFSET ?
prisma:query SELECT `main`.`weight_entries`.`id`, `main`.`weight_entries`.`userId`, `main`.`weight_entries`.`weightKg`, `main`.`weight_entries`.`date`, `main`.`weight_entries`.`source` FROM `main`.`weight_entries` WHERE `main`.`weight_entries`.`userId` = ? ORDER BY `main`.`weight_entries`.`date` DESC LIMIT ? OFFSET ?
prisma:query SELECT `main`.`meals`.`id`, `main`.`meals`.`dailyLogId`, `main`.`meals`.`name`, `main`.`meals`.`mealType`, `main`.`meals`.`calories`, `main`.`meals`.`proteinG`, `main`.`meals`.`carbsG`, `main`.`meals`.`fatG`, `main`.`meals`.`source`, `main`.`meals`.`aiConfidence`, `main`.`meals`.`createdAt` FROM `main`.`meals` WHERE `main`.`meals`.`dailyLogId` IN (NULL) LIMIT ? OFFSET ?
prisma:query SELECT `main`.`user_profiles`.`id`, `main`.`user_profiles`.`userId`, `main`.`user_profiles`.`heightCm`, `main`.`user_profiles`.`birthDate`, `main`.`user_profiles`.`gender`, `main`.`user_profiles`.`goalWeightKg`, `main`.`user_profiles`.`targetDate`, `main`.`user_profiles`.`activityLevel`, `main`.`user_profiles`.`timezone`, `main`.`user_profiles`.`createdAt`, `main`.`user_profiles`.`updatedAt` FROM `main`.`user_profiles` WHERE (`main`.`user_profiles`.`userId` = ? AND 1=1) LIMIT ? OFFSET ?
prisma:query SELECT `main`.`calorie_banks`.`id`, `main`.`calorie_banks`.`userId`, `main`.`calorie_banks`.`currentBalance`, `main`.`calorie_banks`.`totalBanked`, `main`.`calorie_banks`.`totalSpent`, `main`.`calorie_banks`.`dailyTarget`, `main`.`calorie_banks`.`weeklyAverage`, `main`.`calorie_banks`.`recommendedSpend`, `main`.`calorie_banks`.`spendByDate`, `main`.`calorie_banks`.`allowNegative`, `main`.`calorie_banks`.`expireAfterDays`, `main`.`calorie_banks`.`createdAt`, `main`.`calorie_banks`.`updatedAt` FROM `main`.`calorie_banks` WHERE (`main`.`calorie_banks`.`userId` = ? AND 1=1) LIMIT ? OFFSET ?
prisma:query SELECT `main`.`metabolic_profiles`.`id`, `main`.`metabolic_profiles`.`userId`, `main`.`metabolic_profiles`.`trueMetabolicRate`, `main`.`metabolic_profiles`.`bmrEstimate`, `main`.`metabolic_profiles`.`adaptiveFactor`, `main`.`metabolic_profiles`.`weightChangeFactor`, `main`.`metabolic_profiles`.`predictionAccuracy`, `main`.`metabolic_profiles`.`predictionsMade`, `main`.`metabolic_profiles`.`predictionsCorrect`, `main`.`metabolic_profiles`.`lastCalculatedAt`, `main`.`metabolic_profiles`.`calculationMethod`, `main`.`metabolic_profiles`.`createdAt`, `main`.`metabolic_profiles`.`updatedAt` FROM `main`.`metabolic_profiles` WHERE (`main`.`metabolic_profiles`.`userId` = ? AND 1=1) LIMIT ? OFFSET ?
 GET /dashboard?test-user-id=cmnazva38002whsuda8kbxvbw 200 in 97ms (next.js: 3ms, application-code: 94ms)
[browser] Clerk: Clerk has been loaded with development keys. Development instances have strict usage limits and should not be used when deploying your application to production. Learn more: https://clerk.com/docs/deployments/overview (https://present-lizard-1.clerk.accounts.dev/npm/@clerk/clerk-js@6/dist/clerk.browser.js:12:3226)
Error logging meal: Error: Clerk: clerkMiddleware() was not run, your middleware or proxy file might be misplaced. Move your middleware or proxy file to ./middleware.ts. Currently located at ./app/middleware.ts
    at async POST (app\api\meals\route.ts:8:24)
   6 | export async function POST(req: NextRequest) {
   7 |   try {
>  8 |     const { userId } = await auth();
     |                        ^
   9 |     if (!userId) {
  10 |       return NextResponse.json({ error: "Unauthorized" }, { status: 401 });
  11 |     }
 POST /api/meals 500 in 166ms (next.js: 28ms, application-code: 138ms)
[browser] Failed to log meal: Error: Failed to log meal
    at handleConfirm (app/dashboard/_components/QuickLogClient.tsx:122:15)
  120 |
  121 |       if (!response.ok) {
> 122 |         throw new Error("Failed to log meal");
      |               ^
  123 |       }
  124 |
  125 |       setInput(""); (app/dashboard/_components/QuickLogClient.tsx:131:15)
 GET / 200 in 50ms (next.js: 3ms, application-code: 47ms)
 GET / 200 in 52ms (next.js: 3ms, application-code: 49ms)
prisma:query SELECT `main`.`users`.`id` FROM `main`.`users` WHERE (`main`.`users`.`email` = ? AND 1=1) LIMIT ? OFFSET ?
prisma:query INSERT INTO `main`.`users` (`id`, `email`, `createdAt`, `updatedAt`) VALUES (?,?,?,?) RETURNING `id` AS `id`
prisma:query SELECT `main`.`users`.`id`, `main`.`users`.`email`, `main`.`users`.`name`, `main`.`users`.`createdAt`, `main`.`users`.`updatedAt` FROM `main`.`users` WHERE `main`.`users`.`id` = ? LIMIT ? OFFSET ?
prisma:query -- Implicit "COMMIT" query via underlying driver
prisma:query SELECT `main`.`user_profiles`.`id` FROM `main`.`user_profiles` WHERE (`main`.`user_profiles`.`userId` = ? AND 1=1) LIMIT ? OFFSET ?
prisma:query INSERT INTO `main`.`user_profiles` (`id`, `userId`, `heightCm`, `gender`, `goalWeightKg`, `activityLevel`, `timezone`, `createdAt`, `updatedAt`) VALUES (?,?,?,?,?,?,?,?,?) RETURNING `id` AS `id`
prisma:query SELECT `main`.`user_profiles`.`id`, `main`.`user_profiles`.`userId`, `main`.`user_profiles`.`heightCm`, `main`.`user_profiles`.`birthDate`, `main`.`user_profiles`.`gender`, `main`.`user_profiles`.`goalWeightKg`, `main`.`user_profiles`.`targetDate`, `main`.`user_profiles`.`activityLevel`, `main`.`user_profiles`.`timezone`, `main`.`user_profiles`.`createdAt`, `main`.`user_profiles`.`updatedAt` FROM `main`.`user_profiles` WHERE `main`.`user_profiles`.`id` = ? LIMIT ? OFFSET ?
prisma:query -- Implicit "COMMIT" query via underlying driver
prisma:query SELECT `main`.`metabolic_profiles`.`id` FROM `main`.`metabolic_profiles` WHERE (`main`.`metabolic_profiles`.`userId` = ? AND 1=1) LIMIT ? OFFSET ?
prisma:query INSERT INTO `main`.`metabolic_profiles` (`id`, `userId`, `trueMetabolicRate`, `bmrEstimate`, `adaptiveFactor`, `weightChangeFactor`, `predictionAccuracy`, `predictionsMade`, `predictionsCorrect`, `lastCalculatedAt`, `calculationMethod`, `createdAt`, `updatedAt`) VALUES (?,?,?,?,?,?,?,?,?,?,?,?,?) RETURNING `id` AS `id`
prisma:query SELECT `main`.`metabolic_profiles`.`id`, `main`.`metabolic_profiles`.`userId`, `main`.`metabolic_profiles`.`trueMetabolicRate`, `main`.`metabolic_profiles`.`bmrEstimate`, `main`.`metabolic_profiles`.`adaptiveFactor`, `main`.`metabolic_profiles`.`weightChangeFactor`, `main`.`metabolic_profiles`.`predictionAccuracy`, `main`.`metabolic_profiles`.`predictionsMade`, `main`.`metabolic_profiles`.`predictionsCorrect`, `main`.`metabolic_profiles`.`lastCalculatedAt`, `main`.`metabolic_profiles`.`calculationMethod`, `main`.`metabolic_profiles`.`createdAt`, `main`.`metabolic_profiles`.`updatedAt` FROM `main`.`metabolic_profiles` WHERE `main`.`metabolic_profiles`.`id` = ? LIMIT ? OFFSET ?
prisma:query -- Implicit "COMMIT" query via underlying driver
prisma:query SELECT `main`.`calorie_banks`.`id` FROM `main`.`calorie_banks` WHERE (`main`.`calorie_banks`.`userId` = ? AND 1=1) LIMIT ? OFFSET ?
prisma:query INSERT INTO `main`.`calorie_banks` (`id`, `userId`, `currentBalance`, `totalBanked`, `totalSpent`, `dailyTarget`, `weeklyAverage`, `allowNegative`, `expireAfterDays`, `createdAt`, `updatedAt`) VALUES (?,?,?,?,?,?,?,?,?,?,?) RETURNING `id` AS `id`
prisma:query SELECT `main`.`calorie_banks`.`id`, `main`.`calorie_banks`.`userId`, `main`.`calorie_banks`.`currentBalance`, `main`.`calorie_banks`.`totalBanked`, `main`.`calorie_banks`.`totalSpent`, `main`.`calorie_banks`.`dailyTarget`, `main`.`calorie_banks`.`weeklyAverage`, `main`.`calorie_banks`.`recommendedSpend`, `main`.`calorie_banks`.`spendByDate`, `main`.`calorie_banks`.`allowNegative`, `main`.`calorie_banks`.`expireAfterDays`, `main`.`calorie_banks`.`createdAt`, `main`.`calorie_banks`.`updatedAt` FROM `main`.`calorie_banks` WHERE `main`.`calorie_banks`.`id` = ? LIMIT ? OFFSET ?
prisma:query -- Implicit "COMMIT" query via underlying driver
 POST /api/test-auth 200 in 41ms (next.js: 2ms, application-code: 39ms)
 GET /onboarding 200 in 62ms (next.js: 3ms, application-code: 58ms)
 GET /onboarding 200 in 55ms (next.js: 3ms, application-code: 52ms)
[browser] Clerk: Clerk has been loaded with development keys. Development instances have strict usage limits and should not be used when deploying your application to production. Learn more: https://clerk.com/docs/deployments/overview (https://present-lizard-1.clerk.accounts.dev/npm/@clerk/clerk-js@6/dist/clerk.browser.js:12:3226)
[initialize] Headers received: {
  'X-Test-User-Id': 'cmnb02mkh0034hsud43oyew5z',
  'Content-Type': 'application/json'
}
[initialize] NODE_ENV: development
[initialize] Using test user ID: cmnb02mkh0034hsud43oyew5z
[initialize] Activity level mapping: MODERATELY_ACTIVE -> MODERATE
prisma:query INSERT INTO `main`.`user_profiles` (`id`, `userId`, `heightCm`, `birthDate`, `gender`, `goalWeightKg`, `targetDate`, `activityLevel`, `timezone`, `createdAt`, `updatedAt`) VALUES (?,?,?,?,?,?,?,?,?,?,?) ON CONFLICT  (`userId`) DO UPDATE SET `heightCm` = ?, `birthDate` = ?, `gender` = ?, `goalWeightKg` = ?, `targetDate` = ?, `activityLevel` = ?, `timezone` = ?, `updatedAt` = ? WHERE (`main`.`user_profiles`.`userId` = ? AND 1=1) RETURNING `id` AS `id`, `userId` AS `userId`, `heightCm` AS `heightCm`, `birthDate` AS `birthDate`, `gender` AS `gender`, `goalWeightKg` AS `goalWeightKg`, `targetDate` AS `targetDate`, `activityLevel` AS `activityLevel`, `timezone` AS `timezone`, `createdAt` AS `createdAt`, `updatedAt` AS `updatedAt`
prisma:query INSERT INTO `main`.`metabolic_profiles` (`id`, `userId`, `trueMetabolicRate`, `bmrEstimate`, `adaptiveFactor`, `weightChangeFactor`, `predictionAccuracy`, `predictionsMade`, `predictionsCorrect`, `lastCalculatedAt`, `calculationMethod`, `createdAt`, `updatedAt`) VALUES (?,?,?,?,?,?,?,?,?,?,?,?,?) ON CONFLICT  (`userId`) DO UPDATE SET `trueMetabolicRate` = ?, `bmrEstimate` = ?, `lastCalculatedAt` = ?, `updatedAt` = ? WHERE (`main`.`metabolic_profiles`.`userId` = ? AND 1=1) RETURNING `id` AS `id`, `userId` AS `userId`, `trueMetabolicRate` AS `trueMetabolicRate`, `bmrEstimate` AS `bmrEstimate`, `adaptiveFactor` AS `adaptiveFactor`, `weightChangeFactor` AS `weightChangeFactor`, `predictionAccuracy` AS `predictionAccuracy`, `predictionsMade` AS `predictionsMade`, `predictionsCorrect` AS `predictionsCorrect`, `lastCalculatedAt` AS `lastCalculatedAt`, `calculationMethod` AS `calculationMethod`, `createdAt` AS `createdAt`, `updatedAt` AS `updatedAt`
prisma:query INSERT INTO `main`.`calorie_banks` (`id`, `userId`, `currentBalance`, `totalBanked`, `totalSpent`, `dailyTarget`, `weeklyAverage`, `allowNegative`, `expireAfterDays`, `createdAt`, `updatedAt`) VALUES (?,?,?,?,?,?,?,?,?,?,?) ON CONFLICT  (`userId`) DO UPDATE SET `dailyTarget` = ?, `allowNegative` = ?, `updatedAt` = ? WHERE (`main`.`calorie_banks`.`userId` = ? AND 1=1) RETURNING `id` AS `id`, `userId` AS `userId`, `currentBalance` AS `currentBalance`, `totalBanked` AS `totalBanked`, `totalSpent` AS `totalSpent`, `dailyTarget` AS `dailyTarget`, `weeklyAverage` AS `weeklyAverage`, `recommendedSpend` AS `recommendedSpend`, `spendByDate` AS `spendByDate`, `allowNegative` AS `allowNegative`, `expireAfterDays` AS `expireAfterDays`, `createdAt` AS `createdAt`, `updatedAt` AS `updatedAt`
prisma:query INSERT INTO `main`.`weight_entries` (`id`, `userId`, `weightKg`, `date`, `source`) VALUES (?,?,?,?,?) RETURNING `id` AS `id`, `userId` AS `userId`, `weightKg` AS `weightKg`, `date` AS `date`, `source` AS `source`
 POST /api/user/initialize 200 in 40ms (next.js: 2ms, application-code: 38ms)
⨯ Error: Clerk: clerkMiddleware() was not run, your middleware or proxy file might be misplaced. Move your middleware or proxy file to ./middleware.ts. Currently located at ./app/middleware.ts
    at async DashboardPage (app\dashboard\page.tsx:105:24)
  103 |     console.log("[dashboard] Using test user ID from query param:", userId);
  104 |   } else {
> 105 |     const authResult = await auth();
      |                        ^
  106 |     userId = authResult.userId;
  107 |     console.log("[dashboard] Using Clerk auth user ID:", userId);
  108 |   } {
  digest: '3112700540'
}
 GET /dashboard 200 in 43ms (next.js: 4ms, application-code: 40ms)
[browser] Uncaught Error: Clerk: clerkMiddleware() was not run, your middleware or proxy file might be misplaced. Move your middleware or proxy file to ./middleware.ts. Currently located at ./app/middleware.ts
    at <anonymous> (node_modules\@clerk\nextjs\src\server\createGetAuth.ts:44:17)
    at  auth (node_modules\@clerk\nextjs\src\app-router\server\auth.ts:96:24)
    at  DashboardPage (app\dashboard\page.tsx:105:24)
  42 |
  43 |         if (missConfiguredMiddlewareLocation) {
> 44 |           throw new Error(missConfiguredMiddlewareLocation);
     |                 ^
  45 |         }
  46 |
  47 |         // still throw there is no suggested move location
[dashboard] Using test user ID from query param: cmnb02mkh0034hsud43oyew5z
prisma:query SELECT `main`.`calorie_banks`.`id` FROM `main`.`calorie_banks` WHERE (`main`.`calorie_banks`.`userId` = ? AND 1=1) LIMIT ? OFFSET ?
prisma:query SELECT `main`.`daily_logs`.`id`, `main`.`daily_logs`.`userId`, `main`.`daily_logs`.`date`, `main`.`daily_logs`.`caloriesConsumed`, `main`.`daily_logs`.`proteinG`, `main`.`daily_logs`.`carbsG`, `main`.`daily_logs`.`fatG`, `main`.`daily_logs`.`fiberG`, `main`.`daily_logs`.`calorieTarget`, `main`.`daily_logs`.`caloriesBurned`, `main`.`daily_logs`.`exerciseMinutes`, `main`.`daily_logs`.`bankedAmount`, `main`.`daily_logs`.`waterMl` FROM `main`.`daily_logs` WHERE (`main`.`daily_logs`.`userId` = ? AND `main`.`daily_logs`.`date` >= ? AND `main`.`daily_logs`.`date` < ?) LIMIT ? OFFSET ?
prisma:query SELECT `main`.`bank_transactions`.`id`, `main`.`bank_transactions`.`bankId`, `main`.`bank_transactions`.`type`, `main`.`bank_transactions`.`amount`, `main`.`bank_transactions`.`reason`, `main`.`bank_transactions`.`caloriesConsumed`, `main`.`bank_transactions`.`caloriesTarget`, `main`.`bank_transactions`.`weightAtTime`, `main`.`bank_transactions`.`llmAdvice`, `main`.`bank_transactions`.`userFollowed`, `main`.`bank_transactions`.`sourceId`, `main`.`bank_transactions`.`sourceType`, `main`.`bank_transactions`.`createdAt` FROM `main`.`bank_transactions` WHERE `main`.`bank_transactions`.`bankId` = ? ORDER BY `main`.`bank_transactions`.`createdAt` DESC LIMIT ? OFFSET ?
prisma:query SELECT `main`.`weight_entries`.`id`, `main`.`weight_entries`.`userId`, `main`.`weight_entries`.`weightKg`, `main`.`weight_entries`.`date`, `main`.`weight_entries`.`source` FROM `main`.`weight_entries` WHERE `main`.`weight_entries`.`userId` = ? ORDER BY `main`.`weight_entries`.`date` DESC LIMIT ? OFFSET ?
prisma:query SELECT `main`.`meals`.`id`, `main`.`meals`.`dailyLogId`, `main`.`meals`.`name`, `main`.`meals`.`mealType`, `main`.`meals`.`calories`, `main`.`meals`.`proteinG`, `main`.`meals`.`carbsG`, `main`.`meals`.`fatG`, `main`.`meals`.`source`, `main`.`meals`.`aiConfidence`, `main`.`meals`.`createdAt` FROM `main`.`meals` WHERE `main`.`meals`.`dailyLogId` IN (NULL) LIMIT ? OFFSET ?
prisma:query SELECT `main`.`user_profiles`.`id`, `main`.`user_profiles`.`userId`, `main`.`user_profiles`.`heightCm`, `main`.`user_profiles`.`birthDate`, `main`.`user_profiles`.`gender`, `main`.`user_profiles`.`goalWeightKg`, `main`.`user_profiles`.`targetDate`, `main`.`user_profiles`.`activityLevel`, `main`.`user_profiles`.`timezone`, `main`.`user_profiles`.`createdAt`, `main`.`user_profiles`.`updatedAt` FROM `main`.`user_profiles` WHERE (`main`.`user_profiles`.`userId` = ? AND 1=1) LIMIT ? OFFSET ?
prisma:query SELECT `main`.`calorie_banks`.`id`, `main`.`calorie_banks`.`userId`, `main`.`calorie_banks`.`currentBalance`, `main`.`calorie_banks`.`totalBanked`, `main`.`calorie_banks`.`totalSpent`, `main`.`calorie_banks`.`dailyTarget`, `main`.`calorie_banks`.`weeklyAverage`, `main`.`calorie_banks`.`recommendedSpend`, `main`.`calorie_banks`.`spendByDate`, `main`.`calorie_banks`.`allowNegative`, `main`.`calorie_banks`.`expireAfterDays`, `main`.`calorie_banks`.`createdAt`, `main`.`calorie_banks`.`updatedAt` FROM `main`.`calorie_banks` WHERE (`main`.`calorie_banks`.`userId` = ? AND 1=1) LIMIT ? OFFSET ?
prisma:query SELECT `main`.`metabolic_profiles`.`id`, `main`.`metabolic_profiles`.`userId`, `main`.`metabolic_profiles`.`trueMetabolicRate`, `main`.`metabolic_profiles`.`bmrEstimate`, `main`.`metabolic_profiles`.`adaptiveFactor`, `main`.`metabolic_profiles`.`weightChangeFactor`, `main`.`metabolic_profiles`.`predictionAccuracy`, `main`.`metabolic_profiles`.`predictionsMade`, `main`.`metabolic_profiles`.`predictionsCorrect`, `main`.`metabolic_profiles`.`lastCalculatedAt`, `main`.`metabolic_profiles`.`calculationMethod`, `main`.`metabolic_profiles`.`createdAt`, `main`.`metabolic_profiles`.`updatedAt` FROM `main`.`metabolic_profiles` WHERE (`main`.`metabolic_profiles`.`userId` = ? AND 1=1) LIMIT ? OFFSET ?
 GET /dashboard?test-user-id=cmnb02mkh0034hsud43oyew5z 200 in 102ms (next.js: 3ms, application-code: 98ms)
[browser] Clerk: Clerk has been loaded with development keys. Development instances have strict usage limits and should not be used when deploying your application to production. Learn more: https://clerk.com/docs/deployments/overview (https://present-lizard-1.clerk.accounts.dev/npm/@clerk/clerk-js@6/dist/clerk.browser.js:12:3226)
[dashboard] Using test user ID from query param: cmnb02mkh0034hsud43oyew5z
prisma:query SELECT `main`.`calorie_banks`.`id` FROM `main`.`calorie_banks` WHERE (`main`.`calorie_banks`.`userId` = ? AND 1=1) LIMIT ? OFFSET ?
prisma:query SELECT `main`.`daily_logs`.`id`, `main`.`daily_logs`.`userId`, `main`.`daily_logs`.`date`, `main`.`daily_logs`.`caloriesConsumed`, `main`.`daily_logs`.`proteinG`, `main`.`daily_logs`.`carbsG`, `main`.`daily_logs`.`fatG`, `main`.`daily_logs`.`fiberG`, `main`.`daily_logs`.`calorieTarget`, `main`.`daily_logs`.`caloriesBurned`, `main`.`daily_logs`.`exerciseMinutes`, `main`.`daily_logs`.`bankedAmount`, `main`.`daily_logs`.`waterMl` FROM `main`.`daily_logs` WHERE (`main`.`daily_logs`.`userId` = ? AND `main`.`daily_logs`.`date` >= ? AND `main`.`daily_logs`.`date` < ?) LIMIT ? OFFSET ?
prisma:query SELECT `main`.`bank_transactions`.`id`, `main`.`bank_transactions`.`bankId`, `main`.`bank_transactions`.`type`, `main`.`bank_transactions`.`amount`, `main`.`bank_transactions`.`reason`, `main`.`bank_transactions`.`caloriesConsumed`, `main`.`bank_transactions`.`caloriesTarget`, `main`.`bank_transactions`.`weightAtTime`, `main`.`bank_transactions`.`llmAdvice`, `main`.`bank_transactions`.`userFollowed`, `main`.`bank_transactions`.`sourceId`, `main`.`bank_transactions`.`sourceType`, `main`.`bank_transactions`.`createdAt` FROM `main`.`bank_transactions` WHERE `main`.`bank_transactions`.`bankId` = ? ORDER BY `main`.`bank_transactions`.`createdAt` DESC LIMIT ? OFFSET ?
prisma:query SELECT `main`.`weight_entries`.`id`, `main`.`weight_entries`.`userId`, `main`.`weight_entries`.`weightKg`, `main`.`weight_entries`.`date`, `main`.`weight_entries`.`source` FROM `main`.`weight_entries` WHERE `main`.`weight_entries`.`userId` = ? ORDER BY `main`.`weight_entries`.`date` DESC LIMIT ? OFFSET ?
prisma:query SELECT `main`.`meals`.`id`, `main`.`meals`.`dailyLogId`, `main`.`meals`.`name`, `main`.`meals`.`mealType`, `main`.`meals`.`calories`, `main`.`meals`.`proteinG`, `main`.`meals`.`carbsG`, `main`.`meals`.`fatG`, `main`.`meals`.`source`, `main`.`meals`.`aiConfidence`, `main`.`meals`.`createdAt` FROM `main`.`meals` WHERE `main`.`meals`.`dailyLogId` IN (NULL) LIMIT ? OFFSET ?
prisma:query SELECT `main`.`user_profiles`.`id`, `main`.`user_profiles`.`userId`, `main`.`user_profiles`.`heightCm`, `main`.`user_profiles`.`birthDate`, `main`.`user_profiles`.`gender`, `main`.`user_profiles`.`goalWeightKg`, `main`.`user_profiles`.`targetDate`, `main`.`user_profiles`.`activityLevel`, `main`.`user_profiles`.`timezone`, `main`.`user_profiles`.`createdAt`, `main`.`user_profiles`.`updatedAt` FROM `main`.`user_profiles` WHERE (`main`.`user_profiles`.`userId` = ? AND 1=1) LIMIT ? OFFSET ?
prisma:query SELECT `main`.`calorie_banks`.`id`, `main`.`calorie_banks`.`userId`, `main`.`calorie_banks`.`currentBalance`, `main`.`calorie_banks`.`totalBanked`, `main`.`calorie_banks`.`totalSpent`, `main`.`calorie_banks`.`dailyTarget`, `main`.`calorie_banks`.`weeklyAverage`, `main`.`calorie_banks`.`recommendedSpend`, `main`.`calorie_banks`.`spendByDate`, `main`.`calorie_banks`.`allowNegative`, `main`.`calorie_banks`.`expireAfterDays`, `main`.`calorie_banks`.`createdAt`, `main`.`calorie_banks`.`updatedAt` FROM `main`.`calorie_banks` WHERE (`main`.`calorie_banks`.`userId` = ? AND 1=1) LIMIT ? OFFSET ?
prisma:query SELECT `main`.`metabolic_profiles`.`id`, `main`.`metabolic_profiles`.`userId`, `main`.`metabolic_profiles`.`trueMetabolicRate`, `main`.`metabolic_profiles`.`bmrEstimate`, `main`.`metabolic_profiles`.`adaptiveFactor`, `main`.`metabolic_profiles`.`weightChangeFactor`, `main`.`metabolic_profiles`.`predictionAccuracy`, `main`.`metabolic_profiles`.`predictionsMade`, `main`.`metabolic_profiles`.`predictionsCorrect`, `main`.`metabolic_profiles`.`lastCalculatedAt`, `main`.`metabolic_profiles`.`calculationMethod`, `main`.`metabolic_profiles`.`createdAt`, `main`.`metabolic_profiles`.`updatedAt` FROM `main`.`metabolic_profiles` WHERE (`main`.`metabolic_profiles`.`userId` = ? AND 1=1) LIMIT ? OFFSET ?
 GET /dashboard?test-user-id=cmnb02mkh0034hsud43oyew5z 200 in 112ms (next.js: 4ms, application-code: 108ms)
[browser] Clerk: Clerk has been loaded with development keys. Development instances have strict usage limits and should not be used when deploying your application to production. Learn more: https://clerk.com/docs/deployments/overview (https://present-lizard-1.clerk.accounts.dev/npm/@clerk/clerk-js@6/dist/clerk.browser.js:12:3226)
Error logging meal: Error: Clerk: clerkMiddleware() was not run, your middleware or proxy file might be misplaced. Move your middleware or proxy file to ./middleware.ts. Currently located at ./app/middleware.ts
    at async POST (app\api\meals\route.ts:8:24)
   6 | export async function POST(req: NextRequest) {
   7 |   try {
>  8 |     const { userId } = await auth();
     |                        ^
   9 |     if (!userId) {
  10 |       return NextResponse.json({ error: "Unauthorized" }, { status: 401 });
  11 |     }
 POST /api/meals 500 in 131ms (next.js: 2ms, application-code: 128ms)
[browser] Failed to log meal: Error: Failed to log meal
    at handleConfirm (app/dashboard/_components/QuickLogClient.tsx:122:15)
  120 |
  121 |       if (!response.ok) {
> 122 |         throw new Error("Failed to log meal");
      |               ^
  123 |       }
  124 |
  125 |       setInput(""); (app/dashboard/_components/QuickLogClient.tsx:131:15)
[dashboard] Using test user ID from query param: cmnb02mkh0034hsud43oyew5z
prisma:query SELECT `main`.`calorie_banks`.`id` FROM `main`.`calorie_banks` WHERE (`main`.`calorie_banks`.`userId` = ? AND 1=1) LIMIT ? OFFSET ?
prisma:query SELECT `main`.`daily_logs`.`id`, `main`.`daily_logs`.`userId`, `main`.`daily_logs`.`date`, `main`.`daily_logs`.`caloriesConsumed`, `main`.`daily_logs`.`proteinG`, `main`.`daily_logs`.`carbsG`, `main`.`daily_logs`.`fatG`, `main`.`daily_logs`.`fiberG`, `main`.`daily_logs`.`calorieTarget`, `main`.`daily_logs`.`caloriesBurned`, `main`.`daily_logs`.`exerciseMinutes`, `main`.`daily_logs`.`bankedAmount`, `main`.`daily_logs`.`waterMl` FROM `main`.`daily_logs` WHERE (`main`.`daily_logs`.`userId` = ? AND `main`.`daily_logs`.`date` >= ? AND `main`.`daily_logs`.`date` < ?) LIMIT ? OFFSET ?
prisma:query SELECT `main`.`bank_transactions`.`id`, `main`.`bank_transactions`.`bankId`, `main`.`bank_transactions`.`type`, `main`.`bank_transactions`.`amount`, `main`.`bank_transactions`.`reason`, `main`.`bank_transactions`.`caloriesConsumed`, `main`.`bank_transactions`.`caloriesTarget`, `main`.`bank_transactions`.`weightAtTime`, `main`.`bank_transactions`.`llmAdvice`, `main`.`bank_transactions`.`userFollowed`, `main`.`bank_transactions`.`sourceId`, `main`.`bank_transactions`.`sourceType`, `main`.`bank_transactions`.`createdAt` FROM `main`.`bank_transactions` WHERE `main`.`bank_transactions`.`bankId` = ? ORDER BY `main`.`bank_transactions`.`createdAt` DESC LIMIT ? OFFSET ?
prisma:query SELECT `main`.`weight_entries`.`id`, `main`.`weight_entries`.`userId`, `main`.`weight_entries`.`weightKg`, `main`.`weight_entries`.`date`, `main`.`weight_entries`.`source` FROM `main`.`weight_entries` WHERE `main`.`weight_entries`.`userId` = ? ORDER BY `main`.`weight_entries`.`date` DESC LIMIT ? OFFSET ?
prisma:query SELECT `main`.`meals`.`id`, `main`.`meals`.`dailyLogId`, `main`.`meals`.`name`, `main`.`meals`.`mealType`, `main`.`meals`.`calories`, `main`.`meals`.`proteinG`, `main`.`meals`.`carbsG`, `main`.`meals`.`fatG`, `main`.`meals`.`source`, `main`.`meals`.`aiConfidence`, `main`.`meals`.`createdAt` FROM `main`.`meals` WHERE `main`.`meals`.`dailyLogId` IN (NULL) LIMIT ? OFFSET ?
prisma:query SELECT `main`.`user_profiles`.`id`, `main`.`user_profiles`.`userId`, `main`.`user_profiles`.`heightCm`, `main`.`user_profiles`.`birthDate`, `main`.`user_profiles`.`gender`, `main`.`user_profiles`.`goalWeightKg`, `main`.`user_profiles`.`targetDate`, `main`.`user_profiles`.`activityLevel`, `main`.`user_profiles`.`timezone`, `main`.`user_profiles`.`createdAt`, `main`.`user_profiles`.`updatedAt` FROM `main`.`user_profiles` WHERE (`main`.`user_profiles`.`userId` = ? AND 1=1) LIMIT ? OFFSET ?
prisma:query SELECT `main`.`calorie_banks`.`id`, `main`.`calorie_banks`.`userId`, `main`.`calorie_banks`.`currentBalance`, `main`.`calorie_banks`.`totalBanked`, `main`.`calorie_banks`.`totalSpent`, `main`.`calorie_banks`.`dailyTarget`, `main`.`calorie_banks`.`weeklyAverage`, `main`.`calorie_banks`.`recommendedSpend`, `main`.`calorie_banks`.`spendByDate`, `main`.`calorie_banks`.`allowNegative`, `main`.`calorie_banks`.`expireAfterDays`, `main`.`calorie_banks`.`createdAt`, `main`.`calorie_banks`.`updatedAt` FROM `main`.`calorie_banks` WHERE (`main`.`calorie_banks`.`userId` = ? AND 1=1) LIMIT ? OFFSET ?
prisma:query SELECT `main`.`metabolic_profiles`.`id`, `main`.`metabolic_profiles`.`userId`, `main`.`metabolic_profiles`.`trueMetabolicRate`, `main`.`metabolic_profiles`.`bmrEstimate`, `main`.`metabolic_profiles`.`adaptiveFactor`, `main`.`metabolic_profiles`.`weightChangeFactor`, `main`.`metabolic_profiles`.`predictionAccuracy`, `main`.`metabolic_profiles`.`predictionsMade`, `main`.`metabolic_profiles`.`predictionsCorrect`, `main`.`metabolic_profiles`.`lastCalculatedAt`, `main`.`metabolic_profiles`.`calculationMethod`, `main`.`metabolic_profiles`.`createdAt`, `main`.`metabolic_profiles`.`updatedAt` FROM `main`.`metabolic_profiles` WHERE (`main`.`metabolic_profiles`.`userId` = ? AND 1=1) LIMIT ? OFFSET ?
 GET /dashboard?test-user-id=cmnb02mkh0034hsud43oyew5z 200 in 112ms (next.js: 3ms, application-code: 109ms)
[browser] Clerk: Clerk has been loaded with development keys. Development instances have strict usage limits and should not be used when deploying your application to production. Learn more: https://clerk.com/docs/deployments/overview (https://present-lizard-1.clerk.accounts.dev/npm/@clerk/clerk-js@6/dist/clerk.browser.js:12:3226)
Error logging water: Error: Clerk: clerkMiddleware() was not run, your middleware or proxy file might be misplaced. Move your middleware or proxy file to ./middleware.ts. Currently located at ./app/middleware.ts
    at async POST (app\api\water\route.ts:9:24)
   7 | export async function POST(req: NextRequest) {
   8 |   try {
>  9 |     const { userId } = await auth();
     |                        ^
  10 |     if (!userId) {
  11 |       return NextResponse.json({ error: "Unauthorized" }, { status: 401 });
  12 |     }
 POST /api/water 500 in 117ms (next.js: 32ms, application-code: 85ms)
[browser] Failed to add water 
    at handleAddWater (app/dashboard/_components/DailySummaryClient.tsx:53:17)
  51 |         setWaterIntake(data.totalWaterMl);
  52 |       } else {
> 53 |         console.error("Failed to add water");
     |                 ^
  54 |       }
  55 |     } catch (error) {
  56 |       console.error("Error adding water:", error); (app/dashboard/_components/DailySummaryClient.tsx:53:17)
[dashboard] Using test user ID from query param: cmnb02mkh0034hsud43oyew5z
prisma:query SELECT `main`.`calorie_banks`.`id` FROM `main`.`calorie_banks` WHERE (`main`.`calorie_banks`.`userId` = ? AND 1=1) LIMIT ? OFFSET ?
prisma:query SELECT `main`.`daily_logs`.`id`, `main`.`daily_logs`.`userId`, `main`.`daily_logs`.`date`, `main`.`daily_logs`.`caloriesConsumed`, `main`.`daily_logs`.`proteinG`, `main`.`daily_logs`.`carbsG`, `main`.`daily_logs`.`fatG`, `main`.`daily_logs`.`fiberG`, `main`.`daily_logs`.`calorieTarget`, `main`.`daily_logs`.`caloriesBurned`, `main`.`daily_logs`.`exerciseMinutes`, `main`.`daily_logs`.`bankedAmount`, `main`.`daily_logs`.`waterMl` FROM `main`.`daily_logs` WHERE (`main`.`daily_logs`.`userId` = ? AND `main`.`daily_logs`.`date` >= ? AND `main`.`daily_logs`.`date` < ?) LIMIT ? OFFSET ?
prisma:query SELECT `main`.`bank_transactions`.`id`, `main`.`bank_transactions`.`bankId`, `main`.`bank_transactions`.`type`, `main`.`bank_transactions`.`amount`, `main`.`bank_transactions`.`reason`, `main`.`bank_transactions`.`caloriesConsumed`, `main`.`bank_transactions`.`caloriesTarget`, `main`.`bank_transactions`.`weightAtTime`, `main`.`bank_transactions`.`llmAdvice`, `main`.`bank_transactions`.`userFollowed`, `main`.`bank_transactions`.`sourceId`, `main`.`bank_transactions`.`sourceType`, `main`.`bank_transactions`.`createdAt` FROM `main`.`bank_transactions` WHERE `main`.`bank_transactions`.`bankId` = ? ORDER BY `main`.`bank_transactions`.`createdAt` DESC LIMIT ? OFFSET ?
prisma:query SELECT `main`.`weight_entries`.`id`, `main`.`weight_entries`.`userId`, `main`.`weight_entries`.`weightKg`, `main`.`weight_entries`.`date`, `main`.`weight_entries`.`source` FROM `main`.`weight_entries` WHERE `main`.`weight_entries`.`userId` = ? ORDER BY `main`.`weight_entries`.`date` DESC LIMIT ? OFFSET ?
prisma:query SELECT `main`.`meals`.`id`, `main`.`meals`.`dailyLogId`, `main`.`meals`.`name`, `main`.`meals`.`mealType`, `main`.`meals`.`calories`, `main`.`meals`.`proteinG`, `main`.`meals`.`carbsG`, `main`.`meals`.`fatG`, `main`.`meals`.`source`, `main`.`meals`.`aiConfidence`, `main`.`meals`.`createdAt` FROM `main`.`meals` WHERE `main`.`meals`.`dailyLogId` IN (NULL) LIMIT ? OFFSET ?
prisma:query SELECT `main`.`user_profiles`.`id`, `main`.`user_profiles`.`userId`, `main`.`user_profiles`.`heightCm`, `main`.`user_profiles`.`birthDate`, `main`.`user_profiles`.`gender`, `main`.`user_profiles`.`goalWeightKg`, `main`.`user_profiles`.`targetDate`, `main`.`user_profiles`.`activityLevel`, `main`.`user_profiles`.`timezone`, `main`.`user_profiles`.`createdAt`, `main`.`user_profiles`.`updatedAt` FROM `main`.`user_profiles` WHERE (`main`.`user_profiles`.`userId` = ? AND 1=1) LIMIT ? OFFSET ?
prisma:query SELECT `main`.`calorie_banks`.`id`, `main`.`calorie_banks`.`userId`, `main`.`calorie_banks`.`currentBalance`, `main`.`calorie_banks`.`totalBanked`, `main`.`calorie_banks`.`totalSpent`, `main`.`calorie_banks`.`dailyTarget`, `main`.`calorie_banks`.`weeklyAverage`, `main`.`calorie_banks`.`recommendedSpend`, `main`.`calorie_banks`.`spendByDate`, `main`.`calorie_banks`.`allowNegative`, `main`.`calorie_banks`.`expireAfterDays`, `main`.`calorie_banks`.`createdAt`, `main`.`calorie_banks`.`updatedAt` FROM `main`.`calorie_banks` WHERE (`main`.`calorie_banks`.`userId` = ? AND 1=1) LIMIT ? OFFSET ?
prisma:query SELECT `main`.`metabolic_profiles`.`id`, `main`.`metabolic_profiles`.`userId`, `main`.`metabolic_profiles`.`trueMetabolicRate`, `main`.`metabolic_profiles`.`bmrEstimate`, `main`.`metabolic_profiles`.`adaptiveFactor`, `main`.`metabolic_profiles`.`weightChangeFactor`, `main`.`metabolic_profiles`.`predictionAccuracy`, `main`.`metabolic_profiles`.`predictionsMade`, `main`.`metabolic_profiles`.`predictionsCorrect`, `main`.`metabolic_profiles`.`lastCalculatedAt`, `main`.`metabolic_profiles`.`calculationMethod`, `main`.`metabolic_profiles`.`createdAt`, `main`.`metabolic_profiles`.`updatedAt` FROM `main`.`metabolic_profiles` WHERE (`main`.`metabolic_profiles`.`userId` = ? AND 1=1) LIMIT ? OFFSET ?
 GET /dashboard?test-user-id=cmnb02mkh0034hsud43oyew5z 200 in 115ms (next.js: 3ms, application-code: 112ms)
[browser] Clerk: Clerk has been loaded with development keys. Development instances have strict usage limits and should not be used when deploying your application to production. Learn more: https://clerk.com/docs/deployments/overview (https://present-lizard-1.clerk.accounts.dev/npm/@clerk/clerk-js@6/dist/clerk.browser.js:12:3226)
 GET / 200 in 55ms (next.js: 3ms, application-code: 52ms)
 GET / 200 in 47ms (next.js: 3ms, application-code: 45ms)
prisma:query SELECT `main`.`users`.`id` FROM `main`.`users` WHERE (`main`.`users`.`email` = ? AND 1=1) LIMIT ? OFFSET ?
prisma:query INSERT INTO `main`.`users` (`id`, `email`, `createdAt`, `updatedAt`) VALUES (?,?,?,?) RETURNING `id` AS `id`
prisma:query SELECT `main`.`users`.`id`, `main`.`users`.`email`, `main`.`users`.`name`, `main`.`users`.`createdAt`, `main`.`users`.`updatedAt` FROM `main`.`users` WHERE `main`.`users`.`id` = ? LIMIT ? OFFSET ?
prisma:query -- Implicit "COMMIT" query via underlying driver
prisma:query SELECT `main`.`user_profiles`.`id` FROM `main`.`user_profiles` WHERE (`main`.`user_profiles`.`userId` = ? AND 1=1) LIMIT ? OFFSET ?
prisma:query INSERT INTO `main`.`user_profiles` (`id`, `userId`, `heightCm`, `gender`, `goalWeightKg`, `activityLevel`, `timezone`, `createdAt`, `updatedAt`) VALUES (?,?,?,?,?,?,?,?,?) RETURNING `id` AS `id`
prisma:query SELECT `main`.`user_profiles`.`id`, `main`.`user_profiles`.`userId`, `main`.`user_profiles`.`heightCm`, `main`.`user_profiles`.`birthDate`, `main`.`user_profiles`.`gender`, `main`.`user_profiles`.`goalWeightKg`, `main`.`user_profiles`.`targetDate`, `main`.`user_profiles`.`activityLevel`, `main`.`user_profiles`.`timezone`, `main`.`user_profiles`.`createdAt`, `main`.`user_profiles`.`updatedAt` FROM `main`.`user_profiles` WHERE `main`.`user_profiles`.`id` = ? LIMIT ? OFFSET ?
prisma:query -- Implicit "COMMIT" query via underlying driver
prisma:query SELECT `main`.`metabolic_profiles`.`id` FROM `main`.`metabolic_profiles` WHERE (`main`.`metabolic_profiles`.`userId` = ? AND 1=1) LIMIT ? OFFSET ?
prisma:query INSERT INTO `main`.`metabolic_profiles` (`id`, `userId`, `trueMetabolicRate`, `bmrEstimate`, `adaptiveFactor`, `weightChangeFactor`, `predictionAccuracy`, `predictionsMade`, `predictionsCorrect`, `lastCalculatedAt`, `calculationMethod`, `createdAt`, `updatedAt`) VALUES (?,?,?,?,?,?,?,?,?,?,?,?,?) RETURNING `id` AS `id`
prisma:query SELECT `main`.`metabolic_profiles`.`id`, `main`.`metabolic_profiles`.`userId`, `main`.`metabolic_profiles`.`trueMetabolicRate`, `main`.`metabolic_profiles`.`bmrEstimate`, `main`.`metabolic_profiles`.`adaptiveFactor`, `main`.`metabolic_profiles`.`weightChangeFactor`, `main`.`metabolic_profiles`.`predictionAccuracy`, `main`.`metabolic_profiles`.`predictionsMade`, `main`.`metabolic_profiles`.`predictionsCorrect`, `main`.`metabolic_profiles`.`lastCalculatedAt`, `main`.`metabolic_profiles`.`calculationMethod`, `main`.`metabolic_profiles`.`createdAt`, `main`.`metabolic_profiles`.`updatedAt` FROM `main`.`metabolic_profiles` WHERE `main`.`metabolic_profiles`.`id` = ? LIMIT ? OFFSET ?
prisma:query -- Implicit "COMMIT" query via underlying driver
prisma:query SELECT `main`.`calorie_banks`.`id` FROM `main`.`calorie_banks` WHERE (`main`.`calorie_banks`.`userId` = ? AND 1=1) LIMIT ? OFFSET ?
prisma:query INSERT INTO `main`.`calorie_banks` (`id`, `userId`, `currentBalance`, `totalBanked`, `totalSpent`, `dailyTarget`, `weeklyAverage`, `allowNegative`, `expireAfterDays`, `createdAt`, `updatedAt`) VALUES (?,?,?,?,?,?,?,?,?,?,?) RETURNING `id` AS `id`
prisma:query SELECT `main`.`calorie_banks`.`id`, `main`.`calorie_banks`.`userId`, `main`.`calorie_banks`.`currentBalance`, `main`.`calorie_banks`.`totalBanked`, `main`.`calorie_banks`.`totalSpent`, `main`.`calorie_banks`.`dailyTarget`, `main`.`calorie_banks`.`weeklyAverage`, `main`.`calorie_banks`.`recommendedSpend`, `main`.`calorie_banks`.`spendByDate`, `main`.`calorie_banks`.`allowNegative`, `main`.`calorie_banks`.`expireAfterDays`, `main`.`calorie_banks`.`createdAt`, `main`.`calorie_banks`.`updatedAt` FROM `main`.`calorie_banks` WHERE `main`.`calorie_banks`.`id` = ? LIMIT ? OFFSET ?
prisma:query -- Implicit "COMMIT" query via underlying driver
 POST /api/test-auth 200 in 40ms (next.js: 2ms, application-code: 38ms)
 GET /onboarding 200 in 67ms (next.js: 4ms, application-code: 62ms)
 GET /onboarding 200 in 59ms (next.js: 4ms, application-code: 54ms)
[browser] Clerk: Clerk has been loaded with development keys. Development instances have strict usage limits and should not be used when deploying your application to production. Learn more: https://clerk.com/docs/deployments/overview (https://present-lizard-1.clerk.accounts.dev/npm/@clerk/clerk-js@6/dist/clerk.browser.js:12:3226)
[initialize] Headers received: {
  'X-Test-User-Id': 'cmnb049ps003chsud2hh8sesl',
  'Content-Type': 'application/json'
}
[initialize] NODE_ENV: development
[initialize] Using test user ID: cmnb049ps003chsud2hh8sesl
[initialize] Activity level mapping: MODERATELY_ACTIVE -> MODERATE
prisma:query INSERT INTO `main`.`user_profiles` (`id`, `userId`, `heightCm`, `birthDate`, `gender`, `goalWeightKg`, `targetDate`, `activityLevel`, `timezone`, `createdAt`, `updatedAt`) VALUES (?,?,?,?,?,?,?,?,?,?,?) ON CONFLICT  (`userId`) DO UPDATE SET `heightCm` = ?, `birthDate` = ?, `gender` = ?, `goalWeightKg` = ?, `targetDate` = ?, `activityLevel` = ?, `timezone` = ?, `updatedAt` = ? WHERE (`main`.`user_profiles`.`userId` = ? AND 1=1) RETURNING `id` AS `id`, `userId` AS `userId`, `heightCm` AS `heightCm`, `birthDate` AS `birthDate`, `gender` AS `gender`, `goalWeightKg` AS `goalWeightKg`, `targetDate` AS `targetDate`, `activityLevel` AS `activityLevel`, `timezone` AS `timezone`, `createdAt` AS `createdAt`, `updatedAt` AS `updatedAt`
prisma:query INSERT INTO `main`.`metabolic_profiles` (`id`, `userId`, `trueMetabolicRate`, `bmrEstimate`, `adaptiveFactor`, `weightChangeFactor`, `predictionAccuracy`, `predictionsMade`, `predictionsCorrect`, `lastCalculatedAt`, `calculationMethod`, `createdAt`, `updatedAt`) VALUES (?,?,?,?,?,?,?,?,?,?,?,?,?) ON CONFLICT  (`userId`) DO UPDATE SET `trueMetabolicRate` = ?, `bmrEstimate` = ?, `lastCalculatedAt` = ?, `updatedAt` = ? WHERE (`main`.`metabolic_profiles`.`userId` = ? AND 1=1) RETURNING `id` AS `id`, `userId` AS `userId`, `trueMetabolicRate` AS `trueMetabolicRate`, `bmrEstimate` AS `bmrEstimate`, `adaptiveFactor` AS `adaptiveFactor`, `weightChangeFactor` AS `weightChangeFactor`, `predictionAccuracy` AS `predictionAccuracy`, `predictionsMade` AS `predictionsMade`, `predictionsCorrect` AS `predictionsCorrect`, `lastCalculatedAt` AS `lastCalculatedAt`, `calculationMethod` AS `calculationMethod`, `createdAt` AS `createdAt`, `updatedAt` AS `updatedAt`
prisma:query INSERT INTO `main`.`calorie_banks` (`id`, `userId`, `currentBalance`, `totalBanked`, `totalSpent`, `dailyTarget`, `weeklyAverage`, `allowNegative`, `expireAfterDays`, `createdAt`, `updatedAt`) VALUES (?,?,?,?,?,?,?,?,?,?,?) ON CONFLICT  (`userId`) DO UPDATE SET `dailyTarget` = ?, `allowNegative` = ?, `updatedAt` = ? WHERE (`main`.`calorie_banks`.`userId` = ? AND 1=1) RETURNING `id` AS `id`, `userId` AS `userId`, `currentBalance` AS `currentBalance`, `totalBanked` AS `totalBanked`, `totalSpent` AS `totalSpent`, `dailyTarget` AS `dailyTarget`, `weeklyAverage` AS `weeklyAverage`, `recommendedSpend` AS `recommendedSpend`, `spendByDate` AS `spendByDate`, `allowNegative` AS `allowNegative`, `expireAfterDays` AS `expireAfterDays`, `createdAt` AS `createdAt`, `updatedAt` AS `updatedAt`
prisma:query INSERT INTO `main`.`weight_entries` (`id`, `userId`, `weightKg`, `date`, `source`) VALUES (?,?,?,?,?) RETURNING `id` AS `id`, `userId` AS `userId`, `weightKg` AS `weightKg`, `date` AS `date`, `source` AS `source`
 POST /api/user/initialize 200 in 32ms (next.js: 2ms, application-code: 29ms)
⨯ Error: Clerk: clerkMiddleware() was not run, your middleware or proxy file might be misplaced. Move your middleware or proxy file to ./middleware.ts. Currently located at ./app/middleware.ts
    at async DashboardPage (app\dashboard\page.tsx:105:24)
  103 |     console.log("[dashboard] Using test user ID from query param:", userId);
  104 |   } else {
> 105 |     const authResult = await auth();
      |                        ^
  106 |     userId = authResult.userId;
  107 |     console.log("[dashboard] Using Clerk auth user ID:", userId);
  108 |   } {
  digest: '3112700540'
}
 GET /dashboard 200 in 38ms (next.js: 6ms, application-code: 32ms)
[browser] Uncaught Error: Clerk: clerkMiddleware() was not run, your middleware or proxy file might be misplaced. Move your middleware or proxy file to ./middleware.ts. Currently located at ./app/middleware.ts
    at <anonymous> (node_modules\@clerk\nextjs\src\server\createGetAuth.ts:44:17)
    at  auth (node_modules\@clerk\nextjs\src\app-router\server\auth.ts:96:24)
    at  DashboardPage (app\dashboard\page.tsx:105:24)
  42 |
  43 |         if (missConfiguredMiddlewareLocation) {
> 44 |           throw new Error(missConfiguredMiddlewareLocation);
     |                 ^
  45 |         }
  46 |
  47 |         // still throw there is no suggested move location
[dashboard] Using test user ID from query param: cmnb049ps003chsud2hh8sesl
prisma:query SELECT `main`.`calorie_banks`.`id` FROM `main`.`calorie_banks` WHERE (`main`.`calorie_banks`.`userId` = ? AND 1=1) LIMIT ? OFFSET ?
prisma:query SELECT `main`.`daily_logs`.`id`, `main`.`daily_logs`.`userId`, `main`.`daily_logs`.`date`, `main`.`daily_logs`.`caloriesConsumed`, `main`.`daily_logs`.`proteinG`, `main`.`daily_logs`.`carbsG`, `main`.`daily_logs`.`fatG`, `main`.`daily_logs`.`fiberG`, `main`.`daily_logs`.`calorieTarget`, `main`.`daily_logs`.`caloriesBurned`, `main`.`daily_logs`.`exerciseMinutes`, `main`.`daily_logs`.`bankedAmount`, `main`.`daily_logs`.`waterMl` FROM `main`.`daily_logs` WHERE (`main`.`daily_logs`.`userId` = ? AND `main`.`daily_logs`.`date` >= ? AND `main`.`daily_logs`.`date` < ?) LIMIT ? OFFSET ?
prisma:query SELECT `main`.`bank_transactions`.`id`, `main`.`bank_transactions`.`bankId`, `main`.`bank_transactions`.`type`, `main`.`bank_transactions`.`amount`, `main`.`bank_transactions`.`reason`, `main`.`bank_transactions`.`caloriesConsumed`, `main`.`bank_transactions`.`caloriesTarget`, `main`.`bank_transactions`.`weightAtTime`, `main`.`bank_transactions`.`llmAdvice`, `main`.`bank_transactions`.`userFollowed`, `main`.`bank_transactions`.`sourceId`, `main`.`bank_transactions`.`sourceType`, `main`.`bank_transactions`.`createdAt` FROM `main`.`bank_transactions` WHERE `main`.`bank_transactions`.`bankId` = ? ORDER BY `main`.`bank_transactions`.`createdAt` DESC LIMIT ? OFFSET ?
prisma:query SELECT `main`.`weight_entries`.`id`, `main`.`weight_entries`.`userId`, `main`.`weight_entries`.`weightKg`, `main`.`weight_entries`.`date`, `main`.`weight_entries`.`source` FROM `main`.`weight_entries` WHERE `main`.`weight_entries`.`userId` = ? ORDER BY `main`.`weight_entries`.`date` DESC LIMIT ? OFFSET ?
prisma:query SELECT `main`.`meals`.`id`, `main`.`meals`.`dailyLogId`, `main`.`meals`.`name`, `main`.`meals`.`mealType`, `main`.`meals`.`calories`, `main`.`meals`.`proteinG`, `main`.`meals`.`carbsG`, `main`.`meals`.`fatG`, `main`.`meals`.`source`, `main`.`meals`.`aiConfidence`, `main`.`meals`.`createdAt` FROM `main`.`meals` WHERE `main`.`meals`.`dailyLogId` IN (NULL) LIMIT ? OFFSET ?
prisma:query SELECT `main`.`user_profiles`.`id`, `main`.`user_profiles`.`userId`, `main`.`user_profiles`.`heightCm`, `main`.`user_profiles`.`birthDate`, `main`.`user_profiles`.`gender`, `main`.`user_profiles`.`goalWeightKg`, `main`.`user_profiles`.`targetDate`, `main`.`user_profiles`.`activityLevel`, `main`.`user_profiles`.`timezone`, `main`.`user_profiles`.`createdAt`, `main`.`user_profiles`.`updatedAt` FROM `main`.`user_profiles` WHERE (`main`.`user_profiles`.`userId` = ? AND 1=1) LIMIT ? OFFSET ?
prisma:query SELECT `main`.`calorie_banks`.`id`, `main`.`calorie_banks`.`userId`, `main`.`calorie_banks`.`currentBalance`, `main`.`calorie_banks`.`totalBanked`, `main`.`calorie_banks`.`totalSpent`, `main`.`calorie_banks`.`dailyTarget`, `main`.`calorie_banks`.`weeklyAverage`, `main`.`calorie_banks`.`recommendedSpend`, `main`.`calorie_banks`.`spendByDate`, `main`.`calorie_banks`.`allowNegative`, `main`.`calorie_banks`.`expireAfterDays`, `main`.`calorie_banks`.`createdAt`, `main`.`calorie_banks`.`updatedAt` FROM `main`.`calorie_banks` WHERE (`main`.`calorie_banks`.`userId` = ? AND 1=1) LIMIT ? OFFSET ?
prisma:query SELECT `main`.`metabolic_profiles`.`id`, `main`.`metabolic_profiles`.`userId`, `main`.`metabolic_profiles`.`trueMetabolicRate`, `main`.`metabolic_profiles`.`bmrEstimate`, `main`.`metabolic_profiles`.`adaptiveFactor`, `main`.`metabolic_profiles`.`weightChangeFactor`, `main`.`metabolic_profiles`.`predictionAccuracy`, `main`.`metabolic_profiles`.`predictionsMade`, `main`.`metabolic_profiles`.`predictionsCorrect`, `main`.`metabolic_profiles`.`lastCalculatedAt`, `main`.`metabolic_profiles`.`calculationMethod`, `main`.`metabolic_profiles`.`createdAt`, `main`.`metabolic_profiles`.`updatedAt` FROM `main`.`metabolic_profiles` WHERE (`main`.`metabolic_profiles`.`userId` = ? AND 1=1) LIMIT ? OFFSET ?
 GET /dashboard?test-user-id=cmnb049ps003chsud2hh8sesl 200 in 99ms (next.js: 3ms, application-code: 95ms)
[browser] Clerk: Clerk has been loaded with development keys. Development instances have strict usage limits and should not be used when deploying your application to production. Learn more: https://clerk.com/docs/deployments/overview (https://present-lizard-1.clerk.accounts.dev/npm/@clerk/clerk-js@6/dist/clerk.browser.js:12:3226)
[dashboard] Using test user ID from query param: cmnb049ps003chsud2hh8sesl
prisma:query SELECT `main`.`calorie_banks`.`id` FROM `main`.`calorie_banks` WHERE (`main`.`calorie_banks`.`userId` = ? AND 1=1) LIMIT ? OFFSET ?
prisma:query SELECT `main`.`daily_logs`.`id`, `main`.`daily_logs`.`userId`, `main`.`daily_logs`.`date`, `main`.`daily_logs`.`caloriesConsumed`, `main`.`daily_logs`.`proteinG`, `main`.`daily_logs`.`carbsG`, `main`.`daily_logs`.`fatG`, `main`.`daily_logs`.`fiberG`, `main`.`daily_logs`.`calorieTarget`, `main`.`daily_logs`.`caloriesBurned`, `main`.`daily_logs`.`exerciseMinutes`, `main`.`daily_logs`.`bankedAmount`, `main`.`daily_logs`.`waterMl` FROM `main`.`daily_logs` WHERE (`main`.`daily_logs`.`userId` = ? AND `main`.`daily_logs`.`date` >= ? AND `main`.`daily_logs`.`date` < ?) LIMIT ? OFFSET ?
prisma:query SELECT `main`.`bank_transactions`.`id`, `main`.`bank_transactions`.`bankId`, `main`.`bank_transactions`.`type`, `main`.`bank_transactions`.`amount`, `main`.`bank_transactions`.`reason`, `main`.`bank_transactions`.`caloriesConsumed`, `main`.`bank_transactions`.`caloriesTarget`, `main`.`bank_transactions`.`weightAtTime`, `main`.`bank_transactions`.`llmAdvice`, `main`.`bank_transactions`.`userFollowed`, `main`.`bank_transactions`.`sourceId`, `main`.`bank_transactions`.`sourceType`, `main`.`bank_transactions`.`createdAt` FROM `main`.`bank_transactions` WHERE `main`.`bank_transactions`.`bankId` = ? ORDER BY `main`.`bank_transactions`.`createdAt` DESC LIMIT ? OFFSET ?
prisma:query SELECT `main`.`weight_entries`.`id`, `main`.`weight_entries`.`userId`, `main`.`weight_entries`.`weightKg`, `main`.`weight_entries`.`date`, `main`.`weight_entries`.`source` FROM `main`.`weight_entries` WHERE `main`.`weight_entries`.`userId` = ? ORDER BY `main`.`weight_entries`.`date` DESC LIMIT ? OFFSET ?
prisma:query SELECT `main`.`meals`.`id`, `main`.`meals`.`dailyLogId`, `main`.`meals`.`name`, `main`.`meals`.`mealType`, `main`.`meals`.`calories`, `main`.`meals`.`proteinG`, `main`.`meals`.`carbsG`, `main`.`meals`.`fatG`, `main`.`meals`.`source`, `main`.`meals`.`aiConfidence`, `main`.`meals`.`createdAt` FROM `main`.`meals` WHERE `main`.`meals`.`dailyLogId` IN (NULL) LIMIT ? OFFSET ?
prisma:query SELECT `main`.`user_profiles`.`id`, `main`.`user_profiles`.`userId`, `main`.`user_profiles`.`heightCm`, `main`.`user_profiles`.`birthDate`, `main`.`user_profiles`.`gender`, `main`.`user_profiles`.`goalWeightKg`, `main`.`user_profiles`.`targetDate`, `main`.`user_profiles`.`activityLevel`, `main`.`user_profiles`.`timezone`, `main`.`user_profiles`.`createdAt`, `main`.`user_profiles`.`updatedAt` FROM `main`.`user_profiles` WHERE (`main`.`user_profiles`.`userId` = ? AND 1=1) LIMIT ? OFFSET ?
prisma:query SELECT `main`.`calorie_banks`.`id`, `main`.`calorie_banks`.`userId`, `main`.`calorie_banks`.`currentBalance`, `main`.`calorie_banks`.`totalBanked`, `main`.`calorie_banks`.`totalSpent`, `main`.`calorie_banks`.`dailyTarget`, `main`.`calorie_banks`.`weeklyAverage`, `main`.`calorie_banks`.`recommendedSpend`, `main`.`calorie_banks`.`spendByDate`, `main`.`calorie_banks`.`allowNegative`, `main`.`calorie_banks`.`expireAfterDays`, `main`.`calorie_banks`.`createdAt`, `main`.`calorie_banks`.`updatedAt` FROM `main`.`calorie_banks` WHERE (`main`.`calorie_banks`.`userId` = ? AND 1=1) LIMIT ? OFFSET ?
prisma:query SELECT `main`.`metabolic_profiles`.`id`, `main`.`metabolic_profiles`.`userId`, `main`.`metabolic_profiles`.`trueMetabolicRate`, `main`.`metabolic_profiles`.`bmrEstimate`, `main`.`metabolic_profiles`.`adaptiveFactor`, `main`.`metabolic_profiles`.`weightChangeFactor`, `main`.`metabolic_profiles`.`predictionAccuracy`, `main`.`metabolic_profiles`.`predictionsMade`, `main`.`metabolic_profiles`.`predictionsCorrect`, `main`.`metabolic_profiles`.`lastCalculatedAt`, `main`.`metabolic_profiles`.`calculationMethod`, `main`.`metabolic_profiles`.`createdAt`, `main`.`metabolic_profiles`.`updatedAt` FROM `main`.`metabolic_profiles` WHERE (`main`.`metabolic_profiles`.`userId` = ? AND 1=1) LIMIT ? OFFSET ?
 GET /dashboard?test-user-id=cmnb049ps003chsud2hh8sesl 200 in 91ms (next.js: 4ms, application-code: 87ms)
[browser] Clerk: Clerk has been loaded with development keys. Development instances have strict usage limits and should not be used when deploying your application to production. Learn more: https://clerk.com/docs/deployments/overview (https://present-lizard-1.clerk.accounts.dev/npm/@clerk/clerk-js@6/dist/clerk.browser.js:12:3226)
Error logging meal: Error: Clerk: clerkMiddleware() was not run, your middleware or proxy file might be misplaced. Move your middleware or proxy file to ./middleware.ts. Currently located at ./app/middleware.ts
    at async POST (app\api\meals\route.ts:8:24)
   6 | export async function POST(req: NextRequest) {
   7 |   try {
>  8 |     const { userId } = await auth();
     |                        ^
   9 |     if (!userId) {
  10 |       return NextResponse.json({ error: "Unauthorized" }, { status: 401 });
  11 |     }
 POST /api/meals 500 in 106ms (next.js: 3ms, application-code: 103ms)
[browser] Failed to log meal: Error: Failed to log meal
    at handleConfirm (app/dashboard/_components/QuickLogClient.tsx:122:15)
  120 |
  121 |       if (!response.ok) {
> 122 |         throw new Error("Failed to log meal");
      |               ^
  123 |       }
  124 |
  125 |       setInput(""); (app/dashboard/_components/QuickLogClient.tsx:131:15)
[dashboard] Using test user ID from query param: cmnb049ps003chsud2hh8sesl
prisma:query SELECT `main`.`calorie_banks`.`id` FROM `main`.`calorie_banks` WHERE (`main`.`calorie_banks`.`userId` = ? AND 1=1) LIMIT ? OFFSET ?
prisma:query SELECT `main`.`daily_logs`.`id`, `main`.`daily_logs`.`userId`, `main`.`daily_logs`.`date`, `main`.`daily_logs`.`caloriesConsumed`, `main`.`daily_logs`.`proteinG`, `main`.`daily_logs`.`carbsG`, `main`.`daily_logs`.`fatG`, `main`.`daily_logs`.`fiberG`, `main`.`daily_logs`.`calorieTarget`, `main`.`daily_logs`.`caloriesBurned`, `main`.`daily_logs`.`exerciseMinutes`, `main`.`daily_logs`.`bankedAmount`, `main`.`daily_logs`.`waterMl` FROM `main`.`daily_logs` WHERE (`main`.`daily_logs`.`userId` = ? AND `main`.`daily_logs`.`date` >= ? AND `main`.`daily_logs`.`date` < ?) LIMIT ? OFFSET ?
prisma:query SELECT `main`.`bank_transactions`.`id`, `main`.`bank_transactions`.`bankId`, `main`.`bank_transactions`.`type`, `main`.`bank_transactions`.`amount`, `main`.`bank_transactions`.`reason`, `main`.`bank_transactions`.`caloriesConsumed`, `main`.`bank_transactions`.`caloriesTarget`, `main`.`bank_transactions`.`weightAtTime`, `main`.`bank_transactions`.`llmAdvice`, `main`.`bank_transactions`.`userFollowed`, `main`.`bank_transactions`.`sourceId`, `main`.`bank_transactions`.`sourceType`, `main`.`bank_transactions`.`createdAt` FROM `main`.`bank_transactions` WHERE `main`.`bank_transactions`.`bankId` = ? ORDER BY `main`.`bank_transactions`.`createdAt` DESC LIMIT ? OFFSET ?
prisma:query SELECT `main`.`weight_entries`.`id`, `main`.`weight_entries`.`userId`, `main`.`weight_entries`.`weightKg`, `main`.`weight_entries`.`date`, `main`.`weight_entries`.`source` FROM `main`.`weight_entries` WHERE `main`.`weight_entries`.`userId` = ? ORDER BY `main`.`weight_entries`.`date` DESC LIMIT ? OFFSET ?
prisma:query SELECT `main`.`meals`.`id`, `main`.`meals`.`dailyLogId`, `main`.`meals`.`name`, `main`.`meals`.`mealType`, `main`.`meals`.`calories`, `main`.`meals`.`proteinG`, `main`.`meals`.`carbsG`, `main`.`meals`.`fatG`, `main`.`meals`.`source`, `main`.`meals`.`aiConfidence`, `main`.`meals`.`createdAt` FROM `main`.`meals` WHERE `main`.`meals`.`dailyLogId` IN (NULL) LIMIT ? OFFSET ?
prisma:query SELECT `main`.`user_profiles`.`id`, `main`.`user_profiles`.`userId`, `main`.`user_profiles`.`heightCm`, `main`.`user_profiles`.`birthDate`, `main`.`user_profiles`.`gender`, `main`.`user_profiles`.`goalWeightKg`, `main`.`user_profiles`.`targetDate`, `main`.`user_profiles`.`activityLevel`, `main`.`user_profiles`.`timezone`, `main`.`user_profiles`.`createdAt`, `main`.`user_profiles`.`updatedAt` FROM `main`.`user_profiles` WHERE (`main`.`user_profiles`.`userId` = ? AND 1=1) LIMIT ? OFFSET ?
prisma:query SELECT `main`.`calorie_banks`.`id`, `main`.`calorie_banks`.`userId`, `main`.`calorie_banks`.`currentBalance`, `main`.`calorie_banks`.`totalBanked`, `main`.`calorie_banks`.`totalSpent`, `main`.`calorie_banks`.`dailyTarget`, `main`.`calorie_banks`.`weeklyAverage`, `main`.`calorie_banks`.`recommendedSpend`, `main`.`calorie_banks`.`spendByDate`, `main`.`calorie_banks`.`allowNegative`, `main`.`calorie_banks`.`expireAfterDays`, `main`.`calorie_banks`.`createdAt`, `main`.`calorie_banks`.`updatedAt` FROM `main`.`calorie_banks` WHERE (`main`.`calorie_banks`.`userId` = ? AND 1=1) LIMIT ? OFFSET ?
prisma:query SELECT `main`.`metabolic_profiles`.`id`, `main`.`metabolic_profiles`.`userId`, `main`.`metabolic_profiles`.`trueMetabolicRate`, `main`.`metabolic_profiles`.`bmrEstimate`, `main`.`metabolic_profiles`.`adaptiveFactor`, `main`.`metabolic_profiles`.`weightChangeFactor`, `main`.`metabolic_profiles`.`predictionAccuracy`, `main`.`metabolic_profiles`.`predictionsMade`, `main`.`metabolic_profiles`.`predictionsCorrect`, `main`.`metabolic_profiles`.`lastCalculatedAt`, `main`.`metabolic_profiles`.`calculationMethod`, `main`.`metabolic_profiles`.`createdAt`, `main`.`metabolic_profiles`.`updatedAt` FROM `main`.`metabolic_profiles` WHERE (`main`.`metabolic_profiles`.`userId` = ? AND 1=1) LIMIT ? OFFSET ?
 GET /dashboard?test-user-id=cmnb049ps003chsud2hh8sesl 200 in 100ms (next.js: 4ms, application-code: 97ms)
[browser] Clerk: Clerk has been loaded with development keys. Development instances have strict usage limits and should not be used when deploying your application to production. Learn more: https://clerk.com/docs/deployments/overview (https://present-lizard-1.clerk.accounts.dev/npm/@clerk/clerk-js@6/dist/clerk.browser.js:12:3226)
Error logging water: Error: Clerk: clerkMiddleware() was not run, your middleware or proxy file might be misplaced. Move your middleware or proxy file to ./middleware.ts. Currently located at ./app/middleware.ts
    at async POST (app\api\water\route.ts:9:24)
   7 | export async function POST(req: NextRequest) {
   8 |   try {
>  9 |     const { userId } = await auth();
     |                        ^
  10 |     if (!userId) {
  11 |       return NextResponse.json({ error: "Unauthorized" }, { status: 401 });
  12 |     }
 POST /api/water 500 in 100ms (next.js: 3ms, application-code: 98ms)
[browser] Failed to add water 
    at handleAddWater (app/dashboard/_components/DailySummaryClient.tsx:53:17)
  51 |         setWaterIntake(data.totalWaterMl);
  52 |       } else {
> 53 |         console.error("Failed to add water");
     |                 ^
  54 |       }
  55 |     } catch (error) {
  56 |       console.error("Error adding water:", error); (app/dashboard/_components/DailySummaryClient.tsx:53:17)
[dashboard] Using test user ID from query param: cmnb049ps003chsud2hh8sesl
prisma:query SELECT `main`.`calorie_banks`.`id` FROM `main`.`calorie_banks` WHERE (`main`.`calorie_banks`.`userId` = ? AND 1=1) LIMIT ? OFFSET ?
prisma:query SELECT `main`.`daily_logs`.`id`, `main`.`daily_logs`.`userId`, `main`.`daily_logs`.`date`, `main`.`daily_logs`.`caloriesConsumed`, `main`.`daily_logs`.`proteinG`, `main`.`daily_logs`.`carbsG`, `main`.`daily_logs`.`fatG`, `main`.`daily_logs`.`fiberG`, `main`.`daily_logs`.`calorieTarget`, `main`.`daily_logs`.`caloriesBurned`, `main`.`daily_logs`.`exerciseMinutes`, `main`.`daily_logs`.`bankedAmount`, `main`.`daily_logs`.`waterMl` FROM `main`.`daily_logs` WHERE (`main`.`daily_logs`.`userId` = ? AND `main`.`daily_logs`.`date` >= ? AND `main`.`daily_logs`.`date` < ?) LIMIT ? OFFSET ?
prisma:query SELECT `main`.`bank_transactions`.`id`, `main`.`bank_transactions`.`bankId`, `main`.`bank_transactions`.`type`, `main`.`bank_transactions`.`amount`, `main`.`bank_transactions`.`reason`, `main`.`bank_transactions`.`caloriesConsumed`, `main`.`bank_transactions`.`caloriesTarget`, `main`.`bank_transactions`.`weightAtTime`, `main`.`bank_transactions`.`llmAdvice`, `main`.`bank_transactions`.`userFollowed`, `main`.`bank_transactions`.`sourceId`, `main`.`bank_transactions`.`sourceType`, `main`.`bank_transactions`.`createdAt` FROM `main`.`bank_transactions` WHERE `main`.`bank_transactions`.`bankId` = ? ORDER BY `main`.`bank_transactions`.`createdAt` DESC LIMIT ? OFFSET ?
prisma:query SELECT `main`.`weight_entries`.`id`, `main`.`weight_entries`.`userId`, `main`.`weight_entries`.`weightKg`, `main`.`weight_entries`.`date`, `main`.`weight_entries`.`source` FROM `main`.`weight_entries` WHERE `main`.`weight_entries`.`userId` = ? ORDER BY `main`.`weight_entries`.`date` DESC LIMIT ? OFFSET ?
prisma:query SELECT `main`.`meals`.`id`, `main`.`meals`.`dailyLogId`, `main`.`meals`.`name`, `main`.`meals`.`mealType`, `main`.`meals`.`calories`, `main`.`meals`.`proteinG`, `main`.`meals`.`carbsG`, `main`.`meals`.`fatG`, `main`.`meals`.`source`, `main`.`meals`.`aiConfidence`, `main`.`meals`.`createdAt` FROM `main`.`meals` WHERE `main`.`meals`.`dailyLogId` IN (NULL) LIMIT ? OFFSET ?
prisma:query SELECT `main`.`user_profiles`.`id`, `main`.`user_profiles`.`userId`, `main`.`user_profiles`.`heightCm`, `main`.`user_profiles`.`birthDate`, `main`.`user_profiles`.`gender`, `main`.`user_profiles`.`goalWeightKg`, `main`.`user_profiles`.`targetDate`, `main`.`user_profiles`.`activityLevel`, `main`.`user_profiles`.`timezone`, `main`.`user_profiles`.`createdAt`, `main`.`user_profiles`.`updatedAt` FROM `main`.`user_profiles` WHERE (`main`.`user_profiles`.`userId` = ? AND 1=1) LIMIT ? OFFSET ?
prisma:query SELECT `main`.`calorie_banks`.`id`, `main`.`calorie_banks`.`userId`, `main`.`calorie_banks`.`currentBalance`, `main`.`calorie_banks`.`totalBanked`, `main`.`calorie_banks`.`totalSpent`, `main`.`calorie_banks`.`dailyTarget`, `main`.`calorie_banks`.`weeklyAverage`, `main`.`calorie_banks`.`recommendedSpend`, `main`.`calorie_banks`.`spendByDate`, `main`.`calorie_banks`.`allowNegative`, `main`.`calorie_banks`.`expireAfterDays`, `main`.`calorie_banks`.`createdAt`, `main`.`calorie_banks`.`updatedAt` FROM `main`.`calorie_banks` WHERE (`main`.`calorie_banks`.`userId` = ? AND 1=1) LIMIT ? OFFSET ?
prisma:query SELECT `main`.`metabolic_profiles`.`id`, `main`.`metabolic_profiles`.`userId`, `main`.`metabolic_profiles`.`trueMetabolicRate`, `main`.`metabolic_profiles`.`bmrEstimate`, `main`.`metabolic_profiles`.`adaptiveFactor`, `main`.`metabolic_profiles`.`weightChangeFactor`, `main`.`metabolic_profiles`.`predictionAccuracy`, `main`.`metabolic_profiles`.`predictionsMade`, `main`.`metabolic_profiles`.`predictionsCorrect`, `main`.`metabolic_profiles`.`lastCalculatedAt`, `main`.`metabolic_profiles`.`calculationMethod`, `main`.`metabolic_profiles`.`createdAt`, `main`.`metabolic_profiles`.`updatedAt` FROM `main`.`metabolic_profiles` WHERE (`main`.`metabolic_profiles`.`userId` = ? AND 1=1) LIMIT ? OFFSET ?
 GET /dashboard?test-user-id=cmnb049ps003chsud2hh8sesl 200 in 101ms (next.js: 3ms, application-code: 99ms)
[browser] Clerk: Clerk has been loaded with development keys. Development instances have strict usage limits and should not be used when deploying your application to production. Learn more: https://clerk.com/docs/deployments/overview (https://present-lizard-1.clerk.accounts.dev/npm/@clerk/clerk-js@6/dist/clerk.browser.js:12:3226)
 GET / 200 in 51ms (next.js: 2ms, application-code: 49ms)
 GET / 200 in 46ms (next.js: 2ms, application-code: 43ms)
prisma:query SELECT `main`.`users`.`id` FROM `main`.`users` WHERE (`main`.`users`.`email` = ? AND 1=1) LIMIT ? OFFSET ?
prisma:query INSERT INTO `main`.`users` (`id`, `email`, `createdAt`, `updatedAt`) VALUES (?,?,?,?) RETURNING `id` AS `id`
prisma:query SELECT `main`.`users`.`id`, `main`.`users`.`email`, `main`.`users`.`name`, `main`.`users`.`createdAt`, `main`.`users`.`updatedAt` FROM `main`.`users` WHERE `main`.`users`.`id` = ? LIMIT ? OFFSET ?
prisma:query -- Implicit "COMMIT" query via underlying driver
prisma:query SELECT `main`.`user_profiles`.`id` FROM `main`.`user_profiles` WHERE (`main`.`user_profiles`.`userId` = ? AND 1=1) LIMIT ? OFFSET ?
prisma:query INSERT INTO `main`.`user_profiles` (`id`, `userId`, `heightCm`, `gender`, `goalWeightKg`, `activityLevel`, `timezone`, `createdAt`, `updatedAt`) VALUES (?,?,?,?,?,?,?,?,?) RETURNING `id` AS `id`
prisma:query SELECT `main`.`user_profiles`.`id`, `main`.`user_profiles`.`userId`, `main`.`user_profiles`.`heightCm`, `main`.`user_profiles`.`birthDate`, `main`.`user_profiles`.`gender`, `main`.`user_profiles`.`goalWeightKg`, `main`.`user_profiles`.`targetDate`, `main`.`user_profiles`.`activityLevel`, `main`.`user_profiles`.`timezone`, `main`.`user_profiles`.`createdAt`, `main`.`user_profiles`.`updatedAt` FROM `main`.`user_profiles` WHERE `main`.`user_profiles`.`id` = ? LIMIT ? OFFSET ?
prisma:query -- Implicit "COMMIT" query via underlying driver
prisma:query SELECT `main`.`metabolic_profiles`.`id` FROM `main`.`metabolic_profiles` WHERE (`main`.`metabolic_profiles`.`userId` = ? AND 1=1) LIMIT ? OFFSET ?
prisma:query INSERT INTO `main`.`metabolic_profiles` (`id`, `userId`, `trueMetabolicRate`, `bmrEstimate`, `adaptiveFactor`, `weightChangeFactor`, `predictionAccuracy`, `predictionsMade`, `predictionsCorrect`, `lastCalculatedAt`, `calculationMethod`, `createdAt`, `updatedAt`) VALUES (?,?,?,?,?,?,?,?,?,?,?,?,?) RETURNING `id` AS `id`
prisma:query SELECT `main`.`metabolic_profiles`.`id`, `main`.`metabolic_profiles`.`userId`, `main`.`metabolic_profiles`.`trueMetabolicRate`, `main`.`metabolic_profiles`.`bmrEstimate`, `main`.`metabolic_profiles`.`adaptiveFactor`, `main`.`metabolic_profiles`.`weightChangeFactor`, `main`.`metabolic_profiles`.`predictionAccuracy`, `main`.`metabolic_profiles`.`predictionsMade`, `main`.`metabolic_profiles`.`predictionsCorrect`, `main`.`metabolic_profiles`.`lastCalculatedAt`, `main`.`metabolic_profiles`.`calculationMethod`, `main`.`metabolic_profiles`.`createdAt`, `main`.`metabolic_profiles`.`updatedAt` FROM `main`.`metabolic_profiles` WHERE `main`.`metabolic_profiles`.`id` = ? LIMIT ? OFFSET ?
prisma:query -- Implicit "COMMIT" query via underlying driver
prisma:query SELECT `main`.`calorie_banks`.`id` FROM `main`.`calorie_banks` WHERE (`main`.`calorie_banks`.`userId` = ? AND 1=1) LIMIT ? OFFSET ?
prisma:query INSERT INTO `main`.`calorie_banks` (`id`, `userId`, `currentBalance`, `totalBanked`, `totalSpent`, `dailyTarget`, `weeklyAverage`, `allowNegative`, `expireAfterDays`, `createdAt`, `updatedAt`) VALUES (?,?,?,?,?,?,?,?,?,?,?) RETURNING `id` AS `id`
prisma:query SELECT `main`.`calorie_banks`.`id`, `main`.`calorie_banks`.`userId`, `main`.`calorie_banks`.`currentBalance`, `main`.`calorie_banks`.`totalBanked`, `main`.`calorie_banks`.`totalSpent`, `main`.`calorie_banks`.`dailyTarget`, `main`.`calorie_banks`.`weeklyAverage`, `main`.`calorie_banks`.`recommendedSpend`, `main`.`calorie_banks`.`spendByDate`, `main`.`calorie_banks`.`allowNegative`, `main`.`calorie_banks`.`expireAfterDays`, `main`.`calorie_banks`.`createdAt`, `main`.`calorie_banks`.`updatedAt` FROM `main`.`calorie_banks` WHERE `main`.`calorie_banks`.`id` = ? LIMIT ? OFFSET ?
prisma:query -- Implicit "COMMIT" query via underlying driver
 POST /api/test-auth 200 in 38ms (next.js: 2ms, application-code: 36ms)
 GET /onboarding 200 in 54ms (next.js: 6ms, application-code: 48ms)
 GET /onboarding 200 in 53ms (next.js: 3ms, application-code: 50ms)
[browser] Clerk: Clerk has been loaded with development keys. Development instances have strict usage limits and should not be used when deploying your application to production. Learn more: https://clerk.com/docs/deployments/overview (https://present-lizard-1.clerk.accounts.dev/npm/@clerk/clerk-js@6/dist/clerk.browser.js:12:3226)
[initialize] Headers received: {
  'X-Test-User-Id': 'cmnb2fey7003khsude7jzb49i',
  'Content-Type': 'application/json'
}
[initialize] NODE_ENV: development
[initialize] Using test user ID: cmnb2fey7003khsude7jzb49i
[initialize] Activity level mapping: MODERATELY_ACTIVE -> MODERATE
prisma:query INSERT INTO `main`.`user_profiles` (`id`, `userId`, `heightCm`, `birthDate`, `gender`, `goalWeightKg`, `targetDate`, `activityLevel`, `timezone`, `createdAt`, `updatedAt`) VALUES (?,?,?,?,?,?,?,?,?,?,?) ON CONFLICT  (`userId`) DO UPDATE SET `heightCm` = ?, `birthDate` = ?, `gender` = ?, `goalWeightKg` = ?, `targetDate` = ?, `activityLevel` = ?, `timezone` = ?, `updatedAt` = ? WHERE (`main`.`user_profiles`.`userId` = ? AND 1=1) RETURNING `id` AS `id`, `userId` AS `userId`, `heightCm` AS `heightCm`, `birthDate` AS `birthDate`, `gender` AS `gender`, `goalWeightKg` AS `goalWeightKg`, `targetDate` AS `targetDate`, `activityLevel` AS `activityLevel`, `timezone` AS `timezone`, `createdAt` AS `createdAt`, `updatedAt` AS `updatedAt`
prisma:query INSERT INTO `main`.`metabolic_profiles` (`id`, `userId`, `trueMetabolicRate`, `bmrEstimate`, `adaptiveFactor`, `weightChangeFactor`, `predictionAccuracy`, `predictionsMade`, `predictionsCorrect`, `lastCalculatedAt`, `calculationMethod`, `createdAt`, `updatedAt`) VALUES (?,?,?,?,?,?,?,?,?,?,?,?,?) ON CONFLICT  (`userId`) DO UPDATE SET `trueMetabolicRate` = ?, `bmrEstimate` = ?, `lastCalculatedAt` = ?, `updatedAt` = ? WHERE (`main`.`metabolic_profiles`.`userId` = ? AND 1=1) RETURNING `id` AS `id`, `userId` AS `userId`, `trueMetabolicRate` AS `trueMetabolicRate`, `bmrEstimate` AS `bmrEstimate`, `adaptiveFactor` AS `adaptiveFactor`, `weightChangeFactor` AS `weightChangeFactor`, `predictionAccuracy` AS `predictionAccuracy`, `predictionsMade` AS `predictionsMade`, `predictionsCorrect` AS `predictionsCorrect`, `lastCalculatedAt` AS `lastCalculatedAt`, `calculationMethod` AS `calculationMethod`, `createdAt` AS `createdAt`, `updatedAt` AS `updatedAt`
prisma:query INSERT INTO `main`.`calorie_banks` (`id`, `userId`, `currentBalance`, `totalBanked`, `totalSpent`, `dailyTarget`, `weeklyAverage`, `allowNegative`, `expireAfterDays`, `createdAt`, `updatedAt`) VALUES (?,?,?,?,?,?,?,?,?,?,?) ON CONFLICT  (`userId`) DO UPDATE SET `dailyTarget` = ?, `allowNegative` = ?, `updatedAt` = ? WHERE (`main`.`calorie_banks`.`userId` = ? AND 1=1) RETURNING `id` AS `id`, `userId` AS `userId`, `currentBalance` AS `currentBalance`, `totalBanked` AS `totalBanked`, `totalSpent` AS `totalSpent`, `dailyTarget` AS `dailyTarget`, `weeklyAverage` AS `weeklyAverage`, `recommendedSpend` AS `recommendedSpend`, `spendByDate` AS `spendByDate`, `allowNegative` AS `allowNegative`, `expireAfterDays` AS `expireAfterDays`, `createdAt` AS `createdAt`, `updatedAt` AS `updatedAt`
prisma:query INSERT INTO `main`.`weight_entries` (`id`, `userId`, `weightKg`, `date`, `source`) VALUES (?,?,?,?,?) RETURNING `id` AS `id`, `userId` AS `userId`, `weightKg` AS `weightKg`, `date` AS `date`, `source` AS `source`
 POST /api/user/initialize 200 in 33ms (next.js: 2ms, application-code: 31ms)
⨯ Error: Clerk: clerkMiddleware() was not run, your middleware or proxy file might be misplaced. Move your middleware or proxy file to ./middleware.ts. Currently located at ./app/middleware.ts
    at async DashboardPage (app\dashboard\page.tsx:105:24)
  103 |     console.log("[dashboard] Using test user ID from query param:", userId);
  104 |   } else {
> 105 |     const authResult = await auth();
      |                        ^
  106 |     userId = authResult.userId;
  107 |     console.log("[dashboard] Using Clerk auth user ID:", userId);
  108 |   } {
  digest: '3112700540'
}
 GET /dashboard 200 in 39ms (next.js: 3ms, application-code: 36ms)
[browser] Uncaught Error: Clerk: clerkMiddleware() was not run, your middleware or proxy file might be misplaced. Move your middleware or proxy file to ./middleware.ts. Currently located at ./app/middleware.ts
    at <anonymous> (node_modules\@clerk\nextjs\src\server\createGetAuth.ts:44:17)
    at  auth (node_modules\@clerk\nextjs\src\app-router\server\auth.ts:96:24)
    at  DashboardPage (app\dashboard\page.tsx:105:24)
  42 |
  43 |         if (missConfiguredMiddlewareLocation) {
> 44 |           throw new Error(missConfiguredMiddlewareLocation);
     |                 ^
  45 |         }
  46 |
  47 |         // still throw there is no suggested move location
[dashboard] Using test user ID from query param: cmnb2fey7003khsude7jzb49i
prisma:query SELECT `main`.`calorie_banks`.`id` FROM `main`.`calorie_banks` WHERE (`main`.`calorie_banks`.`userId` = ? AND 1=1) LIMIT ? OFFSET ?
prisma:query SELECT `main`.`daily_logs`.`id`, `main`.`daily_logs`.`userId`, `main`.`daily_logs`.`date`, `main`.`daily_logs`.`caloriesConsumed`, `main`.`daily_logs`.`proteinG`, `main`.`daily_logs`.`carbsG`, `main`.`daily_logs`.`fatG`, `main`.`daily_logs`.`fiberG`, `main`.`daily_logs`.`calorieTarget`, `main`.`daily_logs`.`caloriesBurned`, `main`.`daily_logs`.`exerciseMinutes`, `main`.`daily_logs`.`bankedAmount`, `main`.`daily_logs`.`waterMl` FROM `main`.`daily_logs` WHERE (`main`.`daily_logs`.`userId` = ? AND `main`.`daily_logs`.`date` >= ? AND `main`.`daily_logs`.`date` < ?) LIMIT ? OFFSET ?
prisma:query SELECT `main`.`bank_transactions`.`id`, `main`.`bank_transactions`.`bankId`, `main`.`bank_transactions`.`type`, `main`.`bank_transactions`.`amount`, `main`.`bank_transactions`.`reason`, `main`.`bank_transactions`.`caloriesConsumed`, `main`.`bank_transactions`.`caloriesTarget`, `main`.`bank_transactions`.`weightAtTime`, `main`.`bank_transactions`.`llmAdvice`, `main`.`bank_transactions`.`userFollowed`, `main`.`bank_transactions`.`sourceId`, `main`.`bank_transactions`.`sourceType`, `main`.`bank_transactions`.`createdAt` FROM `main`.`bank_transactions` WHERE `main`.`bank_transactions`.`bankId` = ? ORDER BY `main`.`bank_transactions`.`createdAt` DESC LIMIT ? OFFSET ?
prisma:query SELECT `main`.`weight_entries`.`id`, `main`.`weight_entries`.`userId`, `main`.`weight_entries`.`weightKg`, `main`.`weight_entries`.`date`, `main`.`weight_entries`.`source` FROM `main`.`weight_entries` WHERE `main`.`weight_entries`.`userId` = ? ORDER BY `main`.`weight_entries`.`date` DESC LIMIT ? OFFSET ?
prisma:query SELECT `main`.`meals`.`id`, `main`.`meals`.`dailyLogId`, `main`.`meals`.`name`, `main`.`meals`.`mealType`, `main`.`meals`.`calories`, `main`.`meals`.`proteinG`, `main`.`meals`.`carbsG`, `main`.`meals`.`fatG`, `main`.`meals`.`source`, `main`.`meals`.`aiConfidence`, `main`.`meals`.`createdAt` FROM `main`.`meals` WHERE `main`.`meals`.`dailyLogId` IN (NULL) LIMIT ? OFFSET ?
prisma:query SELECT `main`.`user_profiles`.`id`, `main`.`user_profiles`.`userId`, `main`.`user_profiles`.`heightCm`, `main`.`user_profiles`.`birthDate`, `main`.`user_profiles`.`gender`, `main`.`user_profiles`.`goalWeightKg`, `main`.`user_profiles`.`targetDate`, `main`.`user_profiles`.`activityLevel`, `main`.`user_profiles`.`timezone`, `main`.`user_profiles`.`createdAt`, `main`.`user_profiles`.`updatedAt` FROM `main`.`user_profiles` WHERE (`main`.`user_profiles`.`userId` = ? AND 1=1) LIMIT ? OFFSET ?
prisma:query SELECT `main`.`calorie_banks`.`id`, `main`.`calorie_banks`.`userId`, `main`.`calorie_banks`.`currentBalance`, `main`.`calorie_banks`.`totalBanked`, `main`.`calorie_banks`.`totalSpent`, `main`.`calorie_banks`.`dailyTarget`, `main`.`calorie_banks`.`weeklyAverage`, `main`.`calorie_banks`.`recommendedSpend`, `main`.`calorie_banks`.`spendByDate`, `main`.`calorie_banks`.`allowNegative`, `main`.`calorie_banks`.`expireAfterDays`, `main`.`calorie_banks`.`createdAt`, `main`.`calorie_banks`.`updatedAt` FROM `main`.`calorie_banks` WHERE (`main`.`calorie_banks`.`userId` = ? AND 1=1) LIMIT ? OFFSET ?
prisma:query SELECT `main`.`metabolic_profiles`.`id`, `main`.`metabolic_profiles`.`userId`, `main`.`metabolic_profiles`.`trueMetabolicRate`, `main`.`metabolic_profiles`.`bmrEstimate`, `main`.`metabolic_profiles`.`adaptiveFactor`, `main`.`metabolic_profiles`.`weightChangeFactor`, `main`.`metabolic_profiles`.`predictionAccuracy`, `main`.`metabolic_profiles`.`predictionsMade`, `main`.`metabolic_profiles`.`predictionsCorrect`, `main`.`metabolic_profiles`.`lastCalculatedAt`, `main`.`metabolic_profiles`.`calculationMethod`, `main`.`metabolic_profiles`.`createdAt`, `main`.`metabolic_profiles`.`updatedAt` FROM `main`.`metabolic_profiles` WHERE (`main`.`metabolic_profiles`.`userId` = ? AND 1=1) LIMIT ? OFFSET ?
 GET /dashboard?test-user-id=cmnb2fey7003khsude7jzb49i 200 in 101ms (next.js: 3ms, application-code: 98ms)
[browser] Clerk: Clerk has been loaded with development keys. Development instances have strict usage limits and should not be used when deploying your application to production. Learn more: https://clerk.com/docs/deployments/overview (https://present-lizard-1.clerk.accounts.dev/npm/@clerk/clerk-js@6/dist/clerk.browser.js:12:3226)
[dashboard] Using test user ID from query param: cmnb2fey7003khsude7jzb49i
prisma:query SELECT `main`.`calorie_banks`.`id` FROM `main`.`calorie_banks` WHERE (`main`.`calorie_banks`.`userId` = ? AND 1=1) LIMIT ? OFFSET ?
prisma:query SELECT `main`.`daily_logs`.`id`, `main`.`daily_logs`.`userId`, `main`.`daily_logs`.`date`, `main`.`daily_logs`.`caloriesConsumed`, `main`.`daily_logs`.`proteinG`, `main`.`daily_logs`.`carbsG`, `main`.`daily_logs`.`fatG`, `main`.`daily_logs`.`fiberG`, `main`.`daily_logs`.`calorieTarget`, `main`.`daily_logs`.`caloriesBurned`, `main`.`daily_logs`.`exerciseMinutes`, `main`.`daily_logs`.`bankedAmount`, `main`.`daily_logs`.`waterMl` FROM `main`.`daily_logs` WHERE (`main`.`daily_logs`.`userId` = ? AND `main`.`daily_logs`.`date` >= ? AND `main`.`daily_logs`.`date` < ?) LIMIT ? OFFSET ?
prisma:query SELECT `main`.`bank_transactions`.`id`, `main`.`bank_transactions`.`bankId`, `main`.`bank_transactions`.`type`, `main`.`bank_transactions`.`amount`, `main`.`bank_transactions`.`reason`, `main`.`bank_transactions`.`caloriesConsumed`, `main`.`bank_transactions`.`caloriesTarget`, `main`.`bank_transactions`.`weightAtTime`, `main`.`bank_transactions`.`llmAdvice`, `main`.`bank_transactions`.`userFollowed`, `main`.`bank_transactions`.`sourceId`, `main`.`bank_transactions`.`sourceType`, `main`.`bank_transactions`.`createdAt` FROM `main`.`bank_transactions` WHERE `main`.`bank_transactions`.`bankId` = ? ORDER BY `main`.`bank_transactions`.`createdAt` DESC LIMIT ? OFFSET ?
prisma:query SELECT `main`.`weight_entries`.`id`, `main`.`weight_entries`.`userId`, `main`.`weight_entries`.`weightKg`, `main`.`weight_entries`.`date`, `main`.`weight_entries`.`source` FROM `main`.`weight_entries` WHERE `main`.`weight_entries`.`userId` = ? ORDER BY `main`.`weight_entries`.`date` DESC LIMIT ? OFFSET ?
prisma:query SELECT `main`.`meals`.`id`, `main`.`meals`.`dailyLogId`, `main`.`meals`.`name`, `main`.`meals`.`mealType`, `main`.`meals`.`calories`, `main`.`meals`.`proteinG`, `main`.`meals`.`carbsG`, `main`.`meals`.`fatG`, `main`.`meals`.`source`, `main`.`meals`.`aiConfidence`, `main`.`meals`.`createdAt` FROM `main`.`meals` WHERE `main`.`meals`.`dailyLogId` IN (NULL) LIMIT ? OFFSET ?
prisma:query SELECT `main`.`user_profiles`.`id`, `main`.`user_profiles`.`userId`, `main`.`user_profiles`.`heightCm`, `main`.`user_profiles`.`birthDate`, `main`.`user_profiles`.`gender`, `main`.`user_profiles`.`goalWeightKg`, `main`.`user_profiles`.`targetDate`, `main`.`user_profiles`.`activityLevel`, `main`.`user_profiles`.`timezone`, `main`.`user_profiles`.`createdAt`, `main`.`user_profiles`.`updatedAt` FROM `main`.`user_profiles` WHERE (`main`.`user_profiles`.`userId` = ? AND 1=1) LIMIT ? OFFSET ?
prisma:query SELECT `main`.`calorie_banks`.`id`, `main`.`calorie_banks`.`userId`, `main`.`calorie_banks`.`currentBalance`, `main`.`calorie_banks`.`totalBanked`, `main`.`calorie_banks`.`totalSpent`, `main`.`calorie_banks`.`dailyTarget`, `main`.`calorie_banks`.`weeklyAverage`, `main`.`calorie_banks`.`recommendedSpend`, `main`.`calorie_banks`.`spendByDate`, `main`.`calorie_banks`.`allowNegative`, `main`.`calorie_banks`.`expireAfterDays`, `main`.`calorie_banks`.`createdAt`, `main`.`calorie_banks`.`updatedAt` FROM `main`.`calorie_banks` WHERE (`main`.`calorie_banks`.`userId` = ? AND 1=1) LIMIT ? OFFSET ?
prisma:query SELECT `main`.`metabolic_profiles`.`id`, `main`.`metabolic_profiles`.`userId`, `main`.`metabolic_profiles`.`trueMetabolicRate`, `main`.`metabolic_profiles`.`bmrEstimate`, `main`.`metabolic_profiles`.`adaptiveFactor`, `main`.`metabolic_profiles`.`weightChangeFactor`, `main`.`metabolic_profiles`.`predictionAccuracy`, `main`.`metabolic_profiles`.`predictionsMade`, `main`.`metabolic_profiles`.`predictionsCorrect`, `main`.`metabolic_profiles`.`lastCalculatedAt`, `main`.`metabolic_profiles`.`calculationMethod`, `main`.`metabolic_profiles`.`createdAt`, `main`.`metabolic_profiles`.`updatedAt` FROM `main`.`metabolic_profiles` WHERE (`main`.`metabolic_profiles`.`userId` = ? AND 1=1) LIMIT ? OFFSET ?
 GET /dashboard?test-user-id=cmnb2fey7003khsude7jzb49i 200 in 107ms (next.js: 3ms, application-code: 104ms)
[browser] Clerk: Clerk has been loaded with development keys. Development instances have strict usage limits and should not be used when deploying your application to production. Learn more: https://clerk.com/docs/deployments/overview (https://present-lizard-1.clerk.accounts.dev/npm/@clerk/clerk-js@6/dist/clerk.browser.js:12:3226)
Error logging meal: Error: Clerk: clerkMiddleware() was not run, your middleware or proxy file might be misplaced. Move your middleware or proxy file to ./middleware.ts. Currently located at ./app/middleware.ts
    at async POST (app\api\meals\route.ts:8:24)
   6 | export async function POST(req: NextRequest) {
   7 |   try {
>  8 |     const { userId } = await auth();
     |                        ^
   9 |     if (!userId) {
  10 |       return NextResponse.json({ error: "Unauthorized" }, { status: 401 });
  11 |     }
 POST /api/meals 500 in 89ms (next.js: 2ms, application-code: 87ms)
[browser] Failed to log meal: Error: Failed to log meal
    at handleConfirm (app/dashboard/_components/QuickLogClient.tsx:122:15)
  120 |
  121 |       if (!response.ok) {
> 122 |         throw new Error("Failed to log meal");
      |               ^
  123 |       }
  124 |
  125 |       setInput(""); (app/dashboard/_components/QuickLogClient.tsx:131:15)
[dashboard] Using test user ID from query param: cmnb2fey7003khsude7jzb49i
prisma:query SELECT `main`.`calorie_banks`.`id` FROM `main`.`calorie_banks` WHERE (`main`.`calorie_banks`.`userId` = ? AND 1=1) LIMIT ? OFFSET ?
prisma:query SELECT `main`.`daily_logs`.`id`, `main`.`daily_logs`.`userId`, `main`.`daily_logs`.`date`, `main`.`daily_logs`.`caloriesConsumed`, `main`.`daily_logs`.`proteinG`, `main`.`daily_logs`.`carbsG`, `main`.`daily_logs`.`fatG`, `main`.`daily_logs`.`fiberG`, `main`.`daily_logs`.`calorieTarget`, `main`.`daily_logs`.`caloriesBurned`, `main`.`daily_logs`.`exerciseMinutes`, `main`.`daily_logs`.`bankedAmount`, `main`.`daily_logs`.`waterMl` FROM `main`.`daily_logs` WHERE (`main`.`daily_logs`.`userId` = ? AND `main`.`daily_logs`.`date` >= ? AND `main`.`daily_logs`.`date` < ?) LIMIT ? OFFSET ?
prisma:query SELECT `main`.`bank_transactions`.`id`, `main`.`bank_transactions`.`bankId`, `main`.`bank_transactions`.`type`, `main`.`bank_transactions`.`amount`, `main`.`bank_transactions`.`reason`, `main`.`bank_transactions`.`caloriesConsumed`, `main`.`bank_transactions`.`caloriesTarget`, `main`.`bank_transactions`.`weightAtTime`, `main`.`bank_transactions`.`llmAdvice`, `main`.`bank_transactions`.`userFollowed`, `main`.`bank_transactions`.`sourceId`, `main`.`bank_transactions`.`sourceType`, `main`.`bank_transactions`.`createdAt` FROM `main`.`bank_transactions` WHERE `main`.`bank_transactions`.`bankId` = ? ORDER BY `main`.`bank_transactions`.`createdAt` DESC LIMIT ? OFFSET ?
prisma:query SELECT `main`.`weight_entries`.`id`, `main`.`weight_entries`.`userId`, `main`.`weight_entries`.`weightKg`, `main`.`weight_entries`.`date`, `main`.`weight_entries`.`source` FROM `main`.`weight_entries` WHERE `main`.`weight_entries`.`userId` = ? ORDER BY `main`.`weight_entries`.`date` DESC LIMIT ? OFFSET ?
prisma:query SELECT `main`.`meals`.`id`, `main`.`meals`.`dailyLogId`, `main`.`meals`.`name`, `main`.`meals`.`mealType`, `main`.`meals`.`calories`, `main`.`meals`.`proteinG`, `main`.`meals`.`carbsG`, `main`.`meals`.`fatG`, `main`.`meals`.`source`, `main`.`meals`.`aiConfidence`, `main`.`meals`.`createdAt` FROM `main`.`meals` WHERE `main`.`meals`.`dailyLogId` IN (NULL) LIMIT ? OFFSET ?
prisma:query SELECT `main`.`user_profiles`.`id`, `main`.`user_profiles`.`userId`, `main`.`user_profiles`.`heightCm`, `main`.`user_profiles`.`birthDate`, `main`.`user_profiles`.`gender`, `main`.`user_profiles`.`goalWeightKg`, `main`.`user_profiles`.`targetDate`, `main`.`user_profiles`.`activityLevel`, `main`.`user_profiles`.`timezone`, `main`.`user_profiles`.`createdAt`, `main`.`user_profiles`.`updatedAt` FROM `main`.`user_profiles` WHERE (`main`.`user_profiles`.`userId` = ? AND 1=1) LIMIT ? OFFSET ?
prisma:query SELECT `main`.`calorie_banks`.`id`, `main`.`calorie_banks`.`userId`, `main`.`calorie_banks`.`currentBalance`, `main`.`calorie_banks`.`totalBanked`, `main`.`calorie_banks`.`totalSpent`, `main`.`calorie_banks`.`dailyTarget`, `main`.`calorie_banks`.`weeklyAverage`, `main`.`calorie_banks`.`recommendedSpend`, `main`.`calorie_banks`.`spendByDate`, `main`.`calorie_banks`.`allowNegative`, `main`.`calorie_banks`.`expireAfterDays`, `main`.`calorie_banks`.`createdAt`, `main`.`calorie_banks`.`updatedAt` FROM `main`.`calorie_banks` WHERE (`main`.`calorie_banks`.`userId` = ? AND 1=1) LIMIT ? OFFSET ?
prisma:query SELECT `main`.`metabolic_profiles`.`id`, `main`.`metabolic_profiles`.`userId`, `main`.`metabolic_profiles`.`trueMetabolicRate`, `main`.`metabolic_profiles`.`bmrEstimate`, `main`.`metabolic_profiles`.`adaptiveFactor`, `main`.`metabolic_profiles`.`weightChangeFactor`, `main`.`metabolic_profiles`.`predictionAccuracy`, `main`.`metabolic_profiles`.`predictionsMade`, `main`.`metabolic_profiles`.`predictionsCorrect`, `main`.`metabolic_profiles`.`lastCalculatedAt`, `main`.`metabolic_profiles`.`calculationMethod`, `main`.`metabolic_profiles`.`createdAt`, `main`.`metabolic_profiles`.`updatedAt` FROM `main`.`metabolic_profiles` WHERE (`main`.`metabolic_profiles`.`userId` = ? AND 1=1) LIMIT ? OFFSET ?
 GET /dashboard?test-user-id=cmnb2fey7003khsude7jzb49i 200 in 81ms (next.js: 3ms, application-code: 78ms)
[browser] Clerk: Clerk has been loaded with development keys. Development instances have strict usage limits and should not be used when deploying your application to production. Learn more: https://clerk.com/docs/deployments/overview (https://present-lizard-1.clerk.accounts.dev/npm/@clerk/clerk-js@6/dist/clerk.browser.js:12:3226)
Error logging water: Error: Clerk: clerkMiddleware() was not run, your middleware or proxy file might be misplaced. Move your middleware or proxy file to ./middleware.ts. Currently located at ./app/middleware.ts
    at async POST (app\api\water\route.ts:9:24)
   7 | export async function POST(req: NextRequest) {
   8 |   try {
>  9 |     const { userId } = await auth();
     |                        ^
  10 |     if (!userId) {
  11 |       return NextResponse.json({ error: "Unauthorized" }, { status: 401 });
  12 |     }
 POST /api/water 500 in 96ms (next.js: 1963µs, application-code: 94ms)
[browser] Failed to add water 
    at handleAddWater (app/dashboard/_components/DailySummaryClient.tsx:53:17)
  51 |         setWaterIntake(data.totalWaterMl);
  52 |       } else {
> 53 |         console.error("Failed to add water");
     |                 ^
  54 |       }
  55 |     } catch (error) {
  56 |       console.error("Error adding water:", error); (app/dashboard/_components/DailySummaryClient.tsx:53:17)
[dashboard] Using test user ID from query param: cmnb2fey7003khsude7jzb49i
prisma:query SELECT `main`.`calorie_banks`.`id` FROM `main`.`calorie_banks` WHERE (`main`.`calorie_banks`.`userId` = ? AND 1=1) LIMIT ? OFFSET ?
prisma:query SELECT `main`.`daily_logs`.`id`, `main`.`daily_logs`.`userId`, `main`.`daily_logs`.`date`, `main`.`daily_logs`.`caloriesConsumed`, `main`.`daily_logs`.`proteinG`, `main`.`daily_logs`.`carbsG`, `main`.`daily_logs`.`fatG`, `main`.`daily_logs`.`fiberG`, `main`.`daily_logs`.`calorieTarget`, `main`.`daily_logs`.`caloriesBurned`, `main`.`daily_logs`.`exerciseMinutes`, `main`.`daily_logs`.`bankedAmount`, `main`.`daily_logs`.`waterMl` FROM `main`.`daily_logs` WHERE (`main`.`daily_logs`.`userId` = ? AND `main`.`daily_logs`.`date` >= ? AND `main`.`daily_logs`.`date` < ?) LIMIT ? OFFSET ?
prisma:query SELECT `main`.`bank_transactions`.`id`, `main`.`bank_transactions`.`bankId`, `main`.`bank_transactions`.`type`, `main`.`bank_transactions`.`amount`, `main`.`bank_transactions`.`reason`, `main`.`bank_transactions`.`caloriesConsumed`, `main`.`bank_transactions`.`caloriesTarget`, `main`.`bank_transactions`.`weightAtTime`, `main`.`bank_transactions`.`llmAdvice`, `main`.`bank_transactions`.`userFollowed`, `main`.`bank_transactions`.`sourceId`, `main`.`bank_transactions`.`sourceType`, `main`.`bank_transactions`.`createdAt` FROM `main`.`bank_transactions` WHERE `main`.`bank_transactions`.`bankId` = ? ORDER BY `main`.`bank_transactions`.`createdAt` DESC LIMIT ? OFFSET ?
prisma:query SELECT `main`.`weight_entries`.`id`, `main`.`weight_entries`.`userId`, `main`.`weight_entries`.`weightKg`, `main`.`weight_entries`.`date`, `main`.`weight_entries`.`source` FROM `main`.`weight_entries` WHERE `main`.`weight_entries`.`userId` = ? ORDER BY `main`.`weight_entries`.`date` DESC LIMIT ? OFFSET ?
prisma:query SELECT `main`.`meals`.`id`, `main`.`meals`.`dailyLogId`, `main`.`meals`.`name`, `main`.`meals`.`mealType`, `main`.`meals`.`calories`, `main`.`meals`.`proteinG`, `main`.`meals`.`carbsG`, `main`.`meals`.`fatG`, `main`.`meals`.`source`, `main`.`meals`.`aiConfidence`, `main`.`meals`.`createdAt` FROM `main`.`meals` WHERE `main`.`meals`.`dailyLogId` IN (NULL) LIMIT ? OFFSET ?
prisma:query SELECT `main`.`user_profiles`.`id`, `main`.`user_profiles`.`userId`, `main`.`user_profiles`.`heightCm`, `main`.`user_profiles`.`birthDate`, `main`.`user_profiles`.`gender`, `main`.`user_profiles`.`goalWeightKg`, `main`.`user_profiles`.`targetDate`, `main`.`user_profiles`.`activityLevel`, `main`.`user_profiles`.`timezone`, `main`.`user_profiles`.`createdAt`, `main`.`user_profiles`.`updatedAt` FROM `main`.`user_profiles` WHERE (`main`.`user_profiles`.`userId` = ? AND 1=1) LIMIT ? OFFSET ?
prisma:query SELECT `main`.`calorie_banks`.`id`, `main`.`calorie_banks`.`userId`, `main`.`calorie_banks`.`currentBalance`, `main`.`calorie_banks`.`totalBanked`, `main`.`calorie_banks`.`totalSpent`, `main`.`calorie_banks`.`dailyTarget`, `main`.`calorie_banks`.`weeklyAverage`, `main`.`calorie_banks`.`recommendedSpend`, `main`.`calorie_banks`.`spendByDate`, `main`.`calorie_banks`.`allowNegative`, `main`.`calorie_banks`.`expireAfterDays`, `main`.`calorie_banks`.`createdAt`, `main`.`calorie_banks`.`updatedAt` FROM `main`.`calorie_banks` WHERE (`main`.`calorie_banks`.`userId` = ? AND 1=1) LIMIT ? OFFSET ?
prisma:query SELECT `main`.`metabolic_profiles`.`id`, `main`.`metabolic_profiles`.`userId`, `main`.`metabolic_profiles`.`trueMetabolicRate`, `main`.`metabolic_profiles`.`bmrEstimate`, `main`.`metabolic_profiles`.`adaptiveFactor`, `main`.`metabolic_profiles`.`weightChangeFactor`, `main`.`metabolic_profiles`.`predictionAccuracy`, `main`.`metabolic_profiles`.`predictionsMade`, `main`.`metabolic_profiles`.`predictionsCorrect`, `main`.`metabolic_profiles`.`lastCalculatedAt`, `main`.`metabolic_profiles`.`calculationMethod`, `main`.`metabolic_profiles`.`createdAt`, `main`.`metabolic_profiles`.`updatedAt` FROM `main`.`metabolic_profiles` WHERE (`main`.`metabolic_profiles`.`userId` = ? AND 1=1) LIMIT ? OFFSET ?
 GET /dashboard?test-user-id=cmnb2fey7003khsude7jzb49i 200 in 82ms (next.js: 4ms, application-code: 78ms)
[browser] Clerk: Clerk has been loaded with development keys. Development instances have strict usage limits and should not be used when deploying your application to production. Learn more: https://clerk.com/docs/deployments/overview (https://present-lizard-1.clerk.accounts.dev/npm/@clerk/clerk-js@6/dist/clerk.browser.js:12:3226)
 GET / 200 in 55ms (next.js: 2ms, application-code: 53ms)
 GET / 200 in 53ms (next.js: 7ms, application-code: 46ms)
prisma:query SELECT `main`.`users`.`id` FROM `main`.`users` WHERE (`main`.`users`.`email` = ? AND 1=1) LIMIT ? OFFSET ?
prisma:query INSERT INTO `main`.`users` (`id`, `email`, `createdAt`, `updatedAt`) VALUES (?,?,?,?) RETURNING `id` AS `id`
prisma:query SELECT `main`.`users`.`id`, `main`.`users`.`email`, `main`.`users`.`name`, `main`.`users`.`createdAt`, `main`.`users`.`updatedAt` FROM `main`.`users` WHERE `main`.`users`.`id` = ? LIMIT ? OFFSET ?
prisma:query -- Implicit "COMMIT" query via underlying driver
prisma:query SELECT `main`.`user_profiles`.`id` FROM `main`.`user_profiles` WHERE (`main`.`user_profiles`.`userId` = ? AND 1=1) LIMIT ? OFFSET ?
prisma:query INSERT INTO `main`.`user_profiles` (`id`, `userId`, `heightCm`, `gender`, `goalWeightKg`, `activityLevel`, `timezone`, `createdAt`, `updatedAt`) VALUES (?,?,?,?,?,?,?,?,?) RETURNING `id` AS `id`
prisma:query SELECT `main`.`user_profiles`.`id`, `main`.`user_profiles`.`userId`, `main`.`user_profiles`.`heightCm`, `main`.`user_profiles`.`birthDate`, `main`.`user_profiles`.`gender`, `main`.`user_profiles`.`goalWeightKg`, `main`.`user_profiles`.`targetDate`, `main`.`user_profiles`.`activityLevel`, `main`.`user_profiles`.`timezone`, `main`.`user_profiles`.`createdAt`, `main`.`user_profiles`.`updatedAt` FROM `main`.`user_profiles` WHERE `main`.`user_profiles`.`id` = ? LIMIT ? OFFSET ?
prisma:query -- Implicit "COMMIT" query via underlying driver
prisma:query SELECT `main`.`metabolic_profiles`.`id` FROM `main`.`metabolic_profiles` WHERE (`main`.`metabolic_profiles`.`userId` = ? AND 1=1) LIMIT ? OFFSET ?
prisma:query INSERT INTO `main`.`metabolic_profiles` (`id`, `userId`, `trueMetabolicRate`, `bmrEstimate`, `adaptiveFactor`, `weightChangeFactor`, `predictionAccuracy`, `predictionsMade`, `predictionsCorrect`, `lastCalculatedAt`, `calculationMethod`, `createdAt`, `updatedAt`) VALUES (?,?,?,?,?,?,?,?,?,?,?,?,?) RETURNING `id` AS `id`
prisma:query SELECT `main`.`metabolic_profiles`.`id`, `main`.`metabolic_profiles`.`userId`, `main`.`metabolic_profiles`.`trueMetabolicRate`, `main`.`metabolic_profiles`.`bmrEstimate`, `main`.`metabolic_profiles`.`adaptiveFactor`, `main`.`metabolic_profiles`.`weightChangeFactor`, `main`.`metabolic_profiles`.`predictionAccuracy`, `main`.`metabolic_profiles`.`predictionsMade`, `main`.`metabolic_profiles`.`predictionsCorrect`, `main`.`metabolic_profiles`.`lastCalculatedAt`, `main`.`metabolic_profiles`.`calculationMethod`, `main`.`metabolic_profiles`.`createdAt`, `main`.`metabolic_profiles`.`updatedAt` FROM `main`.`metabolic_profiles` WHERE `main`.`metabolic_profiles`.`id` = ? LIMIT ? OFFSET ?
prisma:query -- Implicit "COMMIT" query via underlying driver
prisma:query SELECT `main`.`calorie_banks`.`id` FROM `main`.`calorie_banks` WHERE (`main`.`calorie_banks`.`userId` = ? AND 1=1) LIMIT ? OFFSET ?
prisma:query INSERT INTO `main`.`calorie_banks` (`id`, `userId`, `currentBalance`, `totalBanked`, `totalSpent`, `dailyTarget`, `weeklyAverage`, `allowNegative`, `expireAfterDays`, `createdAt`, `updatedAt`) VALUES (?,?,?,?,?,?,?,?,?,?,?) RETURNING `id` AS `id`
prisma:query SELECT `main`.`calorie_banks`.`id`, `main`.`calorie_banks`.`userId`, `main`.`calorie_banks`.`currentBalance`, `main`.`calorie_banks`.`totalBanked`, `main`.`calorie_banks`.`totalSpent`, `main`.`calorie_banks`.`dailyTarget`, `main`.`calorie_banks`.`weeklyAverage`, `main`.`calorie_banks`.`recommendedSpend`, `main`.`calorie_banks`.`spendByDate`, `main`.`calorie_banks`.`allowNegative`, `main`.`calorie_banks`.`expireAfterDays`, `main`.`calorie_banks`.`createdAt`, `main`.`calorie_banks`.`updatedAt` FROM `main`.`calorie_banks` WHERE `main`.`calorie_banks`.`id` = ? LIMIT ? OFFSET ?
prisma:query -- Implicit "COMMIT" query via underlying driver
 POST /api/test-auth 200 in 38ms (next.js: 2ms, application-code: 36ms)
 GET /onboarding 200 in 54ms (next.js: 3ms, application-code: 51ms)
 GET /onboarding 200 in 55ms (next.js: 4ms, application-code: 52ms)
[browser] Clerk: Clerk has been loaded with development keys. Development instances have strict usage limits and should not be used when deploying your application to production. Learn more: https://clerk.com/docs/deployments/overview (https://present-lizard-1.clerk.accounts.dev/npm/@clerk/clerk-js@6/dist/clerk.browser.js:12:3226)
[initialize] Headers received: {
  'X-Test-User-Id': 'cmnb2n4ac003shsudbdycfpbv',
  'Content-Type': 'application/json'
}
[initialize] NODE_ENV: development
[initialize] Using test user ID: cmnb2n4ac003shsudbdycfpbv
[initialize] Activity level mapping: MODERATELY_ACTIVE -> MODERATE
prisma:query INSERT INTO `main`.`user_profiles` (`id`, `userId`, `heightCm`, `birthDate`, `gender`, `goalWeightKg`, `targetDate`, `activityLevel`, `timezone`, `createdAt`, `updatedAt`) VALUES (?,?,?,?,?,?,?,?,?,?,?) ON CONFLICT  (`userId`) DO UPDATE SET `heightCm` = ?, `birthDate` = ?, `gender` = ?, `goalWeightKg` = ?, `targetDate` = ?, `activityLevel` = ?, `timezone` = ?, `updatedAt` = ? WHERE (`main`.`user_profiles`.`userId` = ? AND 1=1) RETURNING `id` AS `id`, `userId` AS `userId`, `heightCm` AS `heightCm`, `birthDate` AS `birthDate`, `gender` AS `gender`, `goalWeightKg` AS `goalWeightKg`, `targetDate` AS `targetDate`, `activityLevel` AS `activityLevel`, `timezone` AS `timezone`, `createdAt` AS `createdAt`, `updatedAt` AS `updatedAt`
prisma:query INSERT INTO `main`.`metabolic_profiles` (`id`, `userId`, `trueMetabolicRate`, `bmrEstimate`, `adaptiveFactor`, `weightChangeFactor`, `predictionAccuracy`, `predictionsMade`, `predictionsCorrect`, `lastCalculatedAt`, `calculationMethod`, `createdAt`, `updatedAt`) VALUES (?,?,?,?,?,?,?,?,?,?,?,?,?) ON CONFLICT  (`userId`) DO UPDATE SET `trueMetabolicRate` = ?, `bmrEstimate` = ?, `lastCalculatedAt` = ?, `updatedAt` = ? WHERE (`main`.`metabolic_profiles`.`userId` = ? AND 1=1) RETURNING `id` AS `id`, `userId` AS `userId`, `trueMetabolicRate` AS `trueMetabolicRate`, `bmrEstimate` AS `bmrEstimate`, `adaptiveFactor` AS `adaptiveFactor`, `weightChangeFactor` AS `weightChangeFactor`, `predictionAccuracy` AS `predictionAccuracy`, `predictionsMade` AS `predictionsMade`, `predictionsCorrect` AS `predictionsCorrect`, `lastCalculatedAt` AS `lastCalculatedAt`, `calculationMethod` AS `calculationMethod`, `createdAt` AS `createdAt`, `updatedAt` AS `updatedAt`
prisma:query INSERT INTO `main`.`calorie_banks` (`id`, `userId`, `currentBalance`, `totalBanked`, `totalSpent`, `dailyTarget`, `weeklyAverage`, `allowNegative`, `expireAfterDays`, `createdAt`, `updatedAt`) VALUES (?,?,?,?,?,?,?,?,?,?,?) ON CONFLICT  (`userId`) DO UPDATE SET `dailyTarget` = ?, `allowNegative` = ?, `updatedAt` = ? WHERE (`main`.`calorie_banks`.`userId` = ? AND 1=1) RETURNING `id` AS `id`, `userId` AS `userId`, `currentBalance` AS `currentBalance`, `totalBanked` AS `totalBanked`, `totalSpent` AS `totalSpent`, `dailyTarget` AS `dailyTarget`, `weeklyAverage` AS `weeklyAverage`, `recommendedSpend` AS `recommendedSpend`, `spendByDate` AS `spendByDate`, `allowNegative` AS `allowNegative`, `expireAfterDays` AS `expireAfterDays`, `createdAt` AS `createdAt`, `updatedAt` AS `updatedAt`
prisma:query INSERT INTO `main`.`weight_entries` (`id`, `userId`, `weightKg`, `date`, `source`) VALUES (?,?,?,?,?) RETURNING `id` AS `id`, `userId` AS `userId`, `weightKg` AS `weightKg`, `date` AS `date`, `source` AS `source`
 POST /api/user/initialize 200 in 41ms (next.js: 2ms, application-code: 39ms)
⨯ Error: Clerk: clerkMiddleware() was not run, your middleware or proxy file might be misplaced. Move your middleware or proxy file to ./middleware.ts. Currently located at ./app/middleware.ts
    at async DashboardPage (app\dashboard\page.tsx:105:24)
  103 |     console.log("[dashboard] Using test user ID from query param:", userId);
  104 |   } else {
> 105 |     const authResult = await auth();
      |                        ^
  106 |     userId = authResult.userId;
  107 |     console.log("[dashboard] Using Clerk auth user ID:", userId);
  108 |   } {
  digest: '3112700540'
}
 GET /dashboard 200 in 43ms (next.js: 2ms, application-code: 40ms)
[browser] Uncaught Error: Clerk: clerkMiddleware() was not run, your middleware or proxy file might be misplaced. Move your middleware or proxy file to ./middleware.ts. Currently located at ./app/middleware.ts
    at <anonymous> (node_modules\@clerk\nextjs\src\server\createGetAuth.ts:44:17)
    at  auth (node_modules\@clerk\nextjs\src\app-router\server\auth.ts:96:24)
    at  DashboardPage (app\dashboard\page.tsx:105:24)
  42 |
  43 |         if (missConfiguredMiddlewareLocation) {
> 44 |           throw new Error(missConfiguredMiddlewareLocation);
     |                 ^
  45 |         }
  46 |
  47 |         // still throw there is no suggested move location
[dashboard] Using test user ID from query param: cmnb2n4ac003shsudbdycfpbv
prisma:query SELECT `main`.`calorie_banks`.`id` FROM `main`.`calorie_banks` WHERE (`main`.`calorie_banks`.`userId` = ? AND 1=1) LIMIT ? OFFSET ?
prisma:query SELECT `main`.`daily_logs`.`id`, `main`.`daily_logs`.`userId`, `main`.`daily_logs`.`date`, `main`.`daily_logs`.`caloriesConsumed`, `main`.`daily_logs`.`proteinG`, `main`.`daily_logs`.`carbsG`, `main`.`daily_logs`.`fatG`, `main`.`daily_logs`.`fiberG`, `main`.`daily_logs`.`calorieTarget`, `main`.`daily_logs`.`caloriesBurned`, `main`.`daily_logs`.`exerciseMinutes`, `main`.`daily_logs`.`bankedAmount`, `main`.`daily_logs`.`waterMl` FROM `main`.`daily_logs` WHERE (`main`.`daily_logs`.`userId` = ? AND `main`.`daily_logs`.`date` >= ? AND `main`.`daily_logs`.`date` < ?) LIMIT ? OFFSET ?
prisma:query SELECT `main`.`bank_transactions`.`id`, `main`.`bank_transactions`.`bankId`, `main`.`bank_transactions`.`type`, `main`.`bank_transactions`.`amount`, `main`.`bank_transactions`.`reason`, `main`.`bank_transactions`.`caloriesConsumed`, `main`.`bank_transactions`.`caloriesTarget`, `main`.`bank_transactions`.`weightAtTime`, `main`.`bank_transactions`.`llmAdvice`, `main`.`bank_transactions`.`userFollowed`, `main`.`bank_transactions`.`sourceId`, `main`.`bank_transactions`.`sourceType`, `main`.`bank_transactions`.`createdAt` FROM `main`.`bank_transactions` WHERE `main`.`bank_transactions`.`bankId` = ? ORDER BY `main`.`bank_transactions`.`createdAt` DESC LIMIT ? OFFSET ?
prisma:query SELECT `main`.`weight_entries`.`id`, `main`.`weight_entries`.`userId`, `main`.`weight_entries`.`weightKg`, `main`.`weight_entries`.`date`, `main`.`weight_entries`.`source` FROM `main`.`weight_entries` WHERE `main`.`weight_entries`.`userId` = ? ORDER BY `main`.`weight_entries`.`date` DESC LIMIT ? OFFSET ?
prisma:query SELECT `main`.`meals`.`id`, `main`.`meals`.`dailyLogId`, `main`.`meals`.`name`, `main`.`meals`.`mealType`, `main`.`meals`.`calories`, `main`.`meals`.`proteinG`, `main`.`meals`.`carbsG`, `main`.`meals`.`fatG`, `main`.`meals`.`source`, `main`.`meals`.`aiConfidence`, `main`.`meals`.`createdAt` FROM `main`.`meals` WHERE `main`.`meals`.`dailyLogId` IN (NULL) LIMIT ? OFFSET ?
prisma:query SELECT `main`.`user_profiles`.`id`, `main`.`user_profiles`.`userId`, `main`.`user_profiles`.`heightCm`, `main`.`user_profiles`.`birthDate`, `main`.`user_profiles`.`gender`, `main`.`user_profiles`.`goalWeightKg`, `main`.`user_profiles`.`targetDate`, `main`.`user_profiles`.`activityLevel`, `main`.`user_profiles`.`timezone`, `main`.`user_profiles`.`createdAt`, `main`.`user_profiles`.`updatedAt` FROM `main`.`user_profiles` WHERE (`main`.`user_profiles`.`userId` = ? AND 1=1) LIMIT ? OFFSET ?
prisma:query SELECT `main`.`calorie_banks`.`id`, `main`.`calorie_banks`.`userId`, `main`.`calorie_banks`.`currentBalance`, `main`.`calorie_banks`.`totalBanked`, `main`.`calorie_banks`.`totalSpent`, `main`.`calorie_banks`.`dailyTarget`, `main`.`calorie_banks`.`weeklyAverage`, `main`.`calorie_banks`.`recommendedSpend`, `main`.`calorie_banks`.`spendByDate`, `main`.`calorie_banks`.`allowNegative`, `main`.`calorie_banks`.`expireAfterDays`, `main`.`calorie_banks`.`createdAt`, `main`.`calorie_banks`.`updatedAt` FROM `main`.`calorie_banks` WHERE (`main`.`calorie_banks`.`userId` = ? AND 1=1) LIMIT ? OFFSET ?
prisma:query SELECT `main`.`metabolic_profiles`.`id`, `main`.`metabolic_profiles`.`userId`, `main`.`metabolic_profiles`.`trueMetabolicRate`, `main`.`metabolic_profiles`.`bmrEstimate`, `main`.`metabolic_profiles`.`adaptiveFactor`, `main`.`metabolic_profiles`.`weightChangeFactor`, `main`.`metabolic_profiles`.`predictionAccuracy`, `main`.`metabolic_profiles`.`predictionsMade`, `main`.`metabolic_profiles`.`predictionsCorrect`, `main`.`metabolic_profiles`.`lastCalculatedAt`, `main`.`metabolic_profiles`.`calculationMethod`, `main`.`metabolic_profiles`.`createdAt`, `main`.`metabolic_profiles`.`updatedAt` FROM `main`.`metabolic_profiles` WHERE (`main`.`metabolic_profiles`.`userId` = ? AND 1=1) LIMIT ? OFFSET ?
 GET /dashboard?test-user-id=cmnb2n4ac003shsudbdycfpbv 200 in 98ms (next.js: 3ms, application-code: 95ms)
[browser] Clerk: Clerk has been loaded with development keys. Development instances have strict usage limits and should not be used when deploying your application to production. Learn more: https://clerk.com/docs/deployments/overview (https://present-lizard-1.clerk.accounts.dev/npm/@clerk/clerk-js@6/dist/clerk.browser.js:12:3226)
[dashboard] Using test user ID from query param: cmnb2n4ac003shsudbdycfpbv
prisma:query SELECT `main`.`calorie_banks`.`id` FROM `main`.`calorie_banks` WHERE (`main`.`calorie_banks`.`userId` = ? AND 1=1) LIMIT ? OFFSET ?
prisma:query SELECT `main`.`daily_logs`.`id`, `main`.`daily_logs`.`userId`, `main`.`daily_logs`.`date`, `main`.`daily_logs`.`caloriesConsumed`, `main`.`daily_logs`.`proteinG`, `main`.`daily_logs`.`carbsG`, `main`.`daily_logs`.`fatG`, `main`.`daily_logs`.`fiberG`, `main`.`daily_logs`.`calorieTarget`, `main`.`daily_logs`.`caloriesBurned`, `main`.`daily_logs`.`exerciseMinutes`, `main`.`daily_logs`.`bankedAmount`, `main`.`daily_logs`.`waterMl` FROM `main`.`daily_logs` WHERE (`main`.`daily_logs`.`userId` = ? AND `main`.`daily_logs`.`date` >= ? AND `main`.`daily_logs`.`date` < ?) LIMIT ? OFFSET ?
prisma:query SELECT `main`.`bank_transactions`.`id`, `main`.`bank_transactions`.`bankId`, `main`.`bank_transactions`.`type`, `main`.`bank_transactions`.`amount`, `main`.`bank_transactions`.`reason`, `main`.`bank_transactions`.`caloriesConsumed`, `main`.`bank_transactions`.`caloriesTarget`, `main`.`bank_transactions`.`weightAtTime`, `main`.`bank_transactions`.`llmAdvice`, `main`.`bank_transactions`.`userFollowed`, `main`.`bank_transactions`.`sourceId`, `main`.`bank_transactions`.`sourceType`, `main`.`bank_transactions`.`createdAt` FROM `main`.`bank_transactions` WHERE `main`.`bank_transactions`.`bankId` = ? ORDER BY `main`.`bank_transactions`.`createdAt` DESC LIMIT ? OFFSET ?
prisma:query SELECT `main`.`weight_entries`.`id`, `main`.`weight_entries`.`userId`, `main`.`weight_entries`.`weightKg`, `main`.`weight_entries`.`date`, `main`.`weight_entries`.`source` FROM `main`.`weight_entries` WHERE `main`.`weight_entries`.`userId` = ? ORDER BY `main`.`weight_entries`.`date` DESC LIMIT ? OFFSET ?
prisma:query SELECT `main`.`meals`.`id`, `main`.`meals`.`dailyLogId`, `main`.`meals`.`name`, `main`.`meals`.`mealType`, `main`.`meals`.`calories`, `main`.`meals`.`proteinG`, `main`.`meals`.`carbsG`, `main`.`meals`.`fatG`, `main`.`meals`.`source`, `main`.`meals`.`aiConfidence`, `main`.`meals`.`createdAt` FROM `main`.`meals` WHERE `main`.`meals`.`dailyLogId` IN (NULL) LIMIT ? OFFSET ?
prisma:query SELECT `main`.`user_profiles`.`id`, `main`.`user_profiles`.`userId`, `main`.`user_profiles`.`heightCm`, `main`.`user_profiles`.`birthDate`, `main`.`user_profiles`.`gender`, `main`.`user_profiles`.`goalWeightKg`, `main`.`user_profiles`.`targetDate`, `main`.`user_profiles`.`activityLevel`, `main`.`user_profiles`.`timezone`, `main`.`user_profiles`.`createdAt`, `main`.`user_profiles`.`updatedAt` FROM `main`.`user_profiles` WHERE (`main`.`user_profiles`.`userId` = ? AND 1=1) LIMIT ? OFFSET ?
prisma:query SELECT `main`.`calorie_banks`.`id`, `main`.`calorie_banks`.`userId`, `main`.`calorie_banks`.`currentBalance`, `main`.`calorie_banks`.`totalBanked`, `main`.`calorie_banks`.`totalSpent`, `main`.`calorie_banks`.`dailyTarget`, `main`.`calorie_banks`.`weeklyAverage`, `main`.`calorie_banks`.`recommendedSpend`, `main`.`calorie_banks`.`spendByDate`, `main`.`calorie_banks`.`allowNegative`, `main`.`calorie_banks`.`expireAfterDays`, `main`.`calorie_banks`.`createdAt`, `main`.`calorie_banks`.`updatedAt` FROM `main`.`calorie_banks` WHERE (`main`.`calorie_banks`.`userId` = ? AND 1=1) LIMIT ? OFFSET ?
prisma:query SELECT `main`.`metabolic_profiles`.`id`, `main`.`metabolic_profiles`.`userId`, `main`.`metabolic_profiles`.`trueMetabolicRate`, `main`.`metabolic_profiles`.`bmrEstimate`, `main`.`metabolic_profiles`.`adaptiveFactor`, `main`.`metabolic_profiles`.`weightChangeFactor`, `main`.`metabolic_profiles`.`predictionAccuracy`, `main`.`metabolic_profiles`.`predictionsMade`, `main`.`metabolic_profiles`.`predictionsCorrect`, `main`.`metabolic_profiles`.`lastCalculatedAt`, `main`.`metabolic_profiles`.`calculationMethod`, `main`.`metabolic_profiles`.`createdAt`, `main`.`metabolic_profiles`.`updatedAt` FROM `main`.`metabolic_profiles` WHERE (`main`.`metabolic_profiles`.`userId` = ? AND 1=1) LIMIT ? OFFSET ?
 GET /dashboard?test-user-id=cmnb2n4ac003shsudbdycfpbv 200 in 93ms (next.js: 3ms, application-code: 91ms)
[browser] Clerk: Clerk has been loaded with development keys. Development instances have strict usage limits and should not be used when deploying your application to production. Learn more: https://clerk.com/docs/deployments/overview (https://present-lizard-1.clerk.accounts.dev/npm/@clerk/clerk-js@6/dist/clerk.browser.js:12:3226)
Error logging meal: Error: Clerk: clerkMiddleware() was not run, your middleware or proxy file might be misplaced. Move your middleware or proxy file to ./middleware.ts. Currently located at ./app/middleware.ts
    at async POST (app\api\meals\route.ts:8:24)
   6 | export async function POST(req: NextRequest) {
   7 |   try {
>  8 |     const { userId } = await auth();
     |                        ^
   9 |     if (!userId) {
  10 |       return NextResponse.json({ error: "Unauthorized" }, { status: 401 });
  11 |     }
 POST /api/meals 500 in 143ms (next.js: 3ms, application-code: 140ms)
[browser] Failed to log meal: Error: Failed to log meal
    at handleConfirm (app/dashboard/_components/QuickLogClient.tsx:122:15)
  120 |
  121 |       if (!response.ok) {
> 122 |         throw new Error("Failed to log meal");
      |               ^
  123 |       }
  124 |
  125 |       setInput(""); (app/dashboard/_components/QuickLogClient.tsx:131:15)
 GET / 200 in 241ms (next.js: 193ms, application-code: 48ms)
 GET / 200 in 48ms (next.js: 3ms, application-code: 45ms)
 GET / 200 in 47ms (next.js: 3ms, application-code: 45ms)
 GET / 200 in 51ms (next.js: 3ms, application-code: 48ms)
 GET / 200 in 60ms (next.js: 14ms, application-code: 47ms)
 GET / 200 in 138ms (next.js: 95ms, application-code: 43ms)
prisma:query SELECT `main`.`users`.`id` FROM `main`.`users` WHERE (`main`.`users`.`email` = ? AND 1=1) LIMIT ? OFFSET ?
prisma:query INSERT INTO `main`.`users` (`id`, `email`, `createdAt`, `updatedAt`) VALUES (?,?,?,?) RETURNING `id` AS `id`
prisma:query SELECT `main`.`users`.`id`, `main`.`users`.`email`, `main`.`users`.`name`, `main`.`users`.`createdAt`, `main`.`users`.`updatedAt` FROM `main`.`users` WHERE `main`.`users`.`id` = ? LIMIT ? OFFSET ?
prisma:query -- Implicit "COMMIT" query via underlying driver
prisma:query SELECT `main`.`user_profiles`.`id` FROM `main`.`user_profiles` WHERE (`main`.`user_profiles`.`userId` = ? AND 1=1) LIMIT ? OFFSET ?
prisma:query INSERT INTO `main`.`user_profiles` (`id`, `userId`, `heightCm`, `gender`, `goalWeightKg`, `activityLevel`, `timezone`, `createdAt`, `updatedAt`) VALUES (?,?,?,?,?,?,?,?,?) RETURNING `id` AS `id`
prisma:query SELECT `main`.`user_profiles`.`id`, `main`.`user_profiles`.`userId`, `main`.`user_profiles`.`heightCm`, `main`.`user_profiles`.`birthDate`, `main`.`user_profiles`.`gender`, `main`.`user_profiles`.`goalWeightKg`, `main`.`user_profiles`.`targetDate`, `main`.`user_profiles`.`activityLevel`, `main`.`user_profiles`.`timezone`, `main`.`user_profiles`.`createdAt`, `main`.`user_profiles`.`updatedAt` FROM `main`.`user_profiles` WHERE `main`.`user_profiles`.`id` = ? LIMIT ? OFFSET ?
prisma:query -- Implicit "COMMIT" query via underlying driver
prisma:query SELECT `main`.`metabolic_profiles`.`id` FROM `main`.`metabolic_profiles` WHERE (`main`.`metabolic_profiles`.`userId` = ? AND 1=1) LIMIT ? OFFSET ?
prisma:query INSERT INTO `main`.`metabolic_profiles` (`id`, `userId`, `trueMetabolicRate`, `bmrEstimate`, `adaptiveFactor`, `weightChangeFactor`, `predictionAccuracy`, `predictionsMade`, `predictionsCorrect`, `lastCalculatedAt`, `calculationMethod`, `createdAt`, `updatedAt`) VALUES (?,?,?,?,?,?,?,?,?,?,?,?,?) RETURNING `id` AS `id`
prisma:query SELECT `main`.`metabolic_profiles`.`id`, `main`.`metabolic_profiles`.`userId`, `main`.`metabolic_profiles`.`trueMetabolicRate`, `main`.`metabolic_profiles`.`bmrEstimate`, `main`.`metabolic_profiles`.`adaptiveFactor`, `main`.`metabolic_profiles`.`weightChangeFactor`, `main`.`metabolic_profiles`.`predictionAccuracy`, `main`.`metabolic_profiles`.`predictionsMade`, `main`.`metabolic_profiles`.`predictionsCorrect`, `main`.`metabolic_profiles`.`lastCalculatedAt`, `main`.`metabolic_profiles`.`calculationMethod`, `main`.`metabolic_profiles`.`createdAt`, `main`.`metabolic_profiles`.`updatedAt` FROM `main`.`metabolic_profiles` WHERE `main`.`metabolic_profiles`.`id` = ? LIMIT ? OFFSET ?
prisma:query -- Implicit "COMMIT" query via underlying driver
prisma:query SELECT `main`.`calorie_banks`.`id` FROM `main`.`calorie_banks` WHERE (`main`.`calorie_banks`.`userId` = ? AND 1=1) LIMIT ? OFFSET ?
prisma:query INSERT INTO `main`.`calorie_banks` (`id`, `userId`, `currentBalance`, `totalBanked`, `totalSpent`, `dailyTarget`, `weeklyAverage`, `allowNegative`, `expireAfterDays`, `createdAt`, `updatedAt`) VALUES (?,?,?,?,?,?,?,?,?,?,?) RETURNING `id` AS `id`
prisma:query SELECT `main`.`calorie_banks`.`id`, `main`.`calorie_banks`.`userId`, `main`.`calorie_banks`.`currentBalance`, `main`.`calorie_banks`.`totalBanked`, `main`.`calorie_banks`.`totalSpent`, `main`.`calorie_banks`.`dailyTarget`, `main`.`calorie_banks`.`weeklyAverage`, `main`.`calorie_banks`.`recommendedSpend`, `main`.`calorie_banks`.`spendByDate`, `main`.`calorie_banks`.`allowNegative`, `main`.`calorie_banks`.`expireAfterDays`, `main`.`calorie_banks`.`createdAt`, `main`.`calorie_banks`.`updatedAt` FROM `main`.`calorie_banks` WHERE `main`.`calorie_banks`.`id` = ? LIMIT ? OFFSET ?
prisma:query -- Implicit "COMMIT" query via underlying driver
 POST /api/test-auth 200 in 39ms (next.js: 1844µs, application-code: 37ms)
 GET /onboarding 200 in 54ms (next.js: 3ms, application-code: 50ms)
 GET /onboarding 200 in 50ms (next.js: 3ms, application-code: 47ms)
[browser] Clerk: Clerk has been loaded with development keys. Development instances have strict usage limits and should not be used when deploying your application to production. Learn more: https://clerk.com/docs/deployments/overview (https://present-lizard-1.clerk.accounts.dev/npm/@clerk/clerk-js@6/dist/clerk.browser.js:12:3226)
[initialize] Headers received: {
  'X-Test-User-Id': 'cmnb2r5zf0040hsud7p13wnyy',
  'Content-Type': 'application/json'
}
[initialize] NODE_ENV: development
[initialize] Using test user ID: cmnb2r5zf0040hsud7p13wnyy
[initialize] Activity level mapping: MODERATELY_ACTIVE -> MODERATE
prisma:query INSERT INTO `main`.`user_profiles` (`id`, `userId`, `heightCm`, `birthDate`, `gender`, `goalWeightKg`, `targetDate`, `activityLevel`, `timezone`, `createdAt`, `updatedAt`) VALUES (?,?,?,?,?,?,?,?,?,?,?) ON CONFLICT  (`userId`) DO UPDATE SET `heightCm` = ?, `birthDate` = ?, `gender` = ?, `goalWeightKg` = ?, `targetDate` = ?, `activityLevel` = ?, `timezone` = ?, `updatedAt` = ? WHERE (`main`.`user_profiles`.`userId` = ? AND 1=1) RETURNING `id` AS `id`, `userId` AS `userId`, `heightCm` AS `heightCm`, `birthDate` AS `birthDate`, `gender` AS `gender`, `goalWeightKg` AS `goalWeightKg`, `targetDate` AS `targetDate`, `activityLevel` AS `activityLevel`, `timezone` AS `timezone`, `createdAt` AS `createdAt`, `updatedAt` AS `updatedAt`
prisma:query INSERT INTO `main`.`metabolic_profiles` (`id`, `userId`, `trueMetabolicRate`, `bmrEstimate`, `adaptiveFactor`, `weightChangeFactor`, `predictionAccuracy`, `predictionsMade`, `predictionsCorrect`, `lastCalculatedAt`, `calculationMethod`, `createdAt`, `updatedAt`) VALUES (?,?,?,?,?,?,?,?,?,?,?,?,?) ON CONFLICT  (`userId`) DO UPDATE SET `trueMetabolicRate` = ?, `bmrEstimate` = ?, `lastCalculatedAt` = ?, `updatedAt` = ? WHERE (`main`.`metabolic_profiles`.`userId` = ? AND 1=1) RETURNING `id` AS `id`, `userId` AS `userId`, `trueMetabolicRate` AS `trueMetabolicRate`, `bmrEstimate` AS `bmrEstimate`, `adaptiveFactor` AS `adaptiveFactor`, `weightChangeFactor` AS `weightChangeFactor`, `predictionAccuracy` AS `predictionAccuracy`, `predictionsMade` AS `predictionsMade`, `predictionsCorrect` AS `predictionsCorrect`, `lastCalculatedAt` AS `lastCalculatedAt`, `calculationMethod` AS `calculationMethod`, `createdAt` AS `createdAt`, `updatedAt` AS `updatedAt`
prisma:query INSERT INTO `main`.`calorie_banks` (`id`, `userId`, `currentBalance`, `totalBanked`, `totalSpent`, `dailyTarget`, `weeklyAverage`, `allowNegative`, `expireAfterDays`, `createdAt`, `updatedAt`) VALUES (?,?,?,?,?,?,?,?,?,?,?) ON CONFLICT  (`userId`) DO UPDATE SET `dailyTarget` = ?, `allowNegative` = ?, `updatedAt` = ? WHERE (`main`.`calorie_banks`.`userId` = ? AND 1=1) RETURNING `id` AS `id`, `userId` AS `userId`, `currentBalance` AS `currentBalance`, `totalBanked` AS `totalBanked`, `totalSpent` AS `totalSpent`, `dailyTarget` AS `dailyTarget`, `weeklyAverage` AS `weeklyAverage`, `recommendedSpend` AS `recommendedSpend`, `spendByDate` AS `spendByDate`, `allowNegative` AS `allowNegative`, `expireAfterDays` AS `expireAfterDays`, `createdAt` AS `createdAt`, `updatedAt` AS `updatedAt`
prisma:query INSERT INTO `main`.`weight_entries` (`id`, `userId`, `weightKg`, `date`, `source`) VALUES (?,?,?,?,?) RETURNING `id` AS `id`, `userId` AS `userId`, `weightKg` AS `weightKg`, `date` AS `date`, `source` AS `source`
 POST /api/user/initialize 200 in 40ms (next.js: 2ms, application-code: 38ms)
⨯ Error: Clerk: clerkMiddleware() was not run, your middleware or proxy file might be misplaced. Move your middleware or proxy file to ./middleware.ts. Currently located at ./app/middleware.ts
    at async DashboardPage (app\dashboard\page.tsx:105:24)
  103 |     console.log("[dashboard] Using test user ID from query param:", userId);
  104 |   } else {
> 105 |     const authResult = await auth();
      |                        ^
  106 |     userId = authResult.userId;
  107 |     console.log("[dashboard] Using Clerk auth user ID:", userId);
  108 |   } {
  digest: '3112700540'
}
 GET /dashboard 200 in 45ms (next.js: 3ms, application-code: 41ms)
[browser] Uncaught Error: Clerk: clerkMiddleware() was not run, your middleware or proxy file might be misplaced. Move your middleware or proxy file to ./middleware.ts. Currently located at ./app/middleware.ts
    at <anonymous> (node_modules\@clerk\nextjs\src\server\createGetAuth.ts:44:17)
    at  auth (node_modules\@clerk\nextjs\src\app-router\server\auth.ts:96:24)
    at  DashboardPage (app\dashboard\page.tsx:105:24)
  42 |
  43 |         if (missConfiguredMiddlewareLocation) {
> 44 |           throw new Error(missConfiguredMiddlewareLocation);
     |                 ^
  45 |         }
  46 |
  47 |         // still throw there is no suggested move location
[dashboard] Using test user ID from query param: cmnb2r5zf0040hsud7p13wnyy
prisma:query SELECT `main`.`calorie_banks`.`id` FROM `main`.`calorie_banks` WHERE (`main`.`calorie_banks`.`userId` = ? AND 1=1) LIMIT ? OFFSET ?
prisma:query SELECT `main`.`daily_logs`.`id`, `main`.`daily_logs`.`userId`, `main`.`daily_logs`.`date`, `main`.`daily_logs`.`caloriesConsumed`, `main`.`daily_logs`.`proteinG`, `main`.`daily_logs`.`carbsG`, `main`.`daily_logs`.`fatG`, `main`.`daily_logs`.`fiberG`, `main`.`daily_logs`.`calorieTarget`, `main`.`daily_logs`.`caloriesBurned`, `main`.`daily_logs`.`exerciseMinutes`, `main`.`daily_logs`.`bankedAmount`, `main`.`daily_logs`.`waterMl` FROM `main`.`daily_logs` WHERE (`main`.`daily_logs`.`userId` = ? AND `main`.`daily_logs`.`date` >= ? AND `main`.`daily_logs`.`date` < ?) LIMIT ? OFFSET ?
prisma:query SELECT `main`.`bank_transactions`.`id`, `main`.`bank_transactions`.`bankId`, `main`.`bank_transactions`.`type`, `main`.`bank_transactions`.`amount`, `main`.`bank_transactions`.`reason`, `main`.`bank_transactions`.`caloriesConsumed`, `main`.`bank_transactions`.`caloriesTarget`, `main`.`bank_transactions`.`weightAtTime`, `main`.`bank_transactions`.`llmAdvice`, `main`.`bank_transactions`.`userFollowed`, `main`.`bank_transactions`.`sourceId`, `main`.`bank_transactions`.`sourceType`, `main`.`bank_transactions`.`createdAt` FROM `main`.`bank_transactions` WHERE `main`.`bank_transactions`.`bankId` = ? ORDER BY `main`.`bank_transactions`.`createdAt` DESC LIMIT ? OFFSET ?
prisma:query SELECT `main`.`weight_entries`.`id`, `main`.`weight_entries`.`userId`, `main`.`weight_entries`.`weightKg`, `main`.`weight_entries`.`date`, `main`.`weight_entries`.`source` FROM `main`.`weight_entries` WHERE `main`.`weight_entries`.`userId` = ? ORDER BY `main`.`weight_entries`.`date` DESC LIMIT ? OFFSET ?
prisma:query SELECT `main`.`meals`.`id`, `main`.`meals`.`dailyLogId`, `main`.`meals`.`name`, `main`.`meals`.`mealType`, `main`.`meals`.`calories`, `main`.`meals`.`proteinG`, `main`.`meals`.`carbsG`, `main`.`meals`.`fatG`, `main`.`meals`.`source`, `main`.`meals`.`aiConfidence`, `main`.`meals`.`createdAt` FROM `main`.`meals` WHERE `main`.`meals`.`dailyLogId` IN (NULL) LIMIT ? OFFSET ?
prisma:query SELECT `main`.`user_profiles`.`id`, `main`.`user_profiles`.`userId`, `main`.`user_profiles`.`heightCm`, `main`.`user_profiles`.`birthDate`, `main`.`user_profiles`.`gender`, `main`.`user_profiles`.`goalWeightKg`, `main`.`user_profiles`.`targetDate`, `main`.`user_profiles`.`activityLevel`, `main`.`user_profiles`.`timezone`, `main`.`user_profiles`.`createdAt`, `main`.`user_profiles`.`updatedAt` FROM `main`.`user_profiles` WHERE (`main`.`user_profiles`.`userId` = ? AND 1=1) LIMIT ? OFFSET ?
prisma:query SELECT `main`.`calorie_banks`.`id`, `main`.`calorie_banks`.`userId`, `main`.`calorie_banks`.`currentBalance`, `main`.`calorie_banks`.`totalBanked`, `main`.`calorie_banks`.`totalSpent`, `main`.`calorie_banks`.`dailyTarget`, `main`.`calorie_banks`.`weeklyAverage`, `main`.`calorie_banks`.`recommendedSpend`, `main`.`calorie_banks`.`spendByDate`, `main`.`calorie_banks`.`allowNegative`, `main`.`calorie_banks`.`expireAfterDays`, `main`.`calorie_banks`.`createdAt`, `main`.`calorie_banks`.`updatedAt` FROM `main`.`calorie_banks` WHERE (`main`.`calorie_banks`.`userId` = ? AND 1=1) LIMIT ? OFFSET ?
prisma:query SELECT `main`.`metabolic_profiles`.`id`, `main`.`metabolic_profiles`.`userId`, `main`.`metabolic_profiles`.`trueMetabolicRate`, `main`.`metabolic_profiles`.`bmrEstimate`, `main`.`metabolic_profiles`.`adaptiveFactor`, `main`.`metabolic_profiles`.`weightChangeFactor`, `main`.`metabolic_profiles`.`predictionAccuracy`, `main`.`metabolic_profiles`.`predictionsMade`, `main`.`metabolic_profiles`.`predictionsCorrect`, `main`.`metabolic_profiles`.`lastCalculatedAt`, `main`.`metabolic_profiles`.`calculationMethod`, `main`.`metabolic_profiles`.`createdAt`, `main`.`metabolic_profiles`.`updatedAt` FROM `main`.`metabolic_profiles` WHERE (`main`.`metabolic_profiles`.`userId` = ? AND 1=1) LIMIT ? OFFSET ?
 GET /dashboard?test-user-id=cmnb2r5zf0040hsud7p13wnyy 200 in 94ms (next.js: 3ms, application-code: 90ms)
[browser] Clerk: Clerk has been loaded with development keys. Development instances have strict usage limits and should not be used when deploying your application to production. Learn more: https://clerk.com/docs/deployments/overview (https://present-lizard-1.clerk.accounts.dev/npm/@clerk/clerk-js@6/dist/clerk.browser.js:12:3226)
[dashboard] Using test user ID from query param: cmnb2r5zf0040hsud7p13wnyy
prisma:query SELECT `main`.`calorie_banks`.`id` FROM `main`.`calorie_banks` WHERE (`main`.`calorie_banks`.`userId` = ? AND 1=1) LIMIT ? OFFSET ?
prisma:query SELECT `main`.`daily_logs`.`id`, `main`.`daily_logs`.`userId`, `main`.`daily_logs`.`date`, `main`.`daily_logs`.`caloriesConsumed`, `main`.`daily_logs`.`proteinG`, `main`.`daily_logs`.`carbsG`, `main`.`daily_logs`.`fatG`, `main`.`daily_logs`.`fiberG`, `main`.`daily_logs`.`calorieTarget`, `main`.`daily_logs`.`caloriesBurned`, `main`.`daily_logs`.`exerciseMinutes`, `main`.`daily_logs`.`bankedAmount`, `main`.`daily_logs`.`waterMl` FROM `main`.`daily_logs` WHERE (`main`.`daily_logs`.`userId` = ? AND `main`.`daily_logs`.`date` >= ? AND `main`.`daily_logs`.`date` < ?) LIMIT ? OFFSET ?
prisma:query SELECT `main`.`bank_transactions`.`id`, `main`.`bank_transactions`.`bankId`, `main`.`bank_transactions`.`type`, `main`.`bank_transactions`.`amount`, `main`.`bank_transactions`.`reason`, `main`.`bank_transactions`.`caloriesConsumed`, `main`.`bank_transactions`.`caloriesTarget`, `main`.`bank_transactions`.`weightAtTime`, `main`.`bank_transactions`.`llmAdvice`, `main`.`bank_transactions`.`userFollowed`, `main`.`bank_transactions`.`sourceId`, `main`.`bank_transactions`.`sourceType`, `main`.`bank_transactions`.`createdAt` FROM `main`.`bank_transactions` WHERE `main`.`bank_transactions`.`bankId` = ? ORDER BY `main`.`bank_transactions`.`createdAt` DESC LIMIT ? OFFSET ?
prisma:query SELECT `main`.`weight_entries`.`id`, `main`.`weight_entries`.`userId`, `main`.`weight_entries`.`weightKg`, `main`.`weight_entries`.`date`, `main`.`weight_entries`.`source` FROM `main`.`weight_entries` WHERE `main`.`weight_entries`.`userId` = ? ORDER BY `main`.`weight_entries`.`date` DESC LIMIT ? OFFSET ?
prisma:query SELECT `main`.`meals`.`id`, `main`.`meals`.`dailyLogId`, `main`.`meals`.`name`, `main`.`meals`.`mealType`, `main`.`meals`.`calories`, `main`.`meals`.`proteinG`, `main`.`meals`.`carbsG`, `main`.`meals`.`fatG`, `main`.`meals`.`source`, `main`.`meals`.`aiConfidence`, `main`.`meals`.`createdAt` FROM `main`.`meals` WHERE `main`.`meals`.`dailyLogId` IN (NULL) LIMIT ? OFFSET ?
prisma:query SELECT `main`.`user_profiles`.`id`, `main`.`user_profiles`.`userId`, `main`.`user_profiles`.`heightCm`, `main`.`user_profiles`.`birthDate`, `main`.`user_profiles`.`gender`, `main`.`user_profiles`.`goalWeightKg`, `main`.`user_profiles`.`targetDate`, `main`.`user_profiles`.`activityLevel`, `main`.`user_profiles`.`timezone`, `main`.`user_profiles`.`createdAt`, `main`.`user_profiles`.`updatedAt` FROM `main`.`user_profiles` WHERE (`main`.`user_profiles`.`userId` = ? AND 1=1) LIMIT ? OFFSET ?
prisma:query SELECT `main`.`calorie_banks`.`id`, `main`.`calorie_banks`.`userId`, `main`.`calorie_banks`.`currentBalance`, `main`.`calorie_banks`.`totalBanked`, `main`.`calorie_banks`.`totalSpent`, `main`.`calorie_banks`.`dailyTarget`, `main`.`calorie_banks`.`weeklyAverage`, `main`.`calorie_banks`.`recommendedSpend`, `main`.`calorie_banks`.`spendByDate`, `main`.`calorie_banks`.`allowNegative`, `main`.`calorie_banks`.`expireAfterDays`, `main`.`calorie_banks`.`createdAt`, `main`.`calorie_banks`.`updatedAt` FROM `main`.`calorie_banks` WHERE (`main`.`calorie_banks`.`userId` = ? AND 1=1) LIMIT ? OFFSET ?
prisma:query SELECT `main`.`metabolic_profiles`.`id`, `main`.`metabolic_profiles`.`userId`, `main`.`metabolic_profiles`.`trueMetabolicRate`, `main`.`metabolic_profiles`.`bmrEstimate`, `main`.`metabolic_profiles`.`adaptiveFactor`, `main`.`metabolic_profiles`.`weightChangeFactor`, `main`.`metabolic_profiles`.`predictionAccuracy`, `main`.`metabolic_profiles`.`predictionsMade`, `main`.`metabolic_profiles`.`predictionsCorrect`, `main`.`metabolic_profiles`.`lastCalculatedAt`, `main`.`metabolic_profiles`.`calculationMethod`, `main`.`metabolic_profiles`.`createdAt`, `main`.`metabolic_profiles`.`updatedAt` FROM `main`.`metabolic_profiles` WHERE (`main`.`metabolic_profiles`.`userId` = ? AND 1=1) LIMIT ? OFFSET ?
 GET /dashboard?test-user-id=cmnb2r5zf0040hsud7p13wnyy 200 in 111ms (next.js: 4ms, application-code: 107ms)
[browser] Clerk: Clerk has been loaded with development keys. Development instances have strict usage limits and should not be used when deploying your application to production. Learn more: https://clerk.com/docs/deployments/overview (https://present-lizard-1.clerk.accounts.dev/npm/@clerk/clerk-js@6/dist/clerk.browser.js:12:3226)
Error logging meal: Error: Clerk: clerkMiddleware() was not run, your middleware or proxy file might be misplaced. Move your middleware or proxy file to ./middleware.ts. Currently located at ./app/middleware.ts
    at async POST (app\api\meals\route.ts:8:24)
   6 | export async function POST(req: NextRequest) {
   7 |   try {
>  8 |     const { userId } = await auth();
     |                        ^
   9 |     if (!userId) {
  10 |       return NextResponse.json({ error: "Unauthorized" }, { status: 401 });
  11 |     }
 POST /api/meals 500 in 132ms (next.js: 2ms, application-code: 130ms)
[browser] Failed to log meal: Error: Failed to log meal
    at handleConfirm (app/dashboard/_components/QuickLogClient.tsx:122:15)
  120 |
  121 |       if (!response.ok) {
> 122 |         throw new Error("Failed to log meal");
      |               ^
  123 |       }
  124 |
  125 |       setInput(""); (app/dashboard/_components/QuickLogClient.tsx:131:15)
 GET / 200 in 50ms (next.js: 2ms, application-code: 48ms)
 GET / 200 in 188ms (next.js: 145ms, application-code: 44ms)
prisma:query SELECT `main`.`users`.`id` FROM `main`.`users` WHERE (`main`.`users`.`email` = ? AND 1=1) LIMIT ? OFFSET ?
prisma:query INSERT INTO `main`.`users` (`id`, `email`, `createdAt`, `updatedAt`) VALUES (?,?,?,?) RETURNING `id` AS `id`
prisma:query SELECT `main`.`users`.`id`, `main`.`users`.`email`, `main`.`users`.`name`, `main`.`users`.`createdAt`, `main`.`users`.`updatedAt` FROM `main`.`users` WHERE `main`.`users`.`id` = ? LIMIT ? OFFSET ?
prisma:query -- Implicit "COMMIT" query via underlying driver
prisma:query SELECT `main`.`user_profiles`.`id` FROM `main`.`user_profiles` WHERE (`main`.`user_profiles`.`userId` = ? AND 1=1) LIMIT ? OFFSET ?
prisma:query INSERT INTO `main`.`user_profiles` (`id`, `userId`, `heightCm`, `gender`, `goalWeightKg`, `activityLevel`, `timezone`, `createdAt`, `updatedAt`) VALUES (?,?,?,?,?,?,?,?,?) RETURNING `id` AS `id`
prisma:query SELECT `main`.`user_profiles`.`id`, `main`.`user_profiles`.`userId`, `main`.`user_profiles`.`heightCm`, `main`.`user_profiles`.`birthDate`, `main`.`user_profiles`.`gender`, `main`.`user_profiles`.`goalWeightKg`, `main`.`user_profiles`.`targetDate`, `main`.`user_profiles`.`activityLevel`, `main`.`user_profiles`.`timezone`, `main`.`user_profiles`.`createdAt`, `main`.`user_profiles`.`updatedAt` FROM `main`.`user_profiles` WHERE `main`.`user_profiles`.`id` = ? LIMIT ? OFFSET ?
prisma:query -- Implicit "COMMIT" query via underlying driver
prisma:query SELECT `main`.`metabolic_profiles`.`id` FROM `main`.`metabolic_profiles` WHERE (`main`.`metabolic_profiles`.`userId` = ? AND 1=1) LIMIT ? OFFSET ?
prisma:query INSERT INTO `main`.`metabolic_profiles` (`id`, `userId`, `trueMetabolicRate`, `bmrEstimate`, `adaptiveFactor`, `weightChangeFactor`, `predictionAccuracy`, `predictionsMade`, `predictionsCorrect`, `lastCalculatedAt`, `calculationMethod`, `createdAt`, `updatedAt`) VALUES (?,?,?,?,?,?,?,?,?,?,?,?,?) RETURNING `id` AS `id`
prisma:query SELECT `main`.`metabolic_profiles`.`id`, `main`.`metabolic_profiles`.`userId`, `main`.`metabolic_profiles`.`trueMetabolicRate`, `main`.`metabolic_profiles`.`bmrEstimate`, `main`.`metabolic_profiles`.`adaptiveFactor`, `main`.`metabolic_profiles`.`weightChangeFactor`, `main`.`metabolic_profiles`.`predictionAccuracy`, `main`.`metabolic_profiles`.`predictionsMade`, `main`.`metabolic_profiles`.`predictionsCorrect`, `main`.`metabolic_profiles`.`lastCalculatedAt`, `main`.`metabolic_profiles`.`calculationMethod`, `main`.`metabolic_profiles`.`createdAt`, `main`.`metabolic_profiles`.`updatedAt` FROM `main`.`metabolic_profiles` WHERE `main`.`metabolic_profiles`.`id` = ? LIMIT ? OFFSET ?
prisma:query -- Implicit "COMMIT" query via underlying driver
prisma:query SELECT `main`.`calorie_banks`.`id` FROM `main`.`calorie_banks` WHERE (`main`.`calorie_banks`.`userId` = ? AND 1=1) LIMIT ? OFFSET ?
prisma:query INSERT INTO `main`.`calorie_banks` (`id`, `userId`, `currentBalance`, `totalBanked`, `totalSpent`, `dailyTarget`, `weeklyAverage`, `allowNegative`, `expireAfterDays`, `createdAt`, `updatedAt`) VALUES (?,?,?,?,?,?,?,?,?,?,?) RETURNING `id` AS `id`
prisma:query SELECT `main`.`calorie_banks`.`id`, `main`.`calorie_banks`.`userId`, `main`.`calorie_banks`.`currentBalance`, `main`.`calorie_banks`.`totalBanked`, `main`.`calorie_banks`.`totalSpent`, `main`.`calorie_banks`.`dailyTarget`, `main`.`calorie_banks`.`weeklyAverage`, `main`.`calorie_banks`.`recommendedSpend`, `main`.`calorie_banks`.`spendByDate`, `main`.`calorie_banks`.`allowNegative`, `main`.`calorie_banks`.`expireAfterDays`, `main`.`calorie_banks`.`createdAt`, `main`.`calorie_banks`.`updatedAt` FROM `main`.`calorie_banks` WHERE `main`.`calorie_banks`.`id` = ? LIMIT ? OFFSET ?
prisma:query -- Implicit "COMMIT" query via underlying driver
 POST /api/test-auth 200 in 42ms (next.js: 2ms, application-code: 39ms)
 GET /onboarding 200 in 62ms (next.js: 3ms, application-code: 58ms)
 GET /onboarding 200 in 51ms (next.js: 3ms, application-code: 48ms)
[browser] Clerk: Clerk has been loaded with development keys. Development instances have strict usage limits and should not be used when deploying your application to production. Learn more: https://clerk.com/docs/deployments/overview (https://present-lizard-1.clerk.accounts.dev/npm/@clerk/clerk-js@6/dist/clerk.browser.js:12:3226)
[initialize] Headers received: {
  'X-Test-User-Id': 'cmnb2tpy50048hsudq5qfqp4v',
  'Content-Type': 'application/json'
}
[initialize] NODE_ENV: development
[initialize] Using test user ID: cmnb2tpy50048hsudq5qfqp4v
[initialize] Activity level mapping: MODERATELY_ACTIVE -> MODERATE
prisma:query INSERT INTO `main`.`user_profiles` (`id`, `userId`, `heightCm`, `birthDate`, `gender`, `goalWeightKg`, `targetDate`, `activityLevel`, `timezone`, `createdAt`, `updatedAt`) VALUES (?,?,?,?,?,?,?,?,?,?,?) ON CONFLICT  (`userId`) DO UPDATE SET `heightCm` = ?, `birthDate` = ?, `gender` = ?, `goalWeightKg` = ?, `targetDate` = ?, `activityLevel` = ?, `timezone` = ?, `updatedAt` = ? WHERE (`main`.`user_profiles`.`userId` = ? AND 1=1) RETURNING `id` AS `id`, `userId` AS `userId`, `heightCm` AS `heightCm`, `birthDate` AS `birthDate`, `gender` AS `gender`, `goalWeightKg` AS `goalWeightKg`, `targetDate` AS `targetDate`, `activityLevel` AS `activityLevel`, `timezone` AS `timezone`, `createdAt` AS `createdAt`, `updatedAt` AS `updatedAt`
prisma:query INSERT INTO `main`.`metabolic_profiles` (`id`, `userId`, `trueMetabolicRate`, `bmrEstimate`, `adaptiveFactor`, `weightChangeFactor`, `predictionAccuracy`, `predictionsMade`, `predictionsCorrect`, `lastCalculatedAt`, `calculationMethod`, `createdAt`, `updatedAt`) VALUES (?,?,?,?,?,?,?,?,?,?,?,?,?) ON CONFLICT  (`userId`) DO UPDATE SET `trueMetabolicRate` = ?, `bmrEstimate` = ?, `lastCalculatedAt` = ?, `updatedAt` = ? WHERE (`main`.`metabolic_profiles`.`userId` = ? AND 1=1) RETURNING `id` AS `id`, `userId` AS `userId`, `trueMetabolicRate` AS `trueMetabolicRate`, `bmrEstimate` AS `bmrEstimate`, `adaptiveFactor` AS `adaptiveFactor`, `weightChangeFactor` AS `weightChangeFactor`, `predictionAccuracy` AS `predictionAccuracy`, `predictionsMade` AS `predictionsMade`, `predictionsCorrect` AS `predictionsCorrect`, `lastCalculatedAt` AS `lastCalculatedAt`, `calculationMethod` AS `calculationMethod`, `createdAt` AS `createdAt`, `updatedAt` AS `updatedAt`
prisma:query INSERT INTO `main`.`calorie_banks` (`id`, `userId`, `currentBalance`, `totalBanked`, `totalSpent`, `dailyTarget`, `weeklyAverage`, `allowNegative`, `expireAfterDays`, `createdAt`, `updatedAt`) VALUES (?,?,?,?,?,?,?,?,?,?,?) ON CONFLICT  (`userId`) DO UPDATE SET `dailyTarget` = ?, `allowNegative` = ?, `updatedAt` = ? WHERE (`main`.`calorie_banks`.`userId` = ? AND 1=1) RETURNING `id` AS `id`, `userId` AS `userId`, `currentBalance` AS `currentBalance`, `totalBanked` AS `totalBanked`, `totalSpent` AS `totalSpent`, `dailyTarget` AS `dailyTarget`, `weeklyAverage` AS `weeklyAverage`, `recommendedSpend` AS `recommendedSpend`, `spendByDate` AS `spendByDate`, `allowNegative` AS `allowNegative`, `expireAfterDays` AS `expireAfterDays`, `createdAt` AS `createdAt`, `updatedAt` AS `updatedAt`
prisma:query INSERT INTO `main`.`weight_entries` (`id`, `userId`, `weightKg`, `date`, `source`) VALUES (?,?,?,?,?) RETURNING `id` AS `id`, `userId` AS `userId`, `weightKg` AS `weightKg`, `date` AS `date`, `source` AS `source`
 POST /api/user/initialize 200 in 29ms (next.js: 2ms, application-code: 27ms)
⨯ Error: Clerk: clerkMiddleware() was not run, your middleware or proxy file might be misplaced. Move your middleware or proxy file to ./middleware.ts. Currently located at ./app/middleware.ts
    at async DashboardPage (app\dashboard\page.tsx:105:24)
  103 |     console.log("[dashboard] Using test user ID from query param:", userId);
  104 |   } else {
> 105 |     const authResult = await auth();
      |                        ^
  106 |     userId = authResult.userId;
  107 |     console.log("[dashboard] Using Clerk auth user ID:", userId);
  108 |   } {
  digest: '3112700540'
}
 GET /dashboard 200 in 37ms (next.js: 8ms, application-code: 29ms)
[browser] Uncaught Error: Clerk: clerkMiddleware() was not run, your middleware or proxy file might be misplaced. Move your middleware or proxy file to ./middleware.ts. Currently located at ./app/middleware.ts
    at <anonymous> (node_modules\@clerk\nextjs\src\server\createGetAuth.ts:44:17)
    at  auth (node_modules\@clerk\nextjs\src\app-router\server\auth.ts:96:24)
    at  DashboardPage (app\dashboard\page.tsx:105:24)
  42 |
  43 |         if (missConfiguredMiddlewareLocation) {
> 44 |           throw new Error(missConfiguredMiddlewareLocation);
     |                 ^
  45 |         }
  46 |
  47 |         // still throw there is no suggested move location
[dashboard] Using test user ID from query param: cmnb2tpy50048hsudq5qfqp4v
prisma:query SELECT `main`.`calorie_banks`.`id` FROM `main`.`calorie_banks` WHERE (`main`.`calorie_banks`.`userId` = ? AND 1=1) LIMIT ? OFFSET ?
prisma:query SELECT `main`.`daily_logs`.`id`, `main`.`daily_logs`.`userId`, `main`.`daily_logs`.`date`, `main`.`daily_logs`.`caloriesConsumed`, `main`.`daily_logs`.`proteinG`, `main`.`daily_logs`.`carbsG`, `main`.`daily_logs`.`fatG`, `main`.`daily_logs`.`fiberG`, `main`.`daily_logs`.`calorieTarget`, `main`.`daily_logs`.`caloriesBurned`, `main`.`daily_logs`.`exerciseMinutes`, `main`.`daily_logs`.`bankedAmount`, `main`.`daily_logs`.`waterMl` FROM `main`.`daily_logs` WHERE (`main`.`daily_logs`.`userId` = ? AND `main`.`daily_logs`.`date` >= ? AND `main`.`daily_logs`.`date` < ?) LIMIT ? OFFSET ?
prisma:query SELECT `main`.`bank_transactions`.`id`, `main`.`bank_transactions`.`bankId`, `main`.`bank_transactions`.`type`, `main`.`bank_transactions`.`amount`, `main`.`bank_transactions`.`reason`, `main`.`bank_transactions`.`caloriesConsumed`, `main`.`bank_transactions`.`caloriesTarget`, `main`.`bank_transactions`.`weightAtTime`, `main`.`bank_transactions`.`llmAdvice`, `main`.`bank_transactions`.`userFollowed`, `main`.`bank_transactions`.`sourceId`, `main`.`bank_transactions`.`sourceType`, `main`.`bank_transactions`.`createdAt` FROM `main`.`bank_transactions` WHERE `main`.`bank_transactions`.`bankId` = ? ORDER BY `main`.`bank_transactions`.`createdAt` DESC LIMIT ? OFFSET ?
prisma:query SELECT `main`.`weight_entries`.`id`, `main`.`weight_entries`.`userId`, `main`.`weight_entries`.`weightKg`, `main`.`weight_entries`.`date`, `main`.`weight_entries`.`source` FROM `main`.`weight_entries` WHERE `main`.`weight_entries`.`userId` = ? ORDER BY `main`.`weight_entries`.`date` DESC LIMIT ? OFFSET ?
prisma:query SELECT `main`.`meals`.`id`, `main`.`meals`.`dailyLogId`, `main`.`meals`.`name`, `main`.`meals`.`mealType`, `main`.`meals`.`calories`, `main`.`meals`.`proteinG`, `main`.`meals`.`carbsG`, `main`.`meals`.`fatG`, `main`.`meals`.`source`, `main`.`meals`.`aiConfidence`, `main`.`meals`.`createdAt` FROM `main`.`meals` WHERE `main`.`meals`.`dailyLogId` IN (NULL) LIMIT ? OFFSET ?
prisma:query SELECT `main`.`user_profiles`.`id`, `main`.`user_profiles`.`userId`, `main`.`user_profiles`.`heightCm`, `main`.`user_profiles`.`birthDate`, `main`.`user_profiles`.`gender`, `main`.`user_profiles`.`goalWeightKg`, `main`.`user_profiles`.`targetDate`, `main`.`user_profiles`.`activityLevel`, `main`.`user_profiles`.`timezone`, `main`.`user_profiles`.`createdAt`, `main`.`user_profiles`.`updatedAt` FROM `main`.`user_profiles` WHERE (`main`.`user_profiles`.`userId` = ? AND 1=1) LIMIT ? OFFSET ?
prisma:query SELECT `main`.`calorie_banks`.`id`, `main`.`calorie_banks`.`userId`, `main`.`calorie_banks`.`currentBalance`, `main`.`calorie_banks`.`totalBanked`, `main`.`calorie_banks`.`totalSpent`, `main`.`calorie_banks`.`dailyTarget`, `main`.`calorie_banks`.`weeklyAverage`, `main`.`calorie_banks`.`recommendedSpend`, `main`.`calorie_banks`.`spendByDate`, `main`.`calorie_banks`.`allowNegative`, `main`.`calorie_banks`.`expireAfterDays`, `main`.`calorie_banks`.`createdAt`, `main`.`calorie_banks`.`updatedAt` FROM `main`.`calorie_banks` WHERE (`main`.`calorie_banks`.`userId` = ? AND 1=1) LIMIT ? OFFSET ?
prisma:query SELECT `main`.`metabolic_profiles`.`id`, `main`.`metabolic_profiles`.`userId`, `main`.`metabolic_profiles`.`trueMetabolicRate`, `main`.`metabolic_profiles`.`bmrEstimate`, `main`.`metabolic_profiles`.`adaptiveFactor`, `main`.`metabolic_profiles`.`weightChangeFactor`, `main`.`metabolic_profiles`.`predictionAccuracy`, `main`.`metabolic_profiles`.`predictionsMade`, `main`.`metabolic_profiles`.`predictionsCorrect`, `main`.`metabolic_profiles`.`lastCalculatedAt`, `main`.`metabolic_profiles`.`calculationMethod`, `main`.`metabolic_profiles`.`createdAt`, `main`.`metabolic_profiles`.`updatedAt` FROM `main`.`metabolic_profiles` WHERE (`main`.`metabolic_profiles`.`userId` = ? AND 1=1) LIMIT ? OFFSET ?
 GET /dashboard?test-user-id=cmnb2tpy50048hsudq5qfqp4v 200 in 98ms (next.js: 4ms, application-code: 95ms)
[browser] Clerk: Clerk has been loaded with development keys. Development instances have strict usage limits and should not be used when deploying your application to production. Learn more: https://clerk.com/docs/deployments/overview (https://present-lizard-1.clerk.accounts.dev/npm/@clerk/clerk-js@6/dist/clerk.browser.js:12:3226)
[dashboard] Using test user ID from query param: cmnb2tpy50048hsudq5qfqp4v
prisma:query SELECT `main`.`calorie_banks`.`id` FROM `main`.`calorie_banks` WHERE (`main`.`calorie_banks`.`userId` = ? AND 1=1) LIMIT ? OFFSET ?
prisma:query SELECT `main`.`daily_logs`.`id`, `main`.`daily_logs`.`userId`, `main`.`daily_logs`.`date`, `main`.`daily_logs`.`caloriesConsumed`, `main`.`daily_logs`.`proteinG`, `main`.`daily_logs`.`carbsG`, `main`.`daily_logs`.`fatG`, `main`.`daily_logs`.`fiberG`, `main`.`daily_logs`.`calorieTarget`, `main`.`daily_logs`.`caloriesBurned`, `main`.`daily_logs`.`exerciseMinutes`, `main`.`daily_logs`.`bankedAmount`, `main`.`daily_logs`.`waterMl` FROM `main`.`daily_logs` WHERE (`main`.`daily_logs`.`userId` = ? AND `main`.`daily_logs`.`date` >= ? AND `main`.`daily_logs`.`date` < ?) LIMIT ? OFFSET ?
prisma:query SELECT `main`.`bank_transactions`.`id`, `main`.`bank_transactions`.`bankId`, `main`.`bank_transactions`.`type`, `main`.`bank_transactions`.`amount`, `main`.`bank_transactions`.`reason`, `main`.`bank_transactions`.`caloriesConsumed`, `main`.`bank_transactions`.`caloriesTarget`, `main`.`bank_transactions`.`weightAtTime`, `main`.`bank_transactions`.`llmAdvice`, `main`.`bank_transactions`.`userFollowed`, `main`.`bank_transactions`.`sourceId`, `main`.`bank_transactions`.`sourceType`, `main`.`bank_transactions`.`createdAt` FROM `main`.`bank_transactions` WHERE `main`.`bank_transactions`.`bankId` = ? ORDER BY `main`.`bank_transactions`.`createdAt` DESC LIMIT ? OFFSET ?
prisma:query SELECT `main`.`weight_entries`.`id`, `main`.`weight_entries`.`userId`, `main`.`weight_entries`.`weightKg`, `main`.`weight_entries`.`date`, `main`.`weight_entries`.`source` FROM `main`.`weight_entries` WHERE `main`.`weight_entries`.`userId` = ? ORDER BY `main`.`weight_entries`.`date` DESC LIMIT ? OFFSET ?
prisma:query SELECT `main`.`meals`.`id`, `main`.`meals`.`dailyLogId`, `main`.`meals`.`name`, `main`.`meals`.`mealType`, `main`.`meals`.`calories`, `main`.`meals`.`proteinG`, `main`.`meals`.`carbsG`, `main`.`meals`.`fatG`, `main`.`meals`.`source`, `main`.`meals`.`aiConfidence`, `main`.`meals`.`createdAt` FROM `main`.`meals` WHERE `main`.`meals`.`dailyLogId` IN (NULL) LIMIT ? OFFSET ?
prisma:query SELECT `main`.`user_profiles`.`id`, `main`.`user_profiles`.`userId`, `main`.`user_profiles`.`heightCm`, `main`.`user_profiles`.`birthDate`, `main`.`user_profiles`.`gender`, `main`.`user_profiles`.`goalWeightKg`, `main`.`user_profiles`.`targetDate`, `main`.`user_profiles`.`activityLevel`, `main`.`user_profiles`.`timezone`, `main`.`user_profiles`.`createdAt`, `main`.`user_profiles`.`updatedAt` FROM `main`.`user_profiles` WHERE (`main`.`user_profiles`.`userId` = ? AND 1=1) LIMIT ? OFFSET ?
prisma:query SELECT `main`.`calorie_banks`.`id`, `main`.`calorie_banks`.`userId`, `main`.`calorie_banks`.`currentBalance`, `main`.`calorie_banks`.`totalBanked`, `main`.`calorie_banks`.`totalSpent`, `main`.`calorie_banks`.`dailyTarget`, `main`.`calorie_banks`.`weeklyAverage`, `main`.`calorie_banks`.`recommendedSpend`, `main`.`calorie_banks`.`spendByDate`, `main`.`calorie_banks`.`allowNegative`, `main`.`calorie_banks`.`expireAfterDays`, `main`.`calorie_banks`.`createdAt`, `main`.`calorie_banks`.`updatedAt` FROM `main`.`calorie_banks` WHERE (`main`.`calorie_banks`.`userId` = ? AND 1=1) LIMIT ? OFFSET ?
prisma:query SELECT `main`.`metabolic_profiles`.`id`, `main`.`metabolic_profiles`.`userId`, `main`.`metabolic_profiles`.`trueMetabolicRate`, `main`.`metabolic_profiles`.`bmrEstimate`, `main`.`metabolic_profiles`.`adaptiveFactor`, `main`.`metabolic_profiles`.`weightChangeFactor`, `main`.`metabolic_profiles`.`predictionAccuracy`, `main`.`metabolic_profiles`.`predictionsMade`, `main`.`metabolic_profiles`.`predictionsCorrect`, `main`.`metabolic_profiles`.`lastCalculatedAt`, `main`.`metabolic_profiles`.`calculationMethod`, `main`.`metabolic_profiles`.`createdAt`, `main`.`metabolic_profiles`.`updatedAt` FROM `main`.`metabolic_profiles` WHERE (`main`.`metabolic_profiles`.`userId` = ? AND 1=1) LIMIT ? OFFSET ?
 GET /dashboard?test-user-id=cmnb2tpy50048hsudq5qfqp4v 200 in 89ms (next.js: 3ms, application-code: 86ms)
[browser] Clerk: Clerk has been loaded with development keys. Development instances have strict usage limits and should not be used when deploying your application to production. Learn more: https://clerk.com/docs/deployments/overview (https://present-lizard-1.clerk.accounts.dev/npm/@clerk/clerk-js@6/dist/clerk.browser.js:12:3226)
Error logging meal: Error: Clerk: clerkMiddleware() was not run, your middleware or proxy file might be misplaced. Move your middleware or proxy file to ./middleware.ts. Currently located at ./app/middleware.ts
    at async POST (app\api\meals\route.ts:8:24)
   6 | export async function POST(req: NextRequest) {
   7 |   try {
>  8 |     const { userId } = await auth();
     |                        ^
   9 |     if (!userId) {
  10 |       return NextResponse.json({ error: "Unauthorized" }, { status: 401 });
  11 |     }
 POST /api/meals 500 in 99ms (next.js: 2ms, application-code: 97ms)
[browser] Failed to log meal: Error: Failed to log meal
    at handleConfirm (app/dashboard/_components/QuickLogClient.tsx:122:15)
  120 |
  121 |       if (!response.ok) {
> 122 |         throw new Error("Failed to log meal");
      |               ^
  123 |       }
  124 |
  125 |       setInput(""); (app/dashboard/_components/QuickLogClient.tsx:131:15)
 GET / 200 in 44ms (next.js: 2ms, application-code: 42ms)
 GET / 200 in 139ms (next.js: 98ms, application-code: 41ms)
[dashboard] Using test user ID from query param: undefined
prisma:query SELECT `main`.`calorie_banks`.`id` FROM `main`.`calorie_banks` WHERE (`main`.`calorie_banks`.`userId` = ? AND 1=1) LIMIT ? OFFSET ?
prisma:query SELECT `main`.`daily_logs`.`id`, `main`.`daily_logs`.`userId`, `main`.`daily_logs`.`date`, `main`.`daily_logs`.`caloriesConsumed`, `main`.`daily_logs`.`proteinG`, `main`.`daily_logs`.`carbsG`, `main`.`daily_logs`.`fatG`, `main`.`daily_logs`.`fiberG`, `main`.`daily_logs`.`calorieTarget`, `main`.`daily_logs`.`caloriesBurned`, `main`.`daily_logs`.`exerciseMinutes`, `main`.`daily_logs`.`bankedAmount`, `main`.`daily_logs`.`waterMl` FROM `main`.`daily_logs` WHERE (`main`.`daily_logs`.`userId` = ? AND `main`.`daily_logs`.`date` >= ? AND `main`.`daily_logs`.`date` < ?) LIMIT ? OFFSET ?
prisma:query SELECT `main`.`weight_entries`.`id`, `main`.`weight_entries`.`userId`, `main`.`weight_entries`.`weightKg`, `main`.`weight_entries`.`date`, `main`.`weight_entries`.`source` FROM `main`.`weight_entries` WHERE `main`.`weight_entries`.`userId` = ? ORDER BY `main`.`weight_entries`.`date` DESC LIMIT ? OFFSET ?
prisma:query SELECT `main`.`meals`.`id`, `main`.`meals`.`dailyLogId`, `main`.`meals`.`name`, `main`.`meals`.`mealType`, `main`.`meals`.`calories`, `main`.`meals`.`proteinG`, `main`.`meals`.`carbsG`, `main`.`meals`.`fatG`, `main`.`meals`.`source`, `main`.`meals`.`aiConfidence`, `main`.`meals`.`createdAt` FROM `main`.`meals` WHERE `main`.`meals`.`dailyLogId` IN (NULL) LIMIT ? OFFSET ?
prisma:query SELECT `main`.`user_profiles`.`id`, `main`.`user_profiles`.`userId`, `main`.`user_profiles`.`heightCm`, `main`.`user_profiles`.`birthDate`, `main`.`user_profiles`.`gender`, `main`.`user_profiles`.`goalWeightKg`, `main`.`user_profiles`.`targetDate`, `main`.`user_profiles`.`activityLevel`, `main`.`user_profiles`.`timezone`, `main`.`user_profiles`.`createdAt`, `main`.`user_profiles`.`updatedAt` FROM `main`.`user_profiles` WHERE (`main`.`user_profiles`.`userId` = ? AND 1=1) LIMIT ? OFFSET ?
prisma:query SELECT `main`.`calorie_banks`.`id`, `main`.`calorie_banks`.`userId`, `main`.`calorie_banks`.`currentBalance`, `main`.`calorie_banks`.`totalBanked`, `main`.`calorie_banks`.`totalSpent`, `main`.`calorie_banks`.`dailyTarget`, `main`.`calorie_banks`.`weeklyAverage`, `main`.`calorie_banks`.`recommendedSpend`, `main`.`calorie_banks`.`spendByDate`, `main`.`calorie_banks`.`allowNegative`, `main`.`calorie_banks`.`expireAfterDays`, `main`.`calorie_banks`.`createdAt`, `main`.`calorie_banks`.`updatedAt` FROM `main`.`calorie_banks` WHERE (`main`.`calorie_banks`.`userId` = ? AND 1=1) LIMIT ? OFFSET ?
prisma:query SELECT `main`.`metabolic_profiles`.`id`, `main`.`metabolic_profiles`.`userId`, `main`.`metabolic_profiles`.`trueMetabolicRate`, `main`.`metabolic_profiles`.`bmrEstimate`, `main`.`metabolic_profiles`.`adaptiveFactor`, `main`.`metabolic_profiles`.`weightChangeFactor`, `main`.`metabolic_profiles`.`predictionAccuracy`, `main`.`metabolic_profiles`.`predictionsMade`, `main`.`metabolic_profiles`.`predictionsCorrect`, `main`.`metabolic_profiles`.`lastCalculatedAt`, `main`.`metabolic_profiles`.`calculationMethod`, `main`.`metabolic_profiles`.`createdAt`, `main`.`metabolic_profiles`.`updatedAt` FROM `main`.`metabolic_profiles` WHERE (`main`.`metabolic_profiles`.`userId` = ? AND 1=1) LIMIT ? OFFSET ?
 GET /dashboard?test-user-id=undefined 307 in 162ms (next.js: 3ms, application-code: 159ms)
 GET /onboarding 200 in 60ms (next.js: 3ms, application-code: 57ms)
[browser] Clerk: Clerk has been loaded with development keys. Development instances have strict usage limits and should not be used when deploying your application to production. Learn more: https://clerk.com/docs/deployments/overview (https://present-lizard-1.clerk.accounts.dev/npm/@clerk/clerk-js@6/dist/clerk.browser.js:12:3226)
 GET / 200 in 50ms (next.js: 4ms, application-code: 46ms)
 GET / 200 in 143ms (next.js: 108ms, application-code: 35ms)
prisma:query SELECT `main`.`users`.`id` FROM `main`.`users` WHERE (`main`.`users`.`email` = ? AND 1=1) LIMIT ? OFFSET ?
prisma:query INSERT INTO `main`.`users` (`id`, `email`, `createdAt`, `updatedAt`) VALUES (?,?,?,?) RETURNING `id` AS `id`
prisma:query SELECT `main`.`users`.`id`, `main`.`users`.`email`, `main`.`users`.`name`, `main`.`users`.`createdAt`, `main`.`users`.`updatedAt` FROM `main`.`users` WHERE `main`.`users`.`id` = ? LIMIT ? OFFSET ?
prisma:query -- Implicit "COMMIT" query via underlying driver
prisma:query SELECT `main`.`user_profiles`.`id` FROM `main`.`user_profiles` WHERE (`main`.`user_profiles`.`userId` = ? AND 1=1) LIMIT ? OFFSET ?
prisma:query INSERT INTO `main`.`user_profiles` (`id`, `userId`, `heightCm`, `gender`, `goalWeightKg`, `activityLevel`, `timezone`, `createdAt`, `updatedAt`) VALUES (?,?,?,?,?,?,?,?,?) RETURNING `id` AS `id`
prisma:query SELECT `main`.`user_profiles`.`id`, `main`.`user_profiles`.`userId`, `main`.`user_profiles`.`heightCm`, `main`.`user_profiles`.`birthDate`, `main`.`user_profiles`.`gender`, `main`.`user_profiles`.`goalWeightKg`, `main`.`user_profiles`.`targetDate`, `main`.`user_profiles`.`activityLevel`, `main`.`user_profiles`.`timezone`, `main`.`user_profiles`.`createdAt`, `main`.`user_profiles`.`updatedAt` FROM `main`.`user_profiles` WHERE `main`.`user_profiles`.`id` = ? LIMIT ? OFFSET ?
prisma:query -- Implicit "COMMIT" query via underlying driver
prisma:query SELECT `main`.`metabolic_profiles`.`id` FROM `main`.`metabolic_profiles` WHERE (`main`.`metabolic_profiles`.`userId` = ? AND 1=1) LIMIT ? OFFSET ?
prisma:query INSERT INTO `main`.`metabolic_profiles` (`id`, `userId`, `trueMetabolicRate`, `bmrEstimate`, `adaptiveFactor`, `weightChangeFactor`, `predictionAccuracy`, `predictionsMade`, `predictionsCorrect`, `lastCalculatedAt`, `calculationMethod`, `createdAt`, `updatedAt`) VALUES (?,?,?,?,?,?,?,?,?,?,?,?,?) RETURNING `id` AS `id`
prisma:query SELECT `main`.`metabolic_profiles`.`id`, `main`.`metabolic_profiles`.`userId`, `main`.`metabolic_profiles`.`trueMetabolicRate`, `main`.`metabolic_profiles`.`bmrEstimate`, `main`.`metabolic_profiles`.`adaptiveFactor`, `main`.`metabolic_profiles`.`weightChangeFactor`, `main`.`metabolic_profiles`.`predictionAccuracy`, `main`.`metabolic_profiles`.`predictionsMade`, `main`.`metabolic_profiles`.`predictionsCorrect`, `main`.`metabolic_profiles`.`lastCalculatedAt`, `main`.`metabolic_profiles`.`calculationMethod`, `main`.`metabolic_profiles`.`createdAt`, `main`.`metabolic_profiles`.`updatedAt` FROM `main`.`metabolic_profiles` WHERE `main`.`metabolic_profiles`.`id` = ? LIMIT ? OFFSET ?
prisma:query -- Implicit "COMMIT" query via underlying driver
prisma:query SELECT `main`.`calorie_banks`.`id` FROM `main`.`calorie_banks` WHERE (`main`.`calorie_banks`.`userId` = ? AND 1=1) LIMIT ? OFFSET ?
prisma:query INSERT INTO `main`.`calorie_banks` (`id`, `userId`, `currentBalance`, `totalBanked`, `totalSpent`, `dailyTarget`, `weeklyAverage`, `allowNegative`, `expireAfterDays`, `createdAt`, `updatedAt`) VALUES (?,?,?,?,?,?,?,?,?,?,?) RETURNING `id` AS `id`
prisma:query SELECT `main`.`calorie_banks`.`id`, `main`.`calorie_banks`.`userId`, `main`.`calorie_banks`.`currentBalance`, `main`.`calorie_banks`.`totalBanked`, `main`.`calorie_banks`.`totalSpent`, `main`.`calorie_banks`.`dailyTarget`, `main`.`calorie_banks`.`weeklyAverage`, `main`.`calorie_banks`.`recommendedSpend`, `main`.`calorie_banks`.`spendByDate`, `main`.`calorie_banks`.`allowNegative`, `main`.`calorie_banks`.`expireAfterDays`, `main`.`calorie_banks`.`createdAt`, `main`.`calorie_banks`.`updatedAt` FROM `main`.`calorie_banks` WHERE `main`.`calorie_banks`.`id` = ? LIMIT ? OFFSET ?
prisma:query -- Implicit "COMMIT" query via underlying driver
 POST /api/test-auth 200 in 35ms (next.js: 1583µs, application-code: 33ms)
 GET /onboarding 200 in 53ms (next.js: 3ms, application-code: 50ms)
 GET /onboarding 200 in 52ms (next.js: 3ms, application-code: 49ms)
[browser] Clerk: Clerk has been loaded with development keys. Development instances have strict usage limits and should not be used when deploying your application to production. Learn more: https://clerk.com/docs/deployments/overview (https://present-lizard-1.clerk.accounts.dev/npm/@clerk/clerk-js@6/dist/clerk.browser.js:12:3226)
[initialize] Headers received: {
  'X-Test-User-Id': 'cmnb2xrdx004ghsudekr57gwf',
  'Content-Type': 'application/json'
}
[initialize] NODE_ENV: development
[initialize] Using test user ID: cmnb2xrdx004ghsudekr57gwf
[initialize] Activity level mapping: MODERATELY_ACTIVE -> MODERATE
prisma:query INSERT INTO `main`.`user_profiles` (`id`, `userId`, `heightCm`, `birthDate`, `gender`, `goalWeightKg`, `targetDate`, `activityLevel`, `timezone`, `createdAt`, `updatedAt`) VALUES (?,?,?,?,?,?,?,?,?,?,?) ON CONFLICT  (`userId`) DO UPDATE SET `heightCm` = ?, `birthDate` = ?, `gender` = ?, `goalWeightKg` = ?, `targetDate` = ?, `activityLevel` = ?, `timezone` = ?, `updatedAt` = ? WHERE (`main`.`user_profiles`.`userId` = ? AND 1=1) RETURNING `id` AS `id`, `userId` AS `userId`, `heightCm` AS `heightCm`, `birthDate` AS `birthDate`, `gender` AS `gender`, `goalWeightKg` AS `goalWeightKg`, `targetDate` AS `targetDate`, `activityLevel` AS `activityLevel`, `timezone` AS `timezone`, `createdAt` AS `createdAt`, `updatedAt` AS `updatedAt`
prisma:query INSERT INTO `main`.`metabolic_profiles` (`id`, `userId`, `trueMetabolicRate`, `bmrEstimate`, `adaptiveFactor`, `weightChangeFactor`, `predictionAccuracy`, `predictionsMade`, `predictionsCorrect`, `lastCalculatedAt`, `calculationMethod`, `createdAt`, `updatedAt`) VALUES (?,?,?,?,?,?,?,?,?,?,?,?,?) ON CONFLICT  (`userId`) DO UPDATE SET `trueMetabolicRate` = ?, `bmrEstimate` = ?, `lastCalculatedAt` = ?, `updatedAt` = ? WHERE (`main`.`metabolic_profiles`.`userId` = ? AND 1=1) RETURNING `id` AS `id`, `userId` AS `userId`, `trueMetabolicRate` AS `trueMetabolicRate`, `bmrEstimate` AS `bmrEstimate`, `adaptiveFactor` AS `adaptiveFactor`, `weightChangeFactor` AS `weightChangeFactor`, `predictionAccuracy` AS `predictionAccuracy`, `predictionsMade` AS `predictionsMade`, `predictionsCorrect` AS `predictionsCorrect`, `lastCalculatedAt` AS `lastCalculatedAt`, `calculationMethod` AS `calculationMethod`, `createdAt` AS `createdAt`, `updatedAt` AS `updatedAt`
prisma:query INSERT INTO `main`.`calorie_banks` (`id`, `userId`, `currentBalance`, `totalBanked`, `totalSpent`, `dailyTarget`, `weeklyAverage`, `allowNegative`, `expireAfterDays`, `createdAt`, `updatedAt`) VALUES (?,?,?,?,?,?,?,?,?,?,?) ON CONFLICT  (`userId`) DO UPDATE SET `dailyTarget` = ?, `allowNegative` = ?, `updatedAt` = ? WHERE (`main`.`calorie_banks`.`userId` = ? AND 1=1) RETURNING `id` AS `id`, `userId` AS `userId`, `currentBalance` AS `currentBalance`, `totalBanked` AS `totalBanked`, `totalSpent` AS `totalSpent`, `dailyTarget` AS `dailyTarget`, `weeklyAverage` AS `weeklyAverage`, `recommendedSpend` AS `recommendedSpend`, `spendByDate` AS `spendByDate`, `allowNegative` AS `allowNegative`, `expireAfterDays` AS `expireAfterDays`, `createdAt` AS `createdAt`, `updatedAt` AS `updatedAt`
prisma:query INSERT INTO `main`.`weight_entries` (`id`, `userId`, `weightKg`, `date`, `source`) VALUES (?,?,?,?,?) RETURNING `id` AS `id`, `userId` AS `userId`, `weightKg` AS `weightKg`, `date` AS `date`, `source` AS `source`
 POST /api/user/initialize 200 in 28ms (next.js: 1945µs, application-code: 26ms)
⨯ Error: Clerk: clerkMiddleware() was not run, your middleware or proxy file might be misplaced. Move your middleware or proxy file to ./middleware.ts. Currently located at ./app/middleware.ts
    at async DashboardPage (app\dashboard\page.tsx:105:24)
  103 |     console.log("[dashboard] Using test user ID from query param:", userId);
  104 |   } else {
> 105 |     const authResult = await auth();
      |                        ^
  106 |     userId = authResult.userId;
  107 |     console.log("[dashboard] Using Clerk auth user ID:", userId);
  108 |   } {
  digest: '3112700540'
}
 GET /dashboard 200 in 35ms (next.js: 3ms, application-code: 32ms)
[browser] Uncaught Error: Clerk: clerkMiddleware() was not run, your middleware or proxy file might be misplaced. Move your middleware or proxy file to ./middleware.ts. Currently located at ./app/middleware.ts
    at <anonymous> (node_modules\@clerk\nextjs\src\server\createGetAuth.ts:44:17)
    at  auth (node_modules\@clerk\nextjs\src\app-router\server\auth.ts:96:24)
    at  DashboardPage (app\dashboard\page.tsx:105:24)
  42 |
  43 |         if (missConfiguredMiddlewareLocation) {
> 44 |           throw new Error(missConfiguredMiddlewareLocation);
     |                 ^
  45 |         }
  46 |
  47 |         // still throw there is no suggested move location
[dashboard] Using test user ID from query param: cmnb2xrdx004ghsudekr57gwf
prisma:query SELECT `main`.`calorie_banks`.`id` FROM `main`.`calorie_banks` WHERE (`main`.`calorie_banks`.`userId` = ? AND 1=1) LIMIT ? OFFSET ?
prisma:query SELECT `main`.`daily_logs`.`id`, `main`.`daily_logs`.`userId`, `main`.`daily_logs`.`date`, `main`.`daily_logs`.`caloriesConsumed`, `main`.`daily_logs`.`proteinG`, `main`.`daily_logs`.`carbsG`, `main`.`daily_logs`.`fatG`, `main`.`daily_logs`.`fiberG`, `main`.`daily_logs`.`calorieTarget`, `main`.`daily_logs`.`caloriesBurned`, `main`.`daily_logs`.`exerciseMinutes`, `main`.`daily_logs`.`bankedAmount`, `main`.`daily_logs`.`waterMl` FROM `main`.`daily_logs` WHERE (`main`.`daily_logs`.`userId` = ? AND `main`.`daily_logs`.`date` >= ? AND `main`.`daily_logs`.`date` < ?) LIMIT ? OFFSET ?
prisma:query SELECT `main`.`bank_transactions`.`id`, `main`.`bank_transactions`.`bankId`, `main`.`bank_transactions`.`type`, `main`.`bank_transactions`.`amount`, `main`.`bank_transactions`.`reason`, `main`.`bank_transactions`.`caloriesConsumed`, `main`.`bank_transactions`.`caloriesTarget`, `main`.`bank_transactions`.`weightAtTime`, `main`.`bank_transactions`.`llmAdvice`, `main`.`bank_transactions`.`userFollowed`, `main`.`bank_transactions`.`sourceId`, `main`.`bank_transactions`.`sourceType`, `main`.`bank_transactions`.`createdAt` FROM `main`.`bank_transactions` WHERE `main`.`bank_transactions`.`bankId` = ? ORDER BY `main`.`bank_transactions`.`createdAt` DESC LIMIT ? OFFSET ?
prisma:query SELECT `main`.`weight_entries`.`id`, `main`.`weight_entries`.`userId`, `main`.`weight_entries`.`weightKg`, `main`.`weight_entries`.`date`, `main`.`weight_entries`.`source` FROM `main`.`weight_entries` WHERE `main`.`weight_entries`.`userId` = ? ORDER BY `main`.`weight_entries`.`date` DESC LIMIT ? OFFSET ?
prisma:query SELECT `main`.`meals`.`id`, `main`.`meals`.`dailyLogId`, `main`.`meals`.`name`, `main`.`meals`.`mealType`, `main`.`meals`.`calories`, `main`.`meals`.`proteinG`, `main`.`meals`.`carbsG`, `main`.`meals`.`fatG`, `main`.`meals`.`source`, `main`.`meals`.`aiConfidence`, `main`.`meals`.`createdAt` FROM `main`.`meals` WHERE `main`.`meals`.`dailyLogId` IN (NULL) LIMIT ? OFFSET ?
prisma:query SELECT `main`.`user_profiles`.`id`, `main`.`user_profiles`.`userId`, `main`.`user_profiles`.`heightCm`, `main`.`user_profiles`.`birthDate`, `main`.`user_profiles`.`gender`, `main`.`user_profiles`.`goalWeightKg`, `main`.`user_profiles`.`targetDate`, `main`.`user_profiles`.`activityLevel`, `main`.`user_profiles`.`timezone`, `main`.`user_profiles`.`createdAt`, `main`.`user_profiles`.`updatedAt` FROM `main`.`user_profiles` WHERE (`main`.`user_profiles`.`userId` = ? AND 1=1) LIMIT ? OFFSET ?
prisma:query SELECT `main`.`calorie_banks`.`id`, `main`.`calorie_banks`.`userId`, `main`.`calorie_banks`.`currentBalance`, `main`.`calorie_banks`.`totalBanked`, `main`.`calorie_banks`.`totalSpent`, `main`.`calorie_banks`.`dailyTarget`, `main`.`calorie_banks`.`weeklyAverage`, `main`.`calorie_banks`.`recommendedSpend`, `main`.`calorie_banks`.`spendByDate`, `main`.`calorie_banks`.`allowNegative`, `main`.`calorie_banks`.`expireAfterDays`, `main`.`calorie_banks`.`createdAt`, `main`.`calorie_banks`.`updatedAt` FROM `main`.`calorie_banks` WHERE (`main`.`calorie_banks`.`userId` = ? AND 1=1) LIMIT ? OFFSET ?
prisma:query SELECT `main`.`metabolic_profiles`.`id`, `main`.`metabolic_profiles`.`userId`, `main`.`metabolic_profiles`.`trueMetabolicRate`, `main`.`metabolic_profiles`.`bmrEstimate`, `main`.`metabolic_profiles`.`adaptiveFactor`, `main`.`metabolic_profiles`.`weightChangeFactor`, `main`.`metabolic_profiles`.`predictionAccuracy`, `main`.`metabolic_profiles`.`predictionsMade`, `main`.`metabolic_profiles`.`predictionsCorrect`, `main`.`metabolic_profiles`.`lastCalculatedAt`, `main`.`metabolic_profiles`.`calculationMethod`, `main`.`metabolic_profiles`.`createdAt`, `main`.`metabolic_profiles`.`updatedAt` FROM `main`.`metabolic_profiles` WHERE (`main`.`metabolic_profiles`.`userId` = ? AND 1=1) LIMIT ? OFFSET ?
 GET /dashboard?test-user-id=cmnb2xrdx004ghsudekr57gwf 200 in 96ms (next.js: 3ms, application-code: 94ms)
[browser] Clerk: Clerk has been loaded with development keys. Development instances have strict usage limits and should not be used when deploying your application to production. Learn more: https://clerk.com/docs/deployments/overview (https://present-lizard-1.clerk.accounts.dev/npm/@clerk/clerk-js@6/dist/clerk.browser.js:12:3226)
[dashboard] Using test user ID from query param: cmnb2xrdx004ghsudekr57gwf
prisma:query SELECT `main`.`calorie_banks`.`id` FROM `main`.`calorie_banks` WHERE (`main`.`calorie_banks`.`userId` = ? AND 1=1) LIMIT ? OFFSET ?
prisma:query SELECT `main`.`daily_logs`.`id`, `main`.`daily_logs`.`userId`, `main`.`daily_logs`.`date`, `main`.`daily_logs`.`caloriesConsumed`, `main`.`daily_logs`.`proteinG`, `main`.`daily_logs`.`carbsG`, `main`.`daily_logs`.`fatG`, `main`.`daily_logs`.`fiberG`, `main`.`daily_logs`.`calorieTarget`, `main`.`daily_logs`.`caloriesBurned`, `main`.`daily_logs`.`exerciseMinutes`, `main`.`daily_logs`.`bankedAmount`, `main`.`daily_logs`.`waterMl` FROM `main`.`daily_logs` WHERE (`main`.`daily_logs`.`userId` = ? AND `main`.`daily_logs`.`date` >= ? AND `main`.`daily_logs`.`date` < ?) LIMIT ? OFFSET ?
prisma:query SELECT `main`.`bank_transactions`.`id`, `main`.`bank_transactions`.`bankId`, `main`.`bank_transactions`.`type`, `main`.`bank_transactions`.`amount`, `main`.`bank_transactions`.`reason`, `main`.`bank_transactions`.`caloriesConsumed`, `main`.`bank_transactions`.`caloriesTarget`, `main`.`bank_transactions`.`weightAtTime`, `main`.`bank_transactions`.`llmAdvice`, `main`.`bank_transactions`.`userFollowed`, `main`.`bank_transactions`.`sourceId`, `main`.`bank_transactions`.`sourceType`, `main`.`bank_transactions`.`createdAt` FROM `main`.`bank_transactions` WHERE `main`.`bank_transactions`.`bankId` = ? ORDER BY `main`.`bank_transactions`.`createdAt` DESC LIMIT ? OFFSET ?
prisma:query SELECT `main`.`weight_entries`.`id`, `main`.`weight_entries`.`userId`, `main`.`weight_entries`.`weightKg`, `main`.`weight_entries`.`date`, `main`.`weight_entries`.`source` FROM `main`.`weight_entries` WHERE `main`.`weight_entries`.`userId` = ? ORDER BY `main`.`weight_entries`.`date` DESC LIMIT ? OFFSET ?
prisma:query SELECT `main`.`meals`.`id`, `main`.`meals`.`dailyLogId`, `main`.`meals`.`name`, `main`.`meals`.`mealType`, `main`.`meals`.`calories`, `main`.`meals`.`proteinG`, `main`.`meals`.`carbsG`, `main`.`meals`.`fatG`, `main`.`meals`.`source`, `main`.`meals`.`aiConfidence`, `main`.`meals`.`createdAt` FROM `main`.`meals` WHERE `main`.`meals`.`dailyLogId` IN (NULL) LIMIT ? OFFSET ?
prisma:query SELECT `main`.`user_profiles`.`id`, `main`.`user_profiles`.`userId`, `main`.`user_profiles`.`heightCm`, `main`.`user_profiles`.`birthDate`, `main`.`user_profiles`.`gender`, `main`.`user_profiles`.`goalWeightKg`, `main`.`user_profiles`.`targetDate`, `main`.`user_profiles`.`activityLevel`, `main`.`user_profiles`.`timezone`, `main`.`user_profiles`.`createdAt`, `main`.`user_profiles`.`updatedAt` FROM `main`.`user_profiles` WHERE (`main`.`user_profiles`.`userId` = ? AND 1=1) LIMIT ? OFFSET ?
prisma:query SELECT `main`.`calorie_banks`.`id`, `main`.`calorie_banks`.`userId`, `main`.`calorie_banks`.`currentBalance`, `main`.`calorie_banks`.`totalBanked`, `main`.`calorie_banks`.`totalSpent`, `main`.`calorie_banks`.`dailyTarget`, `main`.`calorie_banks`.`weeklyAverage`, `main`.`calorie_banks`.`recommendedSpend`, `main`.`calorie_banks`.`spendByDate`, `main`.`calorie_banks`.`allowNegative`, `main`.`calorie_banks`.`expireAfterDays`, `main`.`calorie_banks`.`createdAt`, `main`.`calorie_banks`.`updatedAt` FROM `main`.`calorie_banks` WHERE (`main`.`calorie_banks`.`userId` = ? AND 1=1) LIMIT ? OFFSET ?
prisma:query SELECT `main`.`metabolic_profiles`.`id`, `main`.`metabolic_profiles`.`userId`, `main`.`metabolic_profiles`.`trueMetabolicRate`, `main`.`metabolic_profiles`.`bmrEstimate`, `main`.`metabolic_profiles`.`adaptiveFactor`, `main`.`metabolic_profiles`.`weightChangeFactor`, `main`.`metabolic_profiles`.`predictionAccuracy`, `main`.`metabolic_profiles`.`predictionsMade`, `main`.`metabolic_profiles`.`predictionsCorrect`, `main`.`metabolic_profiles`.`lastCalculatedAt`, `main`.`metabolic_profiles`.`calculationMethod`, `main`.`metabolic_profiles`.`createdAt`, `main`.`metabolic_profiles`.`updatedAt` FROM `main`.`metabolic_profiles` WHERE (`main`.`metabolic_profiles`.`userId` = ? AND 1=1) LIMIT ? OFFSET ?
 GET /dashboard?test-user-id=cmnb2xrdx004ghsudekr57gwf 200 in 94ms (next.js: 4ms, application-code: 90ms)
[browser] Clerk: Clerk has been loaded with development keys. Development instances have strict usage limits and should not be used when deploying your application to production. Learn more: https://clerk.com/docs/deployments/overview (https://present-lizard-1.clerk.accounts.dev/npm/@clerk/clerk-js@6/dist/clerk.browser.js:12:3226)
Error logging meal: Error: Clerk: clerkMiddleware() was not run, your middleware or proxy file might be misplaced. Move your middleware or proxy file to ./middleware.ts. Currently located at ./app/middleware.ts
    at async POST (app\api\meals\route.ts:8:24)
   6 | export async function POST(req: NextRequest) {
   7 |   try {
>  8 |     const { userId } = await auth();
     |                        ^
   9 |     if (!userId) {
  10 |       return NextResponse.json({ error: "Unauthorized" }, { status: 401 });
  11 |     }
 POST /api/meals 500 in 106ms (next.js: 1942µs, application-code: 104ms)
[browser] Failed to log meal: Error: Failed to log meal
    at handleConfirm (app/dashboard/_components/QuickLogClient.tsx:122:15)
  120 |
  121 |       if (!response.ok) {
> 122 |         throw new Error("Failed to log meal");
      |               ^
  123 |       }
  124 |
  125 |       setInput(""); (app/dashboard/_components/QuickLogClient.tsx:131:15)
✓ Compiled in 12ms
 GET / 200 in 195ms (next.js: 154ms, application-code: 41ms)
 GET / 200 in 45ms (next.js: 2ms, application-code: 43ms)
 GET / 200 in 62ms (next.js: 11ms, application-code: 52ms)
 GET / 200 in 173ms (next.js: 133ms, application-code: 40ms)
 GET / 200 in 190ms (next.js: 149ms, application-code: 41ms)
 GET / 200 in 48ms (next.js: 2ms, application-code: 46ms)
[dashboard] Using test user ID from query param: undefined
prisma:query SELECT `main`.`calorie_banks`.`id` FROM `main`.`calorie_banks` WHERE (`main`.`calorie_banks`.`userId` = ? AND 1=1) LIMIT ? OFFSET ?
prisma:query SELECT `main`.`daily_logs`.`id`, `main`.`daily_logs`.`userId`, `main`.`daily_logs`.`date`, `main`.`daily_logs`.`caloriesConsumed`, `main`.`daily_logs`.`proteinG`, `main`.`daily_logs`.`carbsG`, `main`.`daily_logs`.`fatG`, `main`.`daily_logs`.`fiberG`, `main`.`daily_logs`.`calorieTarget`, `main`.`daily_logs`.`caloriesBurned`, `main`.`daily_logs`.`exerciseMinutes`, `main`.`daily_logs`.`bankedAmount`, `main`.`daily_logs`.`waterMl` FROM `main`.`daily_logs` WHERE (`main`.`daily_logs`.`userId` = ? AND `main`.`daily_logs`.`date` >= ? AND `main`.`daily_logs`.`date` < ?) LIMIT ? OFFSET ?
prisma:query SELECT `main`.`weight_entries`.`id`, `main`.`weight_entries`.`userId`, `main`.`weight_entries`.`weightKg`, `main`.`weight_entries`.`date`, `main`.`weight_entries`.`source` FROM `main`.`weight_entries` WHERE `main`.`weight_entries`.`userId` = ? ORDER BY `main`.`weight_entries`.`date` DESC LIMIT ? OFFSET ?
prisma:query SELECT `main`.`meals`.`id`, `main`.`meals`.`dailyLogId`, `main`.`meals`.`name`, `main`.`meals`.`mealType`, `main`.`meals`.`calories`, `main`.`meals`.`proteinG`, `main`.`meals`.`carbsG`, `main`.`meals`.`fatG`, `main`.`meals`.`source`, `main`.`meals`.`aiConfidence`, `main`.`meals`.`createdAt` FROM `main`.`meals` WHERE `main`.`meals`.`dailyLogId` IN (NULL) LIMIT ? OFFSET ?
prisma:query SELECT `main`.`user_profiles`.`id`, `main`.`user_profiles`.`userId`, `main`.`user_profiles`.`heightCm`, `main`.`user_profiles`.`birthDate`, `main`.`user_profiles`.`gender`, `main`.`user_profiles`.`goalWeightKg`, `main`.`user_profiles`.`targetDate`, `main`.`user_profiles`.`activityLevel`, `main`.`user_profiles`.`timezone`, `main`.`user_profiles`.`createdAt`, `main`.`user_profiles`.`updatedAt` FROM `main`.`user_profiles` WHERE (`main`.`user_profiles`.`userId` = ? AND 1=1) LIMIT ? OFFSET ?
prisma:query SELECT `main`.`calorie_banks`.`id`, `main`.`calorie_banks`.`userId`, `main`.`calorie_banks`.`currentBalance`, `main`.`calorie_banks`.`totalBanked`, `main`.`calorie_banks`.`totalSpent`, `main`.`calorie_banks`.`dailyTarget`, `main`.`calorie_banks`.`weeklyAverage`, `main`.`calorie_banks`.`recommendedSpend`, `main`.`calorie_banks`.`spendByDate`, `main`.`calorie_banks`.`allowNegative`, `main`.`calorie_banks`.`expireAfterDays`, `main`.`calorie_banks`.`createdAt`, `main`.`calorie_banks`.`updatedAt` FROM `main`.`calorie_banks` WHERE (`main`.`calorie_banks`.`userId` = ? AND 1=1) LIMIT ? OFFSET ?
prisma:query SELECT `main`.`metabolic_profiles`.`id`, `main`.`metabolic_profiles`.`userId`, `main`.`metabolic_profiles`.`trueMetabolicRate`, `main`.`metabolic_profiles`.`bmrEstimate`, `main`.`metabolic_profiles`.`adaptiveFactor`, `main`.`metabolic_profiles`.`weightChangeFactor`, `main`.`metabolic_profiles`.`predictionAccuracy`, `main`.`metabolic_profiles`.`predictionsMade`, `main`.`metabolic_profiles`.`predictionsCorrect`, `main`.`metabolic_profiles`.`lastCalculatedAt`, `main`.`metabolic_profiles`.`calculationMethod`, `main`.`metabolic_profiles`.`createdAt`, `main`.`metabolic_profiles`.`updatedAt` FROM `main`.`metabolic_profiles` WHERE (`main`.`metabolic_profiles`.`userId` = ? AND 1=1) LIMIT ? OFFSET ?
 GET /dashboard?test-user-id=undefined 307 in 524ms (next.js: 134ms, application-code: 390ms)
 GET /onboarding 200 in 71ms (next.js: 3ms, application-code: 68ms)
[browser] Clerk: Clerk has been loaded with development keys. Development instances have strict usage limits and should not be used when deploying your application to production. Learn more: https://clerk.com/docs/deployments/overview (https://present-lizard-1.clerk.accounts.dev/npm/@clerk/clerk-js@6/dist/clerk.browser.js:12:3226)
 GET / 200 in 204ms (next.js: 159ms, application-code: 45ms)
 GET / 200 in 50ms (next.js: 4ms, application-code: 46ms)
 GET / 200 in 56ms (next.js: 12ms, application-code: 45ms)
 GET / 200 in 151ms (next.js: 106ms, application-code: 45ms)
prisma:query SELECT `main`.`users`.`id` FROM `main`.`users` WHERE (`main`.`users`.`email` = ? AND 1=1) LIMIT ? OFFSET ?
prisma:query INSERT INTO `main`.`users` (`id`, `email`, `createdAt`, `updatedAt`) VALUES (?,?,?,?) RETURNING `id` AS `id`
prisma:query SELECT `main`.`users`.`id`, `main`.`users`.`email`, `main`.`users`.`name`, `main`.`users`.`createdAt`, `main`.`users`.`updatedAt` FROM `main`.`users` WHERE `main`.`users`.`id` = ? LIMIT ? OFFSET ?
prisma:query -- Implicit "COMMIT" query via underlying driver
prisma:query SELECT `main`.`user_profiles`.`id` FROM `main`.`user_profiles` WHERE (`main`.`user_profiles`.`userId` = ? AND 1=1) LIMIT ? OFFSET ?
prisma:query INSERT INTO `main`.`user_profiles` (`id`, `userId`, `heightCm`, `gender`, `goalWeightKg`, `activityLevel`, `timezone`, `createdAt`, `updatedAt`) VALUES (?,?,?,?,?,?,?,?,?) RETURNING `id` AS `id`
prisma:query SELECT `main`.`user_profiles`.`id`, `main`.`user_profiles`.`userId`, `main`.`user_profiles`.`heightCm`, `main`.`user_profiles`.`birthDate`, `main`.`user_profiles`.`gender`, `main`.`user_profiles`.`goalWeightKg`, `main`.`user_profiles`.`targetDate`, `main`.`user_profiles`.`activityLevel`, `main`.`user_profiles`.`timezone`, `main`.`user_profiles`.`createdAt`, `main`.`user_profiles`.`updatedAt` FROM `main`.`user_profiles` WHERE `main`.`user_profiles`.`id` = ? LIMIT ? OFFSET ?
prisma:query -- Implicit "COMMIT" query via underlying driver
prisma:query SELECT `main`.`metabolic_profiles`.`id` FROM `main`.`metabolic_profiles` WHERE (`main`.`metabolic_profiles`.`userId` = ? AND 1=1) LIMIT ? OFFSET ?
prisma:query INSERT INTO `main`.`metabolic_profiles` (`id`, `userId`, `trueMetabolicRate`, `bmrEstimate`, `adaptiveFactor`, `weightChangeFactor`, `predictionAccuracy`, `predictionsMade`, `predictionsCorrect`, `lastCalculatedAt`, `calculationMethod`, `createdAt`, `updatedAt`) VALUES (?,?,?,?,?,?,?,?,?,?,?,?,?) RETURNING `id` AS `id`
prisma:query SELECT `main`.`metabolic_profiles`.`id`, `main`.`metabolic_profiles`.`userId`, `main`.`metabolic_profiles`.`trueMetabolicRate`, `main`.`metabolic_profiles`.`bmrEstimate`, `main`.`metabolic_profiles`.`adaptiveFactor`, `main`.`metabolic_profiles`.`weightChangeFactor`, `main`.`metabolic_profiles`.`predictionAccuracy`, `main`.`metabolic_profiles`.`predictionsMade`, `main`.`metabolic_profiles`.`predictionsCorrect`, `main`.`metabolic_profiles`.`lastCalculatedAt`, `main`.`metabolic_profiles`.`calculationMethod`, `main`.`metabolic_profiles`.`createdAt`, `main`.`metabolic_profiles`.`updatedAt` FROM `main`.`metabolic_profiles` WHERE `main`.`metabolic_profiles`.`id` = ? LIMIT ? OFFSET ?
prisma:query -- Implicit "COMMIT" query via underlying driver
prisma:query SELECT `main`.`calorie_banks`.`id` FROM `main`.`calorie_banks` WHERE (`main`.`calorie_banks`.`userId` = ? AND 1=1) LIMIT ? OFFSET ?
prisma:query INSERT INTO `main`.`calorie_banks` (`id`, `userId`, `currentBalance`, `totalBanked`, `totalSpent`, `dailyTarget`, `weeklyAverage`, `allowNegative`, `expireAfterDays`, `createdAt`, `updatedAt`) VALUES (?,?,?,?,?,?,?,?,?,?,?) RETURNING `id` AS `id`
prisma:query SELECT `main`.`calorie_banks`.`id`, `main`.`calorie_banks`.`userId`, `main`.`calorie_banks`.`currentBalance`, `main`.`calorie_banks`.`totalBanked`, `main`.`calorie_banks`.`totalSpent`, `main`.`calorie_banks`.`dailyTarget`, `main`.`calorie_banks`.`weeklyAverage`, `main`.`calorie_banks`.`recommendedSpend`, `main`.`calorie_banks`.`spendByDate`, `main`.`calorie_banks`.`allowNegative`, `main`.`calorie_banks`.`expireAfterDays`, `main`.`calorie_banks`.`createdAt`, `main`.`calorie_banks`.`updatedAt` FROM `main`.`calorie_banks` WHERE `main`.`calorie_banks`.`id` = ? LIMIT ? OFFSET ?
prisma:query -- Implicit "COMMIT" query via underlying driver
 POST /api/test-auth 200 in 37ms (next.js: 1948µs, application-code: 35ms)
 GET /onboarding 200 in 58ms (next.js: 7ms, application-code: 51ms)
 GET /onboarding 200 in 55ms (next.js: 3ms, application-code: 52ms)
[browser] Clerk: Clerk has been loaded with development keys. Development instances have strict usage limits and should not be used when deploying your application to production. Learn more: https://clerk.com/docs/deployments/overview (https://present-lizard-1.clerk.accounts.dev/npm/@clerk/clerk-js@6/dist/clerk.browser.js:12:3226)
[initialize] Headers received: {
  'X-Test-User-Id': 'cmnb37ebo004ohsudh19nrz1w',
  'Content-Type': 'application/json'
}
[initialize] NODE_ENV: development
[initialize] Using test user ID: cmnb37ebo004ohsudh19nrz1w
[initialize] Activity level mapping: MODERATELY_ACTIVE -> MODERATE
prisma:query INSERT INTO `main`.`user_profiles` (`id`, `userId`, `heightCm`, `birthDate`, `gender`, `goalWeightKg`, `targetDate`, `activityLevel`, `timezone`, `createdAt`, `updatedAt`) VALUES (?,?,?,?,?,?,?,?,?,?,?) ON CONFLICT  (`userId`) DO UPDATE SET `heightCm` = ?, `birthDate` = ?, `gender` = ?, `goalWeightKg` = ?, `targetDate` = ?, `activityLevel` = ?, `timezone` = ?, `updatedAt` = ? WHERE (`main`.`user_profiles`.`userId` = ? AND 1=1) RETURNING `id` AS `id`, `userId` AS `userId`, `heightCm` AS `heightCm`, `birthDate` AS `birthDate`, `gender` AS `gender`, `goalWeightKg` AS `goalWeightKg`, `targetDate` AS `targetDate`, `activityLevel` AS `activityLevel`, `timezone` AS `timezone`, `createdAt` AS `createdAt`, `updatedAt` AS `updatedAt`
prisma:query INSERT INTO `main`.`metabolic_profiles` (`id`, `userId`, `trueMetabolicRate`, `bmrEstimate`, `adaptiveFactor`, `weightChangeFactor`, `predictionAccuracy`, `predictionsMade`, `predictionsCorrect`, `lastCalculatedAt`, `calculationMethod`, `createdAt`, `updatedAt`) VALUES (?,?,?,?,?,?,?,?,?,?,?,?,?) ON CONFLICT  (`userId`) DO UPDATE SET `trueMetabolicRate` = ?, `bmrEstimate` = ?, `lastCalculatedAt` = ?, `updatedAt` = ? WHERE (`main`.`metabolic_profiles`.`userId` = ? AND 1=1) RETURNING `id` AS `id`, `userId` AS `userId`, `trueMetabolicRate` AS `trueMetabolicRate`, `bmrEstimate` AS `bmrEstimate`, `adaptiveFactor` AS `adaptiveFactor`, `weightChangeFactor` AS `weightChangeFactor`, `predictionAccuracy` AS `predictionAccuracy`, `predictionsMade` AS `predictionsMade`, `predictionsCorrect` AS `predictionsCorrect`, `lastCalculatedAt` AS `lastCalculatedAt`, `calculationMethod` AS `calculationMethod`, `createdAt` AS `createdAt`, `updatedAt` AS `updatedAt`
prisma:query INSERT INTO `main`.`calorie_banks` (`id`, `userId`, `currentBalance`, `totalBanked`, `totalSpent`, `dailyTarget`, `weeklyAverage`, `allowNegative`, `expireAfterDays`, `createdAt`, `updatedAt`) VALUES (?,?,?,?,?,?,?,?,?,?,?) ON CONFLICT  (`userId`) DO UPDATE SET `dailyTarget` = ?, `allowNegative` = ?, `updatedAt` = ? WHERE (`main`.`calorie_banks`.`userId` = ? AND 1=1) RETURNING `id` AS `id`, `userId` AS `userId`, `currentBalance` AS `currentBalance`, `totalBanked` AS `totalBanked`, `totalSpent` AS `totalSpent`, `dailyTarget` AS `dailyTarget`, `weeklyAverage` AS `weeklyAverage`, `recommendedSpend` AS `recommendedSpend`, `spendByDate` AS `spendByDate`, `allowNegative` AS `allowNegative`, `expireAfterDays` AS `expireAfterDays`, `createdAt` AS `createdAt`, `updatedAt` AS `updatedAt`
prisma:query INSERT INTO `main`.`weight_entries` (`id`, `userId`, `weightKg`, `date`, `source`) VALUES (?,?,?,?,?) RETURNING `id` AS `id`, `userId` AS `userId`, `weightKg` AS `weightKg`, `date` AS `date`, `source` AS `source`
 POST /api/user/initialize 200 in 29ms (next.js: 2ms, application-code: 27ms)
⨯ Error: Clerk: clerkMiddleware() was not run, your middleware or proxy file might be misplaced. Move your middleware or proxy file to ./middleware.ts. Currently located at ./app/middleware.ts
    at async DashboardPage (app\dashboard\page.tsx:106:24)
  104 |     console.log("[dashboard] Using test user ID from query param:", userId);
  105 |   } else {
> 106 |     const authResult = await auth();
      |                        ^
  107 |     userId = authResult.userId;
  108 |     console.log("[dashboard] Using Clerk auth user ID:", userId);
  109 |   } {
  digest: '3228546973'
}
 GET /dashboard 200 in 41ms (next.js: 3ms, application-code: 39ms)
[browser] Uncaught Error: Clerk: clerkMiddleware() was not run, your middleware or proxy file might be misplaced. Move your middleware or proxy file to ./middleware.ts. Currently located at ./app/middleware.ts
    at <anonymous> (node_modules\@clerk\nextjs\src\server\createGetAuth.ts:44:17)
    at  auth (node_modules\@clerk\nextjs\src\app-router\server\auth.ts:96:24)
    at  DashboardPage (app\dashboard\page.tsx:106:24)
  42 |
  43 |         if (missConfiguredMiddlewareLocation) {
> 44 |           throw new Error(missConfiguredMiddlewareLocation);
     |                 ^
  45 |         }
  46 |
  47 |         // still throw there is no suggested move location
[dashboard] Using test user ID from query param: cmnb37ebo004ohsudh19nrz1w
prisma:query SELECT `main`.`calorie_banks`.`id` FROM `main`.`calorie_banks` WHERE (`main`.`calorie_banks`.`userId` = ? AND 1=1) LIMIT ? OFFSET ?
prisma:query SELECT `main`.`daily_logs`.`id`, `main`.`daily_logs`.`userId`, `main`.`daily_logs`.`date`, `main`.`daily_logs`.`caloriesConsumed`, `main`.`daily_logs`.`proteinG`, `main`.`daily_logs`.`carbsG`, `main`.`daily_logs`.`fatG`, `main`.`daily_logs`.`fiberG`, `main`.`daily_logs`.`calorieTarget`, `main`.`daily_logs`.`caloriesBurned`, `main`.`daily_logs`.`exerciseMinutes`, `main`.`daily_logs`.`bankedAmount`, `main`.`daily_logs`.`waterMl` FROM `main`.`daily_logs` WHERE (`main`.`daily_logs`.`userId` = ? AND `main`.`daily_logs`.`date` >= ? AND `main`.`daily_logs`.`date` < ?) LIMIT ? OFFSET ?
prisma:query SELECT `main`.`bank_transactions`.`id`, `main`.`bank_transactions`.`bankId`, `main`.`bank_transactions`.`type`, `main`.`bank_transactions`.`amount`, `main`.`bank_transactions`.`reason`, `main`.`bank_transactions`.`caloriesConsumed`, `main`.`bank_transactions`.`caloriesTarget`, `main`.`bank_transactions`.`weightAtTime`, `main`.`bank_transactions`.`llmAdvice`, `main`.`bank_transactions`.`userFollowed`, `main`.`bank_transactions`.`sourceId`, `main`.`bank_transactions`.`sourceType`, `main`.`bank_transactions`.`createdAt` FROM `main`.`bank_transactions` WHERE `main`.`bank_transactions`.`bankId` = ? ORDER BY `main`.`bank_transactions`.`createdAt` DESC LIMIT ? OFFSET ?
prisma:query SELECT `main`.`weight_entries`.`id`, `main`.`weight_entries`.`userId`, `main`.`weight_entries`.`weightKg`, `main`.`weight_entries`.`date`, `main`.`weight_entries`.`source` FROM `main`.`weight_entries` WHERE `main`.`weight_entries`.`userId` = ? ORDER BY `main`.`weight_entries`.`date` DESC LIMIT ? OFFSET ?
prisma:query SELECT `main`.`meals`.`id`, `main`.`meals`.`dailyLogId`, `main`.`meals`.`name`, `main`.`meals`.`mealType`, `main`.`meals`.`calories`, `main`.`meals`.`proteinG`, `main`.`meals`.`carbsG`, `main`.`meals`.`fatG`, `main`.`meals`.`source`, `main`.`meals`.`aiConfidence`, `main`.`meals`.`createdAt` FROM `main`.`meals` WHERE `main`.`meals`.`dailyLogId` IN (NULL) LIMIT ? OFFSET ?
prisma:query SELECT `main`.`user_profiles`.`id`, `main`.`user_profiles`.`userId`, `main`.`user_profiles`.`heightCm`, `main`.`user_profiles`.`birthDate`, `main`.`user_profiles`.`gender`, `main`.`user_profiles`.`goalWeightKg`, `main`.`user_profiles`.`targetDate`, `main`.`user_profiles`.`activityLevel`, `main`.`user_profiles`.`timezone`, `main`.`user_profiles`.`createdAt`, `main`.`user_profiles`.`updatedAt` FROM `main`.`user_profiles` WHERE (`main`.`user_profiles`.`userId` = ? AND 1=1) LIMIT ? OFFSET ?
prisma:query SELECT `main`.`calorie_banks`.`id`, `main`.`calorie_banks`.`userId`, `main`.`calorie_banks`.`currentBalance`, `main`.`calorie_banks`.`totalBanked`, `main`.`calorie_banks`.`totalSpent`, `main`.`calorie_banks`.`dailyTarget`, `main`.`calorie_banks`.`weeklyAverage`, `main`.`calorie_banks`.`recommendedSpend`, `main`.`calorie_banks`.`spendByDate`, `main`.`calorie_banks`.`allowNegative`, `main`.`calorie_banks`.`expireAfterDays`, `main`.`calorie_banks`.`createdAt`, `main`.`calorie_banks`.`updatedAt` FROM `main`.`calorie_banks` WHERE (`main`.`calorie_banks`.`userId` = ? AND 1=1) LIMIT ? OFFSET ?
prisma:query SELECT `main`.`metabolic_profiles`.`id`, `main`.`metabolic_profiles`.`userId`, `main`.`metabolic_profiles`.`trueMetabolicRate`, `main`.`metabolic_profiles`.`bmrEstimate`, `main`.`metabolic_profiles`.`adaptiveFactor`, `main`.`metabolic_profiles`.`weightChangeFactor`, `main`.`metabolic_profiles`.`predictionAccuracy`, `main`.`metabolic_profiles`.`predictionsMade`, `main`.`metabolic_profiles`.`predictionsCorrect`, `main`.`metabolic_profiles`.`lastCalculatedAt`, `main`.`metabolic_profiles`.`calculationMethod`, `main`.`metabolic_profiles`.`createdAt`, `main`.`metabolic_profiles`.`updatedAt` FROM `main`.`metabolic_profiles` WHERE (`main`.`metabolic_profiles`.`userId` = ? AND 1=1) LIMIT ? OFFSET ?
 GET /dashboard?test-user-id=cmnb37ebo004ohsudh19nrz1w 200 in 117ms (next.js: 3ms, application-code: 114ms)
[browser] Clerk: Clerk has been loaded with development keys. Development instances have strict usage limits and should not be used when deploying your application to production. Learn more: https://clerk.com/docs/deployments/overview (https://present-lizard-1.clerk.accounts.dev/npm/@clerk/clerk-js@6/dist/clerk.browser.js:12:3226)
[dashboard] Using test user ID from query param: cmnb37ebo004ohsudh19nrz1w
prisma:query SELECT `main`.`calorie_banks`.`id` FROM `main`.`calorie_banks` WHERE (`main`.`calorie_banks`.`userId` = ? AND 1=1) LIMIT ? OFFSET ?
prisma:query SELECT `main`.`daily_logs`.`id`, `main`.`daily_logs`.`userId`, `main`.`daily_logs`.`date`, `main`.`daily_logs`.`caloriesConsumed`, `main`.`daily_logs`.`proteinG`, `main`.`daily_logs`.`carbsG`, `main`.`daily_logs`.`fatG`, `main`.`daily_logs`.`fiberG`, `main`.`daily_logs`.`calorieTarget`, `main`.`daily_logs`.`caloriesBurned`, `main`.`daily_logs`.`exerciseMinutes`, `main`.`daily_logs`.`bankedAmount`, `main`.`daily_logs`.`waterMl` FROM `main`.`daily_logs` WHERE (`main`.`daily_logs`.`userId` = ? AND `main`.`daily_logs`.`date` >= ? AND `main`.`daily_logs`.`date` < ?) LIMIT ? OFFSET ?
prisma:query SELECT `main`.`bank_transactions`.`id`, `main`.`bank_transactions`.`bankId`, `main`.`bank_transactions`.`type`, `main`.`bank_transactions`.`amount`, `main`.`bank_transactions`.`reason`, `main`.`bank_transactions`.`caloriesConsumed`, `main`.`bank_transactions`.`caloriesTarget`, `main`.`bank_transactions`.`weightAtTime`, `main`.`bank_transactions`.`llmAdvice`, `main`.`bank_transactions`.`userFollowed`, `main`.`bank_transactions`.`sourceId`, `main`.`bank_transactions`.`sourceType`, `main`.`bank_transactions`.`createdAt` FROM `main`.`bank_transactions` WHERE `main`.`bank_transactions`.`bankId` = ? ORDER BY `main`.`bank_transactions`.`createdAt` DESC LIMIT ? OFFSET ?
prisma:query SELECT `main`.`weight_entries`.`id`, `main`.`weight_entries`.`userId`, `main`.`weight_entries`.`weightKg`, `main`.`weight_entries`.`date`, `main`.`weight_entries`.`source` FROM `main`.`weight_entries` WHERE `main`.`weight_entries`.`userId` = ? ORDER BY `main`.`weight_entries`.`date` DESC LIMIT ? OFFSET ?
prisma:query SELECT `main`.`meals`.`id`, `main`.`meals`.`dailyLogId`, `main`.`meals`.`name`, `main`.`meals`.`mealType`, `main`.`meals`.`calories`, `main`.`meals`.`proteinG`, `main`.`meals`.`carbsG`, `main`.`meals`.`fatG`, `main`.`meals`.`source`, `main`.`meals`.`aiConfidence`, `main`.`meals`.`createdAt` FROM `main`.`meals` WHERE `main`.`meals`.`dailyLogId` IN (NULL) LIMIT ? OFFSET ?
prisma:query SELECT `main`.`user_profiles`.`id`, `main`.`user_profiles`.`userId`, `main`.`user_profiles`.`heightCm`, `main`.`user_profiles`.`birthDate`, `main`.`user_profiles`.`gender`, `main`.`user_profiles`.`goalWeightKg`, `main`.`user_profiles`.`targetDate`, `main`.`user_profiles`.`activityLevel`, `main`.`user_profiles`.`timezone`, `main`.`user_profiles`.`createdAt`, `main`.`user_profiles`.`updatedAt` FROM `main`.`user_profiles` WHERE (`main`.`user_profiles`.`userId` = ? AND 1=1) LIMIT ? OFFSET ?
prisma:query SELECT `main`.`calorie_banks`.`id`, `main`.`calorie_banks`.`userId`, `main`.`calorie_banks`.`currentBalance`, `main`.`calorie_banks`.`totalBanked`, `main`.`calorie_banks`.`totalSpent`, `main`.`calorie_banks`.`dailyTarget`, `main`.`calorie_banks`.`weeklyAverage`, `main`.`calorie_banks`.`recommendedSpend`, `main`.`calorie_banks`.`spendByDate`, `main`.`calorie_banks`.`allowNegative`, `main`.`calorie_banks`.`expireAfterDays`, `main`.`calorie_banks`.`createdAt`, `main`.`calorie_banks`.`updatedAt` FROM `main`.`calorie_banks` WHERE (`main`.`calorie_banks`.`userId` = ? AND 1=1) LIMIT ? OFFSET ?
prisma:query SELECT `main`.`metabolic_profiles`.`id`, `main`.`metabolic_profiles`.`userId`, `main`.`metabolic_profiles`.`trueMetabolicRate`, `main`.`metabolic_profiles`.`bmrEstimate`, `main`.`metabolic_profiles`.`adaptiveFactor`, `main`.`metabolic_profiles`.`weightChangeFactor`, `main`.`metabolic_profiles`.`predictionAccuracy`, `main`.`metabolic_profiles`.`predictionsMade`, `main`.`metabolic_profiles`.`predictionsCorrect`, `main`.`metabolic_profiles`.`lastCalculatedAt`, `main`.`metabolic_profiles`.`calculationMethod`, `main`.`metabolic_profiles`.`createdAt`, `main`.`metabolic_profiles`.`updatedAt` FROM `main`.`metabolic_profiles` WHERE (`main`.`metabolic_profiles`.`userId` = ? AND 1=1) LIMIT ? OFFSET ?
 GET /dashboard?test-user-id=cmnb37ebo004ohsudh19nrz1w 200 in 98ms (next.js: 3ms, application-code: 95ms)
[browser] Clerk: Clerk has been loaded with development keys. Development instances have strict usage limits and should not be used when deploying your application to production. Learn more: https://clerk.com/docs/deployments/overview (https://present-lizard-1.clerk.accounts.dev/npm/@clerk/clerk-js@6/dist/clerk.browser.js:12:3226)
Error logging meal: Error: Clerk: clerkMiddleware() was not run, your middleware or proxy file might be misplaced. Move your middleware or proxy file to ./middleware.ts. Currently located at ./app/middleware.ts
    at async POST (app\api\meals\route.ts:8:24)
   6 | export async function POST(req: NextRequest) {
   7 |   try {
>  8 |     const { userId } = await auth();
     |                        ^
   9 |     if (!userId) {
  10 |       return NextResponse.json({ error: "Unauthorized" }, { status: 401 });
  11 |     }
 POST /api/meals 500 in 222ms (next.js: 73ms, application-code: 149ms)
[browser] Failed to log meal: Error: Failed to log meal
    at handleConfirm (app/dashboard/_components/QuickLogClient.tsx:122:15)
  120 |
  121 |       if (!response.ok) {
> 122 |         throw new Error("Failed to log meal");
      |               ^
  123 |       }
  124 |
  125 |       setInput(""); (app/dashboard/_components/QuickLogClient.tsx:131:15)
 GET / 200 in 216ms (next.js: 173ms, application-code: 43ms)
 GET / 200 in 42ms (next.js: 2ms, application-code: 40ms)
prisma:query SELECT `main`.`users`.`id` FROM `main`.`users` WHERE (`main`.`users`.`email` = ? AND 1=1) LIMIT ? OFFSET ?
prisma:query INSERT INTO `main`.`users` (`id`, `email`, `createdAt`, `updatedAt`) VALUES (?,?,?,?) RETURNING `id` AS `id`
prisma:query SELECT `main`.`users`.`id`, `main`.`users`.`email`, `main`.`users`.`name`, `main`.`users`.`createdAt`, `main`.`users`.`updatedAt` FROM `main`.`users` WHERE `main`.`users`.`id` = ? LIMIT ? OFFSET ?
prisma:query -- Implicit "COMMIT" query via underlying driver
prisma:query SELECT `main`.`user_profiles`.`id` FROM `main`.`user_profiles` WHERE (`main`.`user_profiles`.`userId` = ? AND 1=1) LIMIT ? OFFSET ?
prisma:query INSERT INTO `main`.`user_profiles` (`id`, `userId`, `heightCm`, `gender`, `goalWeightKg`, `activityLevel`, `timezone`, `createdAt`, `updatedAt`) VALUES (?,?,?,?,?,?,?,?,?) RETURNING `id` AS `id`
prisma:query SELECT `main`.`user_profiles`.`id`, `main`.`user_profiles`.`userId`, `main`.`user_profiles`.`heightCm`, `main`.`user_profiles`.`birthDate`, `main`.`user_profiles`.`gender`, `main`.`user_profiles`.`goalWeightKg`, `main`.`user_profiles`.`targetDate`, `main`.`user_profiles`.`activityLevel`, `main`.`user_profiles`.`timezone`, `main`.`user_profiles`.`createdAt`, `main`.`user_profiles`.`updatedAt` FROM `main`.`user_profiles` WHERE `main`.`user_profiles`.`id` = ? LIMIT ? OFFSET ?
prisma:query -- Implicit "COMMIT" query via underlying driver
prisma:query SELECT `main`.`metabolic_profiles`.`id` FROM `main`.`metabolic_profiles` WHERE (`main`.`metabolic_profiles`.`userId` = ? AND 1=1) LIMIT ? OFFSET ?
prisma:query INSERT INTO `main`.`metabolic_profiles` (`id`, `userId`, `trueMetabolicRate`, `bmrEstimate`, `adaptiveFactor`, `weightChangeFactor`, `predictionAccuracy`, `predictionsMade`, `predictionsCorrect`, `lastCalculatedAt`, `calculationMethod`, `createdAt`, `updatedAt`) VALUES (?,?,?,?,?,?,?,?,?,?,?,?,?) RETURNING `id` AS `id`
prisma:query SELECT `main`.`metabolic_profiles`.`id`, `main`.`metabolic_profiles`.`userId`, `main`.`metabolic_profiles`.`trueMetabolicRate`, `main`.`metabolic_profiles`.`bmrEstimate`, `main`.`metabolic_profiles`.`adaptiveFactor`, `main`.`metabolic_profiles`.`weightChangeFactor`, `main`.`metabolic_profiles`.`predictionAccuracy`, `main`.`metabolic_profiles`.`predictionsMade`, `main`.`metabolic_profiles`.`predictionsCorrect`, `main`.`metabolic_profiles`.`lastCalculatedAt`, `main`.`metabolic_profiles`.`calculationMethod`, `main`.`metabolic_profiles`.`createdAt`, `main`.`metabolic_profiles`.`updatedAt` FROM `main`.`metabolic_profiles` WHERE `main`.`metabolic_profiles`.`id` = ? LIMIT ? OFFSET ?
prisma:query -- Implicit "COMMIT" query via underlying driver
prisma:query SELECT `main`.`calorie_banks`.`id` FROM `main`.`calorie_banks` WHERE (`main`.`calorie_banks`.`userId` = ? AND 1=1) LIMIT ? OFFSET ?
prisma:query INSERT INTO `main`.`calorie_banks` (`id`, `userId`, `currentBalance`, `totalBanked`, `totalSpent`, `dailyTarget`, `weeklyAverage`, `allowNegative`, `expireAfterDays`, `createdAt`, `updatedAt`) VALUES (?,?,?,?,?,?,?,?,?,?,?) RETURNING `id` AS `id`
prisma:query SELECT `main`.`calorie_banks`.`id`, `main`.`calorie_banks`.`userId`, `main`.`calorie_banks`.`currentBalance`, `main`.`calorie_banks`.`totalBanked`, `main`.`calorie_banks`.`totalSpent`, `main`.`calorie_banks`.`dailyTarget`, `main`.`calorie_banks`.`weeklyAverage`, `main`.`calorie_banks`.`recommendedSpend`, `main`.`calorie_banks`.`spendByDate`, `main`.`calorie_banks`.`allowNegative`, `main`.`calorie_banks`.`expireAfterDays`, `main`.`calorie_banks`.`createdAt`, `main`.`calorie_banks`.`updatedAt` FROM `main`.`calorie_banks` WHERE `main`.`calorie_banks`.`id` = ? LIMIT ? OFFSET ?
prisma:query -- Implicit "COMMIT" query via underlying driver
 POST /api/test-auth 200 in 40ms (next.js: 2ms, application-code: 37ms)
 GET /onboarding 200 in 53ms (next.js: 4ms, application-code: 49ms)
 GET /onboarding 200 in 77ms (next.js: 3ms, application-code: 74ms)
[browser] Clerk: Clerk has been loaded with development keys. Development instances have strict usage limits and should not be used when deploying your application to production. Learn more: https://clerk.com/docs/deployments/overview (https://present-lizard-1.clerk.accounts.dev/npm/@clerk/clerk-js@6/dist/clerk.browser.js:12:3226)
[initialize] Headers received: {
  'X-Test-User-Id': 'cmnb3igz4004whsudv64e0wo7',
  'Content-Type': 'application/json'
}
[initialize] NODE_ENV: development
[initialize] Using test user ID: cmnb3igz4004whsudv64e0wo7
[initialize] Activity level mapping: MODERATELY_ACTIVE -> MODERATE
prisma:query INSERT INTO `main`.`user_profiles` (`id`, `userId`, `heightCm`, `birthDate`, `gender`, `goalWeightKg`, `targetDate`, `activityLevel`, `timezone`, `createdAt`, `updatedAt`) VALUES (?,?,?,?,?,?,?,?,?,?,?) ON CONFLICT  (`userId`) DO UPDATE SET `heightCm` = ?, `birthDate` = ?, `gender` = ?, `goalWeightKg` = ?, `targetDate` = ?, `activityLevel` = ?, `timezone` = ?, `updatedAt` = ? WHERE (`main`.`user_profiles`.`userId` = ? AND 1=1) RETURNING `id` AS `id`, `userId` AS `userId`, `heightCm` AS `heightCm`, `birthDate` AS `birthDate`, `gender` AS `gender`, `goalWeightKg` AS `goalWeightKg`, `targetDate` AS `targetDate`, `activityLevel` AS `activityLevel`, `timezone` AS `timezone`, `createdAt` AS `createdAt`, `updatedAt` AS `updatedAt`
prisma:query INSERT INTO `main`.`metabolic_profiles` (`id`, `userId`, `trueMetabolicRate`, `bmrEstimate`, `adaptiveFactor`, `weightChangeFactor`, `predictionAccuracy`, `predictionsMade`, `predictionsCorrect`, `lastCalculatedAt`, `calculationMethod`, `createdAt`, `updatedAt`) VALUES (?,?,?,?,?,?,?,?,?,?,?,?,?) ON CONFLICT  (`userId`) DO UPDATE SET `trueMetabolicRate` = ?, `bmrEstimate` = ?, `lastCalculatedAt` = ?, `updatedAt` = ? WHERE (`main`.`metabolic_profiles`.`userId` = ? AND 1=1) RETURNING `id` AS `id`, `userId` AS `userId`, `trueMetabolicRate` AS `trueMetabolicRate`, `bmrEstimate` AS `bmrEstimate`, `adaptiveFactor` AS `adaptiveFactor`, `weightChangeFactor` AS `weightChangeFactor`, `predictionAccuracy` AS `predictionAccuracy`, `predictionsMade` AS `predictionsMade`, `predictionsCorrect` AS `predictionsCorrect`, `lastCalculatedAt` AS `lastCalculatedAt`, `calculationMethod` AS `calculationMethod`, `createdAt` AS `createdAt`, `updatedAt` AS `updatedAt`
prisma:query INSERT INTO `main`.`calorie_banks` (`id`, `userId`, `currentBalance`, `totalBanked`, `totalSpent`, `dailyTarget`, `weeklyAverage`, `allowNegative`, `expireAfterDays`, `createdAt`, `updatedAt`) VALUES (?,?,?,?,?,?,?,?,?,?,?) ON CONFLICT  (`userId`) DO UPDATE SET `dailyTarget` = ?, `allowNegative` = ?, `updatedAt` = ? WHERE (`main`.`calorie_banks`.`userId` = ? AND 1=1) RETURNING `id` AS `id`, `userId` AS `userId`, `currentBalance` AS `currentBalance`, `totalBanked` AS `totalBanked`, `totalSpent` AS `totalSpent`, `dailyTarget` AS `dailyTarget`, `weeklyAverage` AS `weeklyAverage`, `recommendedSpend` AS `recommendedSpend`, `spendByDate` AS `spendByDate`, `allowNegative` AS `allowNegative`, `expireAfterDays` AS `expireAfterDays`, `createdAt` AS `createdAt`, `updatedAt` AS `updatedAt`
prisma:query INSERT INTO `main`.`weight_entries` (`id`, `userId`, `weightKg`, `date`, `source`) VALUES (?,?,?,?,?) RETURNING `id` AS `id`, `userId` AS `userId`, `weightKg` AS `weightKg`, `date` AS `date`, `source` AS `source`
 POST /api/user/initialize 200 in 32ms (next.js: 2ms, application-code: 30ms)
⨯ Error: Clerk: clerkMiddleware() was not run, your middleware or proxy file might be misplaced. Move your middleware or proxy file to ./middleware.ts. Currently located at ./app/middleware.ts
    at async DashboardPage (app\dashboard\page.tsx:106:24)
  104 |     console.log("[dashboard] Using test user ID from query param:", userId);
  105 |   } else {
> 106 |     const authResult = await auth();
      |                        ^
  107 |     userId = authResult.userId;
  108 |     console.log("[dashboard] Using Clerk auth user ID:", userId);
  109 |   } {
  digest: '3228546973'
}
 GET /dashboard 200 in 36ms (next.js: 3ms, application-code: 34ms)
[browser] Uncaught Error: Clerk: clerkMiddleware() was not run, your middleware or proxy file might be misplaced. Move your middleware or proxy file to ./middleware.ts. Currently located at ./app/middleware.ts
    at <anonymous> (node_modules\@clerk\nextjs\src\server\createGetAuth.ts:44:17)
    at  auth (node_modules\@clerk\nextjs\src\app-router\server\auth.ts:96:24)
    at  DashboardPage (app\dashboard\page.tsx:106:24)
  42 |
  43 |         if (missConfiguredMiddlewareLocation) {
> 44 |           throw new Error(missConfiguredMiddlewareLocation);
     |                 ^
  45 |         }
  46 |
  47 |         // still throw there is no suggested move location
[dashboard] Using test user ID from query param: cmnb3igz4004whsudv64e0wo7
prisma:query SELECT `main`.`calorie_banks`.`id` FROM `main`.`calorie_banks` WHERE (`main`.`calorie_banks`.`userId` = ? AND 1=1) LIMIT ? OFFSET ?
prisma:query SELECT `main`.`daily_logs`.`id`, `main`.`daily_logs`.`userId`, `main`.`daily_logs`.`date`, `main`.`daily_logs`.`caloriesConsumed`, `main`.`daily_logs`.`proteinG`, `main`.`daily_logs`.`carbsG`, `main`.`daily_logs`.`fatG`, `main`.`daily_logs`.`fiberG`, `main`.`daily_logs`.`calorieTarget`, `main`.`daily_logs`.`caloriesBurned`, `main`.`daily_logs`.`exerciseMinutes`, `main`.`daily_logs`.`bankedAmount`, `main`.`daily_logs`.`waterMl` FROM `main`.`daily_logs` WHERE (`main`.`daily_logs`.`userId` = ? AND `main`.`daily_logs`.`date` >= ? AND `main`.`daily_logs`.`date` < ?) LIMIT ? OFFSET ?
prisma:query SELECT `main`.`bank_transactions`.`id`, `main`.`bank_transactions`.`bankId`, `main`.`bank_transactions`.`type`, `main`.`bank_transactions`.`amount`, `main`.`bank_transactions`.`reason`, `main`.`bank_transactions`.`caloriesConsumed`, `main`.`bank_transactions`.`caloriesTarget`, `main`.`bank_transactions`.`weightAtTime`, `main`.`bank_transactions`.`llmAdvice`, `main`.`bank_transactions`.`userFollowed`, `main`.`bank_transactions`.`sourceId`, `main`.`bank_transactions`.`sourceType`, `main`.`bank_transactions`.`createdAt` FROM `main`.`bank_transactions` WHERE `main`.`bank_transactions`.`bankId` = ? ORDER BY `main`.`bank_transactions`.`createdAt` DESC LIMIT ? OFFSET ?
prisma:query SELECT `main`.`weight_entries`.`id`, `main`.`weight_entries`.`userId`, `main`.`weight_entries`.`weightKg`, `main`.`weight_entries`.`date`, `main`.`weight_entries`.`source` FROM `main`.`weight_entries` WHERE `main`.`weight_entries`.`userId` = ? ORDER BY `main`.`weight_entries`.`date` DESC LIMIT ? OFFSET ?
prisma:query SELECT `main`.`meals`.`id`, `main`.`meals`.`dailyLogId`, `main`.`meals`.`name`, `main`.`meals`.`mealType`, `main`.`meals`.`calories`, `main`.`meals`.`proteinG`, `main`.`meals`.`carbsG`, `main`.`meals`.`fatG`, `main`.`meals`.`source`, `main`.`meals`.`aiConfidence`, `main`.`meals`.`createdAt` FROM `main`.`meals` WHERE `main`.`meals`.`dailyLogId` IN (NULL) LIMIT ? OFFSET ?
prisma:query SELECT `main`.`user_profiles`.`id`, `main`.`user_profiles`.`userId`, `main`.`user_profiles`.`heightCm`, `main`.`user_profiles`.`birthDate`, `main`.`user_profiles`.`gender`, `main`.`user_profiles`.`goalWeightKg`, `main`.`user_profiles`.`targetDate`, `main`.`user_profiles`.`activityLevel`, `main`.`user_profiles`.`timezone`, `main`.`user_profiles`.`createdAt`, `main`.`user_profiles`.`updatedAt` FROM `main`.`user_profiles` WHERE (`main`.`user_profiles`.`userId` = ? AND 1=1) LIMIT ? OFFSET ?
prisma:query SELECT `main`.`calorie_banks`.`id`, `main`.`calorie_banks`.`userId`, `main`.`calorie_banks`.`currentBalance`, `main`.`calorie_banks`.`totalBanked`, `main`.`calorie_banks`.`totalSpent`, `main`.`calorie_banks`.`dailyTarget`, `main`.`calorie_banks`.`weeklyAverage`, `main`.`calorie_banks`.`recommendedSpend`, `main`.`calorie_banks`.`spendByDate`, `main`.`calorie_banks`.`allowNegative`, `main`.`calorie_banks`.`expireAfterDays`, `main`.`calorie_banks`.`createdAt`, `main`.`calorie_banks`.`updatedAt` FROM `main`.`calorie_banks` WHERE (`main`.`calorie_banks`.`userId` = ? AND 1=1) LIMIT ? OFFSET ?
prisma:query SELECT `main`.`metabolic_profiles`.`id`, `main`.`metabolic_profiles`.`userId`, `main`.`metabolic_profiles`.`trueMetabolicRate`, `main`.`metabolic_profiles`.`bmrEstimate`, `main`.`metabolic_profiles`.`adaptiveFactor`, `main`.`metabolic_profiles`.`weightChangeFactor`, `main`.`metabolic_profiles`.`predictionAccuracy`, `main`.`metabolic_profiles`.`predictionsMade`, `main`.`metabolic_profiles`.`predictionsCorrect`, `main`.`metabolic_profiles`.`lastCalculatedAt`, `main`.`metabolic_profiles`.`calculationMethod`, `main`.`metabolic_profiles`.`createdAt`, `main`.`metabolic_profiles`.`updatedAt` FROM `main`.`metabolic_profiles` WHERE (`main`.`metabolic_profiles`.`userId` = ? AND 1=1) LIMIT ? OFFSET ?
 GET /dashboard?test-user-id=cmnb3igz4004whsudv64e0wo7 200 in 108ms (next.js: 3ms, application-code: 105ms)
[browser] Clerk: Clerk has been loaded with development keys. Development instances have strict usage limits and should not be used when deploying your application to production. Learn more: https://clerk.com/docs/deployments/overview (https://present-lizard-1.clerk.accounts.dev/npm/@clerk/clerk-js@6/dist/clerk.browser.js:12:3226)
[dashboard] Using test user ID from query param: cmnb3igz4004whsudv64e0wo7
prisma:query SELECT `main`.`calorie_banks`.`id` FROM `main`.`calorie_banks` WHERE (`main`.`calorie_banks`.`userId` = ? AND 1=1) LIMIT ? OFFSET ?
prisma:query SELECT `main`.`daily_logs`.`id`, `main`.`daily_logs`.`userId`, `main`.`daily_logs`.`date`, `main`.`daily_logs`.`caloriesConsumed`, `main`.`daily_logs`.`proteinG`, `main`.`daily_logs`.`carbsG`, `main`.`daily_logs`.`fatG`, `main`.`daily_logs`.`fiberG`, `main`.`daily_logs`.`calorieTarget`, `main`.`daily_logs`.`caloriesBurned`, `main`.`daily_logs`.`exerciseMinutes`, `main`.`daily_logs`.`bankedAmount`, `main`.`daily_logs`.`waterMl` FROM `main`.`daily_logs` WHERE (`main`.`daily_logs`.`userId` = ? AND `main`.`daily_logs`.`date` >= ? AND `main`.`daily_logs`.`date` < ?) LIMIT ? OFFSET ?
prisma:query SELECT `main`.`bank_transactions`.`id`, `main`.`bank_transactions`.`bankId`, `main`.`bank_transactions`.`type`, `main`.`bank_transactions`.`amount`, `main`.`bank_transactions`.`reason`, `main`.`bank_transactions`.`caloriesConsumed`, `main`.`bank_transactions`.`caloriesTarget`, `main`.`bank_transactions`.`weightAtTime`, `main`.`bank_transactions`.`llmAdvice`, `main`.`bank_transactions`.`userFollowed`, `main`.`bank_transactions`.`sourceId`, `main`.`bank_transactions`.`sourceType`, `main`.`bank_transactions`.`createdAt` FROM `main`.`bank_transactions` WHERE `main`.`bank_transactions`.`bankId` = ? ORDER BY `main`.`bank_transactions`.`createdAt` DESC LIMIT ? OFFSET ?
prisma:query SELECT `main`.`weight_entries`.`id`, `main`.`weight_entries`.`userId`, `main`.`weight_entries`.`weightKg`, `main`.`weight_entries`.`date`, `main`.`weight_entries`.`source` FROM `main`.`weight_entries` WHERE `main`.`weight_entries`.`userId` = ? ORDER BY `main`.`weight_entries`.`date` DESC LIMIT ? OFFSET ?
prisma:query SELECT `main`.`meals`.`id`, `main`.`meals`.`dailyLogId`, `main`.`meals`.`name`, `main`.`meals`.`mealType`, `main`.`meals`.`calories`, `main`.`meals`.`proteinG`, `main`.`meals`.`carbsG`, `main`.`meals`.`fatG`, `main`.`meals`.`source`, `main`.`meals`.`aiConfidence`, `main`.`meals`.`createdAt` FROM `main`.`meals` WHERE `main`.`meals`.`dailyLogId` IN (NULL) LIMIT ? OFFSET ?
prisma:query SELECT `main`.`user_profiles`.`id`, `main`.`user_profiles`.`userId`, `main`.`user_profiles`.`heightCm`, `main`.`user_profiles`.`birthDate`, `main`.`user_profiles`.`gender`, `main`.`user_profiles`.`goalWeightKg`, `main`.`user_profiles`.`targetDate`, `main`.`user_profiles`.`activityLevel`, `main`.`user_profiles`.`timezone`, `main`.`user_profiles`.`createdAt`, `main`.`user_profiles`.`updatedAt` FROM `main`.`user_profiles` WHERE (`main`.`user_profiles`.`userId` = ? AND 1=1) LIMIT ? OFFSET ?
prisma:query SELECT `main`.`calorie_banks`.`id`, `main`.`calorie_banks`.`userId`, `main`.`calorie_banks`.`currentBalance`, `main`.`calorie_banks`.`totalBanked`, `main`.`calorie_banks`.`totalSpent`, `main`.`calorie_banks`.`dailyTarget`, `main`.`calorie_banks`.`weeklyAverage`, `main`.`calorie_banks`.`recommendedSpend`, `main`.`calorie_banks`.`spendByDate`, `main`.`calorie_banks`.`allowNegative`, `main`.`calorie_banks`.`expireAfterDays`, `main`.`calorie_banks`.`createdAt`, `main`.`calorie_banks`.`updatedAt` FROM `main`.`calorie_banks` WHERE (`main`.`calorie_banks`.`userId` = ? AND 1=1) LIMIT ? OFFSET ?
prisma:query SELECT `main`.`metabolic_profiles`.`id`, `main`.`metabolic_profiles`.`userId`, `main`.`metabolic_profiles`.`trueMetabolicRate`, `main`.`metabolic_profiles`.`bmrEstimate`, `main`.`metabolic_profiles`.`adaptiveFactor`, `main`.`metabolic_profiles`.`weightChangeFactor`, `main`.`metabolic_profiles`.`predictionAccuracy`, `main`.`metabolic_profiles`.`predictionsMade`, `main`.`metabolic_profiles`.`predictionsCorrect`, `main`.`metabolic_profiles`.`lastCalculatedAt`, `main`.`metabolic_profiles`.`calculationMethod`, `main`.`metabolic_profiles`.`createdAt`, `main`.`metabolic_profiles`.`updatedAt` FROM `main`.`metabolic_profiles` WHERE (`main`.`metabolic_profiles`.`userId` = ? AND 1=1) LIMIT ? OFFSET ?
 GET /dashboard?test-user-id=cmnb3igz4004whsudv64e0wo7 200 in 89ms (next.js: 3ms, application-code: 86ms)
[browser] Clerk: Clerk has been loaded with development keys. Development instances have strict usage limits and should not be used when deploying your application to production. Learn more: https://clerk.com/docs/deployments/overview (https://present-lizard-1.clerk.accounts.dev/npm/@clerk/clerk-js@6/dist/clerk.browser.js:12:3226)
Error logging meal: Error: Clerk: clerkMiddleware() was not run, your middleware or proxy file might be misplaced. Move your middleware or proxy file to ./middleware.ts. Currently located at ./app/middleware.ts
    at async POST (app\api\meals\route.ts:8:24)
   6 | export async function POST(req: NextRequest) {
   7 |   try {
>  8 |     const { userId } = await auth();
     |                        ^
   9 |     if (!userId) {
  10 |       return NextResponse.json({ error: "Unauthorized" }, { status: 401 });
  11 |     }
 POST /api/meals 500 in 187ms (next.js: 68ms, application-code: 120ms)
[browser] Failed to log meal: Error: Failed to log meal
    at handleConfirm (app/dashboard/_components/QuickLogClient.tsx:122:15)
  120 |
  121 |       if (!response.ok) {
> 122 |         throw new Error("Failed to log meal");
      |               ^
  123 |       }
  124 |
  125 |       setInput(""); (app/dashboard/_components/QuickLogClient.tsx:131:15)
